game_id,winner,p1_score,p2_score,p1_distance,p2_distance,turns,stalemate,locked_players
0,P2,24000,60000,16000,40000,80,0,0
1,P2,12000,64000,8000,40000,58,0,0
2,Stalemate,51000,8000,39000,4000,112,1,0
3,Stalemate,25000,50000,21000,38000,112,1,1
4,Stalemate,26000,45000,18000,37000,112,1,0
5,Stalemate,47000,13000,35000,9000,112,1,1
6,P1,64000,9000,40000,1000,77,0,1
7,P1,80000,22000,40000,18000,75,0,0
8,P2,20000,60000,12000,40000,46,0,0
9,P2,45000,64000,37000,40000,88,0,0
10,Stalemate,46000,23000,38000,15000,112,1,0
11,Stalemate,26000,44000,18000,36000,112,1,0
12,P1,68000,21000,40000,17000,81,0,0
13,P2,9000,64000,5000,40000,72,0,0
14,P2,32000,76000,28000,40000,84,0,0
15,P1,64000,31000,40000,27000,51,0,0
16,Stalemate,38000,39000,34000,27000,112,1,1
17,Stalemate,13000,49000,9000,37000,112,1,0
18,Stalemate,47000,22000,39000,14000,112,1,0
19,Stalemate,41000,26000,33000,18000,112,1,0
20,P1,56000,47000,40000,35000,79,0,0
21,Stalemate,11000,47000,3000,39000,112,1,0
22,Stalemate,22000,42000,10000,38000,112,1,0
23,Stalemate,51000,24000,39000,20000,112,1,0
24,Stalemate,24000,46000,16000,38000,112,1,0
25,Stalemate,47000,38000,39000,30000,112,1,1
26,Stalemate,27000,38000,19000,30000,112,1,0
27,P2,14000,68000,10000,40000,90,0,0
28,P2,7000,68000,3000,40000,82,0,0
29,P2,5000,60000,1000,40000,46,0,1
30,Stalemate,15000,62000,15000,34000,112,1,0
31,P2,25000,64000,17000,40000,92,0,0
32,Stalemate,20000,18000,12000,10000,112,1,0
33,P2,39000,56000,31000,40000,56,0,0
34,Stalemate,36000,18000,28000,10000,112,1,1
35,Stalemate,39000,40000,27000,36000,112,1,1
36,Stalemate,36000,49000,32000,37000,112,1,0
37,Stalemate,43000,48000,39000,36000,112,1,1
38,P2,4000,80000,0,40000,48,0,1
39,P1,64000,8000,40000,4000,63,0,1
40,Stalemate,23000,37000,15000,29000,112,1,0
41,Stalemate,36000,39000,24000,35000,112,1,0
42,Stalemate,40000,22000,36000,10000,112,1,1
43,Stalemate,16000,34000,12000,22000,112,1,1
44,Stalemate,40000,37000,36000,25000,112,1,1
45,Stalemate,31000,25000,19000,21000,112,1,0
46,Stalemate,37000,47000,29000,39000,112,1,0
47,Stalemate,1000,67000,1000,39000,112,1,0
48,P1,80000,12000,40000,0,97,0,0
49,Stalemate,56000,35000,28000,35000,112,1,0
50,P1,64000,36000,40000,28000,83,0,0
51,P1,64000,40000,40000,32000,89,0,0
52,Stalemate,43000,45000,39000,33000,112,1,0
53,Stalemate,51000,28000,39000,24000,112,1,0
54,P1,60000,30000,40000,26000,49,0,1
55,Stalemate,46000,27000,38000,19000,112,1,0
56,Stalemate,51000,33000,39000,29000,112,1,0
57,Stalemate,22000,32000,14000,24000,112,1,1
58,Stalemate,23000,38000,15000,30000,112,1,0
59,P1,64000,26000,40000,22000,43,0,0
60,Stalemate,43000,35000,39000,23000,112,1,0
61,P1,60000,14000,40000,10000,79,0,0
62,P1,84000,25000,40000,25000,53,0,0
63,Stalemate,38000,41000,30000,33000,112,1,0
64,P2,31000,68000,27000,40000,82,0,0
65,P2,47000,64000,39000,40000,96,0,0
66,P2,12000,68000,8000,40000,62,0,0
67,P1,96000,31000,40000,31000,69,0,0
68,Stalemate,28000,47000,20000,39000,112,1,0
69,Stalemate,34000,39000,22000,35000,112,1,0
70,Stalemate,35000,52000,35000,24000,112,1,0
71,Stalemate,31000,46000,23000,38000,112,1,1
72,Stalemate,51000,18000,39000,14000,112,1,0
73,P2,16000,68000,16000,40000,70,0,0
74,P1,56000,21000,40000,21000,43,0,0
75,Stalemate,39000,51000,35000,39000,112,1,1
76,Stalemate,16000,28000,12000,16000,112,1,0
77,Stalemate,47000,30000,39000,22000,112,1,0
78,P2,4000,88000,0,40000,66,0,1
79,P2,48000,72000,36000,40000,100,0,0
80,Stalemate,31000,18000,19000,14000,112,1,0
81,P1,64000,32000,40000,28000,91,0,0
82,P2,30000,76000,26000,40000,60,0,0
83,P2,41000,60000,29000,40000,96,0,0
84,Stalemate,21000,34000,13000,26000,112,1,0
85,P2,16000,68000,12000,40000,74,0,0
86,P1,76000,22000,40000,22000,67,0,1
87,P2,26000,80000,22000,40000,100,0,0
88,P1,60000,23000,40000,15000,67,0,0
89,P1,72000,25000,40000,21000,65,0,1
90,Stalemate,40000,26000,28000,22000,112,1,0
91,Stalemate,40000,24000,32000,16000,112,1,0
92,Stalemate,45000,39000,37000,31000,112,1,0
93,Stalemate,16000,51000,12000,39000,112,1,0
94,Stalemate,33000,16000,25000,8000,112,1,0
95,Stalemate,49000,26000,37000,22000,112,1,0
96,Stalemate,21000,40000,9000,36000,112,1,1
97,Stalemate,48000,31000,36000,27000,112,1,0
98,P2,29000,84000,29000,40000,86,0,1
99,Stalemate,13000,21000,9000,9000,112,1,0
100,P2,46000,64000,38000,40000,84,0,1
101,Stalemate,33000,22000,21000,18000,112,1,0
102,Stalemate,12000,13000,0,9000,112,1,1
103,Stalemate,11000,29000,3000,21000,112,1,0
104,Stalemate,38000,67000,38000,39000,112,1,0
105,P2,8000,92000,0,40000,82,0,0
106,P1,60000,9000,40000,5000,51,0,1
107,Stalemate,54000,39000,26000,39000,112,1,1
108,Stalemate,25000,34000,17000,26000,112,1,1
109,P2,41000,60000,29000,40000,80,0,0
110,Stalemate,42000,15000,34000,7000,112,1,0
111,Stalemate,47000,18000,35000,14000,112,1,0
112,Stalemate,50000,18000,38000,14000,112,1,0
113,Stalemate,47000,40000,39000,32000,112,1,1
114,P1,68000,24000,40000,20000,83,0,0
115,P1,72000,23000,40000,15000,83,0,0
116,P1,60000,20000,40000,20000,53,0,0
117,Stalemate,46000,32000,38000,24000,112,1,1
118,Stalemate,25000,32000,13000,28000,112,1,1
119,Stalemate,35000,63000,35000,35000,112,1,1
120,P2,29000,68000,29000,40000,76,0,0
121,P1,64000,32000,40000,24000,99,0,0
122,Stalemate,35000,51000,31000,39000,112,1,0
123,Stalemate,43000,51000,39000,39000,112,1,1
124,Stalemate,14000,42000,6000,34000,112,1,1
125,Stalemate,39000,31000,27000,27000,112,1,0
126,Stalemate,48000,42000,36000,38000,112,1,0
127,Stalemate,14000,47000,2000,31000,111,1,1
128,P1,60000,24000,40000,20000,67,0,0
129,Stalemate,33000,38000,21000,34000,112,1,1
130,Stalemate,17000,22000,13000,10000,112,1,1
131,Stalemate,15000,22000,7000,14000,112,1,1
132,P1,80000,29000,40000,29000,61,0,0
133,Stalemate,41000,13000,21000,5000,111,1,0
134,P2,51000,56000,39000,40000,82,0,0
135,Stalemate,30000,52000,30000,24000,112,1,1
136,Stalemate,37000,21000,29000,13000,112,1,0
137,P2,34000,60000,22000,40000,94,0,0
138,Stalemate,37000,25000,25000,21000,112,1,1
139,Stalemate,33000,42000,25000,34000,112,1,0
140,P1,68000,12000,40000,12000,67,0,0
141,P1,64000,15000,40000,15000,35,0,1
142,Stalemate,44000,41000,36000,33000,112,1,0
143,Stalemate,51000,30000,39000,26000,112,1,1
144,P2,31000,60000,23000,40000,58,0,0
145,Stalemate,48000,43000,36000,39000,112,1,0
146,Stalemate,41000,43000,33000,35000,112,1,0
147,P1,68000,10000,40000,6000,93,0,1
148,P1,64000,13000,40000,9000,73,0,1
149,Stalemate,35000,17000,27000,9000,112,1,1
150,Stalemate,31000,46000,31000,18000,112,1,1
151,P1,64000,29000,40000,25000,77,0,0
152,Stalemate,33000,39000,25000,31000,112,1,0
153,P2,26000,64000,18000,40000,98,0,0
154,P2,22000,60000,14000,40000,54,0,0
155,Stalemate,4000,39000,0,27000,112,1,0
156,Stalemate,37000,32000,29000,24000,112,1,0
157,Stalemate,18000,31000,10000,23000,112,1,1
158,P2,29000,68000,29000,40000,64,0,0
159,P1,60000,24000,40000,16000,51,0,0
160,P2,33000,64000,29000,40000,82,0,1
161,P1,60000,20000,40000,16000,51,0,1
162,P2,49000,60000,37000,40000,64,0,0
163,Stalemate,29000,23000,17000,19000,112,1,1
164,Stalemate,45000,20000,37000,12000,112,1,1
165,P2,8000,68000,8000,40000,62,0,0
166,Stalemate,47000,35000,39000,27000,112,1,1
167,P1,76000,29000,40000,25000,73,0,0
168,Stalemate,27000,46000,23000,34000,112,1,0
169,Stalemate,38000,47000,30000,39000,112,1,0
170,Stalemate,46000,38000,38000,30000,112,1,1
171,Stalemate,31000,36000,23000,28000,112,1,0
172,P1,64000,23000,40000,19000,55,0,0
173,P1,68000,42000,40000,38000,79,0,1
174,Stalemate,51000,16000,39000,12000,112,1,0
175,Stalemate,29000,19000,21000,11000,112,1,1
176,Stalemate,27000,49000,23000,37000,112,1,0
177,Stalemate,36000,32000,24000,28000,112,1,0
178,Stalemate,39000,29000,31000,21000,112,1,0
179,Stalemate,46000,26000,34000,22000,112,1,0
180,Stalemate,45000,43000,33000,39000,112,1,0
181,Stalemate,19000,56000,19000,28000,112,1,0
182,P1,68000,42000,40000,38000,97,0,0
183,Stalemate,35000,34000,27000,26000,112,1,0
184,Stalemate,44000,37000,32000,33000,112,1,0
185,P2,51000,60000,39000,40000,84,0,0
186,P2,41000,64000,33000,40000,78,0,0
187,Stalemate,37000,44000,33000,32000,112,1,0
188,Stalemate,38000,26000,34000,14000,112,1,0
189,P2,39000,80000,35000,40000,100,0,0
190,Stalemate,28000,29000,24000,17000,112,1,0
191,Stalemate,23000,5000,11000,1000,112,1,1
192,Stalemate,42000,50000,38000,38000,112,1,0
193,Stalemate,47000,44000,39000,36000,112,1,0
194,Stalemate,43000,30000,39000,18000,112,1,1
195,Stalemate,39000,50000,35000,38000,112,1,1
196,Stalemate,28000,39000,16000,35000,112,1,0
197,Stalemate,14000,51000,10000,39000,112,1,1
198,Stalemate,4000,54000,4000,26000,112,1,1
199,Stalemate,61000,17000,33000,17000,112,1,0
200,P2,35000,68000,31000,40000,82,0,0
201,P2,16000,96000,16000,40000,90,0,1
202,Stalemate,47000,17000,39000,9000,112,1,0
203,Stalemate,8000,50000,4000,38000,112,1,0
204,Stalemate,49000,30000,37000,26000,112,1,0
205,P2,29000,64000,21000,40000,58,0,0
206,P2,35000,64000,35000,40000,88,0,0
207,Stalemate,43000,47000,35000,39000,112,1,0
208,P1,64000,10000,40000,2000,99,0,0
209,P2,22000,64000,14000,40000,76,0,0
210,Stalemate,16000,51000,12000,39000,112,1,1
211,P2,31000,72000,19000,40000,96,0,0
212,Stalemate,36000,47000,28000,39000,112,1,1
213,Stalemate,43000,34000,39000,22000,112,1,0
214,P1,64000,14000,40000,6000,91,0,0
215,Stalemate,47000,40000,39000,32000,112,1,0
216,P1,56000,44000,40000,16000,91,0,0
217,Stalemate,38000,18000,30000,10000,112,1,0
218,Stalemate,25000,47000,17000,39000,112,1,0
219,P2,20000,84000,20000,40000,78,0,0
220,Stalemate,42000,47000,34000,39000,112,1,0
221,P1,68000,43000,40000,39000,93,0,0
222,P1,84000,32000,40000,32000,71,0,0
223,P1,60000,47000,40000,35000,89,0,0
224,Stalemate,46000,17000,38000,9000,112,1,1
225,P1,68000,35000,40000,31000,83,0,1
226,P2,42000,68000,38000,40000,76,0,0
227,Stalemate,41000,23000,29000,19000,112,1,0
228,Stalemate,54000,8000,26000,8000,112,1,0
229,Stalemate,43000,34000,39000,22000,112,1,1
230,P1,80000,43000,40000,39000,95,0,0
231,Stalemate,32000,61000,32000,33000,112,1,0
232,Stalemate,37000,41000,29000,33000,112,1,0
233,P1,64000,18000,40000,10000,85,0,0
234,P1,60000,37000,40000,29000,75,0,1
235,P1,76000,41000,40000,33000,87,0,0
236,Stalemate,37000,43000,29000,35000,112,1,1
237,Stalemate,43000,48000,39000,36000,112,1,0
238,Stalemate,31000,32000,23000,24000,112,1,0
239,P2,41000,60000,37000,40000,52,0,0
240,Stalemate,44000,47000,36000,39000,112,1,1
241,Stalemate,10000,16000,2000,8000,112,1,0
242,P1,68000,19000,40000,15000,81,0,0
243,P1,60000,12000,40000,8000,79,0,0
244,P1,68000,29000,40000,25000,95,0,0
245,Stalemate,38000,35000,34000,23000,112,1,0
246,P2,31000,64000,27000,40000,64,0,1
247,Stalemate,40000,12000,36000,0,112,1,1
248,P2,11000,60000,7000,40000,20,0,0
249,P1,80000,27000,40000,23000,95,0,1
250,Stalemate,23000,40000,15000,32000,112,1,1
251,P1,60000,8000,40000,4000,31,0,0
252,Stalemate,15000,41000,3000,37000,112,1,1
253,Stalemate,45000,32000,33000,28000,112,1,1
254,P2,4000,84000,0,40000,86,0,0
255,P2,27000,68000,23000,40000,86,0,0
256,P2,24000,64000,16000,40000,64,0,0
257,P2,46000,64000,38000,40000,88,0,0
258,P2,37000,60000,25000,40000,80,0,0
259,Stalemate,28000,47000,20000,39000,112,1,0
260,Stalemate,39000,45000,35000,33000,112,1,0
261,Stalemate,63000,35000,35000,35000,112,1,0
262,Stalemate,35000,39000,23000,35000,112,1,0
263,P2,25000,64000,17000,40000,56,0,0
264,P2,31000,68000,31000,40000,72,0,1
265,Stalemate,27000,33000,27000,5000,112,1,0
266,P1,84000,16000,40000,16000,95,0,0
267,Stalemate,41000,44000,33000,36000,112,1,0
268,P2,47000,60000,39000,40000,82,0,0
269,P1,60000,20000,40000,16000,49,0,0
270,Stalemate,47000,38000,39000,30000,112,1,0
271,Stalemate,14000,34000,10000,22000,112,1,0
272,Stalemate,32000,22000,24000,14000,112,1,0
273,P1,60000,16000,40000,16000,63,0,1
274,Stalemate,43000,36000,39000,24000,112,1,0
275,P2,48000,60000,36000,40000,98,0,0
276,Stalemate,39000,43000,27000,39000,112,1,0
277,Stalemate,8000,36000,0,28000,112,1,1
278,P2,37000,76000,29000,40000,100,0,0
279,Stalemate,24000,30000,16000,22000,112,1,1
280,P2,25000,60000,21000,40000,48,0,1
281,Stalemate,34000,50000,30000,38000,112,1,0
282,P2,29000,76000,25000,40000,84,0,0
283,Stalemate,23000,47000,15000,39000,112,1,0
284,P1,64000,32000,40000,24000,85,0,1
285,P1,72000,49000,40000,37000,95,0,0
286,Stalemate,6000,38000,2000,26000,112,1,0
287,Stalemate,27000,47000,19000,39000,112,1,0
288,P1,64000,20000,40000,16000,79,0,0
289,Stalemate,8000,47000,4000,35000,112,1,0
290,Stalemate,44000,28000,36000,20000,112,1,0
291,Stalemate,42000,25000,34000,17000,112,1,0
292,Stalemate,8000,51000,4000,39000,112,1,0
293,P1,60000,30000,40000,18000,91,0,0
294,P2,23000,68000,23000,40000,80,0,0
295,Stalemate,44000,38000,36000,30000,112,1,1
296,P1,64000,36000,40000,36000,71,0,0
297,Stalemate,23000,29000,19000,17000,112,1,1
298,Stalemate,50000,11000,38000,7000,112,1,0
299,Stalemate,29000,15000,21000,7000,112,1,0
300,Stalemate,38000,25000,34000,13000,112,1,0
301,P1,68000,27000,40000,23000,81,0,0
302,Stalemate,10000,26000,6000,14000,112,1,0
303,P1,60000,11000,40000,7000,55,0,1
304,P1,84000,27000,40000,27000,71,0,0
305,Stalemate,45000,33000,37000,25000,112,1,1
306,Stalemate,24000,23000,16000,15000,112,1,0
307,P2,34000,64000,26000,40000,76,0,0
308,P1,72000,24000,40000,16000,53,0,0
309,Stalemate,32000,26000,24000,18000,112,1,0
310,P2,50000,60000,38000,40000,96,0,0
311,Stalemate,36000,47000,28000,39000,112,1,0
312,Stalemate,51000,24000,39000,20000,112,1,0
313,P2,36000,56000,8000,40000,60,0,0
314,Stalemate,64000,36000,36000,36000,112,1,1
315,Stalemate,13000,46000,5000,38000,112,1,0
316,Stalemate,40000,18000,32000,10000,112,1,0
317,Stalemate,51000,45000,39000,29000,111,1,0
318,Stalemate,9000,39000,5000,27000,112,1,1
319,P2,12000,64000,8000,40000,42,0,1
320,Stalemate,22000,35000,14000,27000,112,1,0
321,Stalemate,25000,35000,21000,23000,112,1,0
322,P1,64000,37000,40000,33000,85,0,0
323,P2,16000,76000,8000,40000,87,0,0
324,P1,60000,47000,40000,35000,99,0,0
325,Stalemate,20000,46000,12000,38000,112,1,1
326,Stalemate,18000,43000,6000,39000,112,1,0
327,Stalemate,26000,13000,14000,9000,112,1,1
328,Stalemate,38000,36000,26000,32000,112,1,0
329,P1,68000,11000,40000,11000,91,0,0
330,Stalemate,50000,30000,38000,26000,112,1,1
331,P2,24000,64000,16000,40000,70,0,0
332,P2,13000,72000,1000,40000,68,0,0
333,Stalemate,47000,21000,39000,13000,112,1,0
334,Stalemate,41000,33000,33000,25000,112,1,0
335,Stalemate,47000,31000,39000,23000,112,1,0
336,P1,64000,32000,40000,28000,79,0,0
337,Stalemate,8000,50000,4000,38000,112,1,0
338,P2,30000,64000,22000,40000,74,0,0
339,P1,84000,28000,40000,28000,85,0,0
340,P1,64000,34000,40000,26000,93,0,0
341,P2,18000,68000,18000,40000,80,0,1
342,Stalemate,12000,12000,8000,0,112,1,1
343,Stalemate,25000,33000,17000,25000,112,1,1
344,Stalemate,38000,35000,34000,23000,112,1,0
345,Stalemate,43000,45000,39000,33000,112,1,1
346,P2,17000,68000,17000,40000,68,0,1
347,P1,76000,27000,40000,19000,67,0,0
348,P2,25000,68000,21000,40000,72,0,0
349,P2,11000,76000,7000,40000,86,0,1
350,P2,35000,92000,31000,40000,100,0,0
351,Stalemate,39000,29000,35000,17000,112,1,0
352,P1,64000,11000,40000,7000,65,0,1
353,Stalemate,49000,3000,21000,3000,112,1,0
354,Stalemate,39000,36000,31000,28000,112,1,0
355,P1,76000,42000,40000,38000,59,0,0
356,Stalemate,41000,50000,37000,38000,112,1,0
357,Stalemate,51000,22000,39000,18000,112,1,1
358,P1,64000,17000,40000,17000,53,0,0
359,P2,37000,56000,25000,40000,82,0,0
360,Stalemate,46000,21000,38000,13000,112,1,0
361,Stalemate,46000,24000,38000,16000,112,1,0
362,Stalemate,38000,37000,34000,25000,112,1,0
363,P2,24000,84000,24000,40000,88,0,0
364,P2,23000,68000,19000,40000,88,0,0
365,P2,15000,60000,11000,40000,86,0,0
366,P2,16000,84000,16000,40000,96,0,0
367,P2,43000,68000,39000,40000,86,0,0
368,Stalemate,42000,26000,34000,18000,112,1,1
369,Stalemate,17000,47000,9000,39000,112,1,1
370,Stalemate,46000,40000,38000,32000,112,1,0
371,Stalemate,51000,42000,39000,38000,112,1,0
372,Stalemate,40000,47000,32000,39000,112,1,0
373,Stalemate,33000,47000,25000,39000,112,1,0
374,P1,68000,17000,40000,13000,87,0,0
375,P1,60000,11000,40000,11000,55,0,0
376,Stalemate,39000,51000,35000,39000,112,1,0
377,Stalemate,20000,59000,12000,39000,111,1,0
378,P1,64000,5000,40000,1000,49,0,1
379,Stalemate,15000,43000,11000,31000,112,1,0
380,P2,21000,64000,17000,40000,66,0,0
381,Stalemate,18000,17000,10000,9000,112,1,1
382,Stalemate,29000,20000,21000,12000,112,1,1
383,P1,64000,11000,40000,7000,61,0,0
384,P1,84000,0,40000,0,59,0,1
385,P1,68000,33000,40000,29000,99,0,0
386,P1,76000,33000,40000,25000,87,0,0
387,P1,60000,9000,40000,9000,79,0,0
388,P2,15000,64000,15000,40000,82,0,0
389,Stalemate,17000,20000,9000,12000,112,1,1
390,Stalemate,9000,43000,1000,35000,112,1,1
391,Stalemate,25000,24000,17000,16000,112,1,1
392,Stalemate,20000,15000,8000,11000,112,1,1
393,Stalemate,24000,46000,20000,34000,112,1,0
394,Stalemate,49000,18000,37000,14000,112,1,1
395,Stalemate,36000,29000,24000,25000,112,1,1
396,P1,60000,21000,40000,17000,61,0,0
397,Stalemate,18000,8000,10000,0,112,1,1
398,Stalemate,29000,25000,21000,17000,112,1,1
399,Stalemate,51000,29000,39000,25000,112,1,0
400,P2,31000,64000,31000,40000,62,0,0
401,Stalemate,17000,47000,9000,39000,112,1,1
402,P2,33000,60000,21000,40000,96,0,0
403,P1,68000,30000,40000,30000,71,0,1
404,P1,60000,42000,40000,34000,83,0,0
405,P1,76000,22000,40000,14000,65,0,0
406,Stalemate,37000,30000,29000,22000,112,1,0
407,P1,60000,33000,40000,25000,53,0,0
408,Stalemate,26000,51000,22000,39000,112,1,0
409,Stalemate,45000,47000,37000,39000,112,1,0
410,Stalemate,51000,41000,39000,37000,112,1,0
411,Stalemate,43000,40000,39000,28000,112,1,0
412,Stalemate,66000,6000,38000,6000,112,1,0
413,P2,47000,60000,35000,40000,86,0,0
414,Stalemate,45000,34000,37000,26000,112,1,1
415,P2,29000,64000,25000,40000,54,0,0
416,P1,72000,29000,40000,21000,79,0,0
417,P1,64000,31000,40000,23000,93,0,0
418,P2,37000,76000,29000,40000,80,0,0
419,Stalemate,25000,51000,21000,39000,112,1,1
420,Stalemate,51000,17000,39000,13000,112,1,0
421,Stalemate,8000,35000,0,27000,112,1,1
422,Stalemate,25000,21000,13000,17000,112,1,0
423,P2,12000,64000,4000,40000,68,0,0
424,Stalemate,47000,24000,35000,20000,112,1,0
425,P2,43000,60000,35000,40000,94,0,0
426,Stalemate,34000,14000,22000,10000,112,1,0
427,Stalemate,13000,20000,5000,12000,112,1,0
428,P1,64000,39000,40000,35000,63,0,0
429,P1,68000,38000,40000,34000,83,0,0
430,Stalemate,37000,26000,29000,18000,112,1,1
431,P1,72000,17000,40000,13000,59,0,1
432,Stalemate,45000,35000,33000,31000,112,1,1
433,P2,4000,84000,0,40000,46,0,1
434,P1,64000,26000,40000,22000,65,0,0
435,Stalemate,18000,44000,10000,36000,112,1,0
436,Stalemate,28000,34000,16000,30000,112,1,0
437,Stalemate,23000,15000,19000,3000,112,1,0
438,Stalemate,23000,67000,23000,39000,112,1,0
439,Stalemate,15000,43000,11000,31000,112,1,0
440,P2,29000,64000,25000,40000,56,0,0
441,P2,8000,104000,0,40000,55,0,0
442,Stalemate,33000,21000,29000,9000,112,1,0
443,Stalemate,50000,27000,38000,23000,112,1,0
444,Stalemate,46000,41000,38000,33000,112,1,1
445,P1,68000,5000,40000,1000,91,0,1
446,Stalemate,17000,50000,13000,38000,112,1,0
447,Stalemate,36000,29000,28000,21000,112,1,1
448,P1,88000,0,40000,0,75,0,1
449,Stalemate,8000,51000,4000,39000,112,1,1
450,P2,32000,64000,24000,40000,96,0,0
451,P1,60000,39000,40000,31000,73,0,0
452,P1,68000,23000,40000,19000,47,0,0
453,Stalemate,47000,19000,39000,11000,112,1,0
454,P2,5000,60000,1000,40000,34,0,1
455,Stalemate,39000,19000,31000,11000,112,1,0
456,Stalemate,25000,22000,17000,14000,112,1,1
457,Stalemate,32000,38000,24000,18000,111,1,0
458,P1,68000,6000,40000,6000,53,0,1
459,Stalemate,47000,45000,39000,37000,112,1,1
460,P1,60000,39000,40000,31000,87,0,0
461,Stalemate,42000,40000,34000,32000,112,1,0
462,P1,64000,14000,40000,14000,57,0,1
463,P1,88000,0,40000,0,51,0,1
464,P1,68000,20000,40000,20000,39,0,0
465,Stalemate,19000,48000,15000,36000,112,1,1
466,Stalemate,40000,25000,36000,13000,112,1,0
467,P1,64000,25000,40000,17000,59,0,0
468,Stalemate,48000,28000,36000,24000,112,1,0
469,Stalemate,39000,64000,39000,36000,112,1,0
470,P1,60000,21000,40000,17000,61,0,0
471,Stalemate,34000,28000,22000,24000,112,1,0
472,P1,72000,24000,40000,24000,61,0,0
473,P2,35000,68000,31000,40000,88,0,0
474,Stalemate,38000,33000,26000,29000,112,1,0
475,P2,42000,68000,38000,40000,80,0,1
476,P1,80000,31000,40000,27000,67,0,0
477,Stalemate,38000,22000,10000,22000,112,1,0
478,Stalemate,34000,46000,26000,38000,112,1,0
479,Stalemate,41000,39000,33000,31000,112,1,0
480,P1,64000,7000,40000,7000,57,0,1
481,P2,27000,64000,27000,40000,68,0,0
482,P2,31000,88000,23000,40000,100,0,0
483,Stalemate,25000,42000,17000,34000,112,1,0
484,P1,64000,12000,40000,4000,99,0,0
485,Stalemate,39000,44000,35000,32000,112,1,0
486,Stalemate,47000,45000,39000,37000,112,1,1
487,P1,72000,42000,40000,38000,69,0,0
488,P1,56000,45000,40000,33000,79,0,0
489,P1,64000,34000,40000,34000,69,0,0
490,P2,23000,80000,19000,40000,88,0,1
491,P2,35000,68000,31000,40000,80,0,1
492,P1,64000,40000,40000,36000,87,0,0
493,Stalemate,14000,24000,6000,16000,112,1,0
494,Stalemate,39000,27000,35000,15000,112,1,0
495,Stalemate,33000,46000,25000,38000,112,1,1
496,P2,25000,80000,21000,40000,100,0,1
497,Stalemate,50000,21000,38000,17000,112,1,0
498,P1,76000,27000,40000,19000,69,0,0
499,Stalemate,15000,46000,15000,18000,112,1,0
500,P1,60000,46000,40000,34000,77,0,0
501,P1,64000,23000,40000,15000,77,0,1
502,Stalemate,48000,34000,36000,30000,112,1,0
503,Stalemate,44000,24000,36000,16000,112,1,1
504,Stalemate,39000,43000,31000,35000,112,1,0
505,Stalemate,16000,36000,8000,28000,112,1,1
506,P1,60000,26000,40000,26000,53,0,0
507,Stalemate,19000,59000,19000,31000,112,1,0
508,Stalemate,41000,51000,37000,39000,112,1,0
509,Stalemate,38000,47000,30000,39000,112,1,0
510,P2,25000,76000,17000,40000,94,0,0
511,Stalemate,47000,19000,39000,11000,112,1,0
512,Stalemate,13000,45000,9000,33000,112,1,0
513,Stalemate,44000,30000,32000,26000,112,1,1
514,P2,43000,60000,31000,40000,84,0,0
515,Stalemate,30000,31000,22000,23000,112,1,1
516,Stalemate,38000,38000,26000,34000,112,1,0
517,Stalemate,43000,45000,35000,37000,112,1,0
518,Stalemate,42000,40000,30000,36000,112,1,0
519,Stalemate,40000,40000,28000,36000,112,1,0
520,P2,29000,60000,21000,40000,82,0,1
521,Stalemate,38000,49000,34000,37000,112,1,1
522,Stalemate,29000,19000,17000,15000,112,1,1
523,P2,33000,84000,33000,40000,98,0,0
524,P2,23000,72000,11000,40000,100,0,0
525,P1,64000,14000,40000,14000,63,0,1
526,P2,45000,64000,37000,40000,94,0,0
527,Stalemate,33000,42000,25000,34000,112,1,0
528,Stalemate,7000,30000,3000,18000,112,1,1
529,P2,21000,60000,17000,40000,40,0,1
530,P1,64000,26000,40000,22000,89,0,0
531,P1,80000,16000,40000,12000,61,0,0
532,Stalemate,30000,35000,18000,31000,112,1,1
533,Stalemate,65000,38000,37000,38000,112,1,1
534,Stalemate,42000,21000,34000,13000,112,1,1
535,Stalemate,31000,34000,27000,22000,112,1,1
536,Stalemate,50000,7000,38000,3000,112,1,1
537,P1,64000,29000,40000,21000,89,0,0
538,P1,56000,40000,40000,12000,81,0,0
539,Stalemate,41000,23000,29000,19000,112,1,0
540,Stalemate,28000,29000,24000,17000,112,1,0
541,Stalemate,62000,39000,34000,39000,112,1,0
542,Stalemate,20000,15000,8000,11000,112,1,1
543,P1,68000,39000,40000,35000,99,0,0
544,Stalemate,29000,15000,17000,11000,112,1,0
545,Stalemate,12000,40000,8000,28000,112,1,1
546,P1,76000,41000,40000,33000,95,0,0
547,Stalemate,22000,4000,10000,0,112,1,1
548,Stalemate,18000,22000,6000,18000,112,1,0
549,P2,14000,68000,10000,40000,66,0,1
550,P1,64000,16000,40000,12000,65,0,1
551,P2,26000,64000,18000,40000,72,0,1
552,P1,80000,24000,40000,20000,99,0,0
553,P1,64000,17000,40000,13000,61,0,0
554,Stalemate,12000,36000,4000,28000,112,1,1
555,P2,16000,64000,12000,40000,72,0,1
556,Stalemate,67000,13000,39000,13000,112,1,1
557,Stalemate,50000,35000,38000,31000,112,1,0
558,P1,64000,10000,40000,6000,69,0,1
559,P1,60000,32000,40000,28000,57,0,0
560,P2,10000,84000,10000,40000,84,0,0
561,P2,22000,96000,22000,40000,84,0,1
562,Stalemate,54000,19000,26000,19000,112,1,0
563,P2,0,84000,0,40000,34,0,1
564,Stalemate,47000,43000,39000,35000,112,1,0
565,P2,14000,60000,6000,40000,52,0,0
566,P2,31000,60000,27000,40000,78,0,1
567,Stalemate,51000,35000,39000,31000,112,1,0
568,P2,43000,64000,39000,40000,82,0,0
569,Stalemate,14000,28000,6000,20000,112,1,1
570,P1,68000,27000,40000,23000,69,0,0
571,P2,34000,68000,34000,40000,88,0,1
572,P1,60000,41000,40000,29000,91,0,0
573,Stalemate,47000,31000,39000,23000,112,1,0
574,P1,68000,21000,40000,17000,51,0,0
575,P2,28000,76000,20000,40000,100,0,0
576,Stalemate,23000,13000,19000,1000,112,1,1
577,P1,68000,14000,40000,10000,59,0,0
578,Stalemate,30000,4000,18000,0,112,1,1
579,Stalemate,35000,24000,23000,20000,112,1,0
580,Stalemate,16000,43000,4000,39000,112,1,0
581,Stalemate,38000,47000,30000,39000,112,1,0
582,Stalemate,10000,34000,6000,22000,112,1,1
583,P2,42000,68000,38000,40000,86,0,0
584,P1,60000,12000,40000,12000,27,0,0
585,P1,84000,28000,40000,28000,59,0,0
586,P2,21000,64000,17000,40000,54,0,0
587,Stalemate,26000,34000,18000,26000,112,1,0
588,Stalemate,37000,38000,29000,30000,112,1,0
589,P1,76000,16000,40000,16000,59,0,0
590,Stalemate,29000,42000,25000,30000,112,1,0
591,P1,68000,15000,40000,15000,91,0,0
592,Stalemate,30000,39000,26000,27000,112,1,1
593,P2,10000,64000,10000,40000,54,0,1
594,Stalemate,38000,17000,30000,9000,112,1,0
595,Stalemate,44000,35000,32000,31000,112,1,1
596,P2,24000,64000,20000,40000,74,0,1
597,P2,21000,60000,17000,40000,52,0,0
598,P1,60000,43000,40000,39000,69,0,0
599,P1,64000,28000,40000,20000,77,0,0
600,Stalemate,48000,9000,20000,9000,112,1,0
601,Stalemate,28000,50000,24000,38000,112,1,1
602,Stalemate,23000,18000,15000,10000,112,1,0
603,P2,5000,68000,5000,40000,78,0,0
604,P1,80000,38000,40000,34000,95,0,0
605,Stalemate,51000,21000,39000,17000,112,1,0
606,Stalemate,23000,27000,15000,19000,112,1,1
607,Stalemate,24000,30000,20000,18000,112,1,1
608,Stalemate,42000,48000,38000,36000,112,1,0
609,P1,64000,27000,40000,19000,75,0,0
610,Stalemate,35000,32000,27000,24000,112,1,0
611,Stalemate,47000,38000,35000,34000,112,1,1
612,Stalemate,25000,34000,17000,26000,112,1,0
613,P1,64000,16000,40000,16000,57,0,0
614,Stalemate,41000,38000,37000,26000,112,1,0
615,Stalemate,57000,33000,29000,33000,112,1,0
616,P1,60000,23000,40000,15000,71,0,0
617,P2,43000,64000,39000,40000,86,0,1
618,P2,26000,64000,18000,40000,68,0,0
619,P2,11000,68000,7000,40000,78,0,0
620,P2,46000,76000,38000,40000,76,0,0
621,P1,60000,39000,40000,35000,79,0,1
622,Stalemate,51000,26000,39000,22000,112,1,0
623,Stalemate,41000,28000,37000,16000,112,1,1
624,Stalemate,8000,36000,0,28000,112,1,1
625,Stalemate,26000,39000,14000,35000,112,1,0
626,Stalemate,36000,14000,28000,6000,112,1,1
627,P2,28000,68000,28000,40000,84,0,1
628,Stalemate,10000,51000,6000,39000,112,1,0
629,Stalemate,47000,30000,39000,22000,112,1,1
630,P1,64000,28000,40000,24000,93,0,0
631,Stalemate,21000,40000,13000,32000,112,1,1
632,Stalemate,38000,34000,34000,22000,112,1,1
633,Stalemate,18000,26000,10000,18000,112,1,0
634,Stalemate,42000,46000,34000,38000,112,1,0
635,Stalemate,15000,47000,11000,35000,112,1,0
636,P1,64000,27000,40000,23000,83,0,1
637,Stalemate,39000,37000,31000,29000,112,1,0
638,P1,68000,25000,40000,21000,89,0,1
639,Stalemate,39000,25000,27000,21000,112,1,0
640,Stalemate,43000,37000,35000,29000,112,1,1
641,P1,64000,7000,40000,3000,87,0,0
642,Stalemate,34000,8000,22000,4000,112,1,1
643,Stalemate,46000,38000,38000,30000,112,1,1
644,Stalemate,5000,45000,1000,33000,112,1,1
645,Stalemate,50000,8000,38000,4000,112,1,0
646,Stalemate,28000,51000,24000,39000,112,1,0
647,Stalemate,38000,33000,34000,21000,112,1,0
648,Stalemate,16000,8000,8000,0,112,1,1
649,Stalemate,21000,7000,9000,3000,112,1,1
650,Stalemate,43000,39000,31000,35000,112,1,0
651,Stalemate,30000,36000,18000,32000,112,1,1
652,P2,33000,64000,25000,40000,94,0,1
653,Stalemate,26000,43000,22000,31000,112,1,0
654,P1,60000,11000,40000,7000,83,0,0
655,Stalemate,35000,23000,23000,19000,112,1,1
656,P1,80000,20000,40000,20000,73,0,1
657,P2,26000,68000,26000,40000,64,0,0
658,P1,76000,14000,40000,6000,71,0,0
659,Stalemate,46000,37000,38000,29000,112,1,1
660,Stalemate,34000,31000,26000,23000,112,1,0
661,Stalemate,16000,47000,8000,39000,112,1,0
662,Stalemate,41000,15000,33000,7000,112,1,1
663,Stalemate,32000,33000,20000,29000,112,1,1
664,Stalemate,31000,27000,19000,23000,112,1,1
665,P1,68000,7000,40000,3000,95,0,0
666,P2,25000,68000,21000,40000,96,0,0
667,Stalemate,31000,27000,19000,23000,112,1,0
668,P1,64000,27000,40000,19000,87,0,0
669,Stalemate,18000,36000,6000,32000,112,1,0
670,Stalemate,24000,30000,16000,22000,112,1,0
671,P1,64000,16000,40000,12000,93,0,0
672,Stalemate,37000,33000,33000,21000,112,1,0
673,P1,64000,34000,40000,26000,83,0,0
674,Stalemate,21000,24000,9000,20000,112,1,0
675,P2,37000,60000,33000,40000,68,0,0
676,P2,37000,88000,29000,40000,95,0,0
677,Stalemate,30000,8000,22000,0,112,1,1
678,Stalemate,51000,19000,39000,15000,112,1,0
679,Stalemate,60000,10000,32000,10000,112,1,1
680,P2,7000,64000,3000,40000,58,0,0
681,P1,80000,14000,40000,10000,69,0,1
682,Stalemate,31000,39000,19000,35000,112,1,0
683,P1,68000,38000,40000,38000,85,0,0
684,P2,44000,60000,32000,40000,78,0,1
685,P1,60000,19000,40000,19000,51,0,0
686,Stalemate,34000,39000,22000,35000,112,1,0
687,Stalemate,46000,20000,34000,16000,112,1,0
688,P1,60000,41000,40000,29000,67,0,0
689,P2,39000,68000,39000,40000,82,0,0
690,Stalemate,67000,33000,39000,33000,112,1,0
691,P1,68000,36000,40000,32000,99,0,1
692,Stalemate,32000,27000,20000,23000,112,1,0
693,P2,34000,80000,30000,40000,88,0,0
694,Stalemate,34000,52000,34000,24000,112,1,1
695,P1,60000,47000,40000,39000,77,0,0
696,P2,38000,60000,30000,40000,60,0,0
697,Stalemate,40000,20000,32000,12000,112,1,0
698,P2,26000,56000,14000,40000,70,0,0
699,Stalemate,25000,23000,5000,15000,111,1,0
700,Stalemate,39000,45000,31000,37000,112,1,0
701,Stalemate,67000,5000,39000,5000,112,1,0
702,P2,33000,80000,29000,40000,70,0,0
703,Stalemate,39000,23000,31000,15000,112,1,0
704,P2,34000,60000,30000,40000,64,0,0
705,Stalemate,50000,26000,38000,22000,112,1,0
706,Stalemate,20000,22000,16000,10000,112,1,1
707,Stalemate,37000,17000,33000,5000,112,1,0
708,Stalemate,47000,21000,39000,13000,112,1,0
709,Stalemate,17000,13000,9000,5000,112,1,0
710,Stalemate,36000,45000,28000,37000,112,1,1
711,P1,64000,9000,40000,5000,89,0,0
712,P1,64000,17000,40000,17000,49,0,0
713,P1,64000,18000,40000,10000,99,0,0
714,P2,30000,80000,26000,40000,76,0,0
715,Stalemate,16000,23000,8000,15000,112,1,1
716,P1,68000,20000,40000,16000,89,0,0
717,Stalemate,24000,37000,20000,25000,112,1,0
718,Stalemate,20000,49000,16000,37000,112,1,1
719,Stalemate,40000,26000,28000,22000,112,1,1
720,Stalemate,38000,17000,26000,13000,112,1,0
721,Stalemate,28000,49000,24000,37000,112,1,0
722,Stalemate,42000,24000,30000,20000,112,1,1
723,Stalemate,24000,58000,24000,30000,112,1,0
724,P2,37000,68000,33000,40000,78,0,1
725,P1,68000,11000,40000,11000,83,0,0
726,Stalemate,46000,17000,34000,13000,112,1,0
727,Stalemate,34000,34000,22000,30000,112,1,0
728,P2,22000,68000,18000,40000,94,0,0
729,P1,60000,11000,40000,3000,85,0,1
730,P1,64000,26000,40000,22000,57,0,0
731,P1,64000,39000,40000,31000,85,0,0
732,Stalemate,22000,40000,18000,28000,112,1,0
733,P2,12000,64000,8000,40000,82,0,0
734,P2,20000,64000,16000,40000,72,0,1
735,P1,64000,22000,40000,14000,55,0,1
736,Stalemate,47000,16000,39000,8000,112,1,0
737,P1,64000,31000,40000,23000,95,0,0
738,P1,68000,21000,40000,17000,77,0,1
739,P1,64000,25000,40000,17000,53,0,0
740,Stalemate,30000,20000,22000,12000,112,1,0
741,Stalemate,5000,67000,5000,39000,112,1,0
742,Stalemate,47000,11000,39000,3000,112,1,0
743,Stalemate,29000,37000,25000,25000,112,1,0
744,Stalemate,16000,39000,8000,31000,112,1,0
745,Stalemate,14000,51000,10000,39000,112,1,1
746,P1,60000,31000,40000,19000,75,0,0
747,P1,60000,24000,40000,12000,51,0,1
748,P2,34000,60000,22000,40000,88,0,0
749,Stalemate,47000,13000,39000,5000,112,1,0
750,Stalemate,27000,41000,15000,37000,112,1,0
751,P1,64000,38000,40000,30000,99,0,0
752,Stalemate,50000,23000,38000,19000,112,1,0
753,Stalemate,43000,42000,31000,38000,112,1,0
754,P1,68000,42000,40000,38000,81,0,0
755,P2,21000,64000,17000,40000,54,0,1
756,P1,84000,20000,40000,20000,99,0,0
757,Stalemate,20000,35000,12000,27000,112,1,1
758,P2,37000,64000,29000,40000,86,0,0
759,P1,68000,32000,40000,32000,61,0,1
760,P1,56000,41000,40000,29000,85,0,0
761,P2,35000,76000,35000,40000,52,0,1
762,Stalemate,12000,51000,8000,39000,112,1,1
763,Stalemate,50000,4000,38000,0,112,1,1
764,P2,37000,60000,25000,40000,74,0,0
765,Stalemate,47000,34000,39000,26000,112,1,0
766,Stalemate,26000,46000,22000,34000,112,1,0
767,Stalemate,18000,39000,10000,31000,112,1,0
768,P1,76000,25000,40000,21000,85,0,0
769,Stalemate,21000,28000,17000,16000,112,1,0
770,P2,37000,60000,29000,40000,90,0,0
771,Stalemate,5000,38000,1000,26000,112,1,0
772,Stalemate,39000,34000,35000,22000,112,1,0
773,P2,8000,80000,4000,40000,100,0,0
774,Stalemate,51000,42000,39000,38000,112,1,1
775,P1,80000,20000,40000,16000,85,0,0
776,P2,19000,76000,15000,40000,74,0,1
777,P2,8000,60000,4000,40000,72,0,1
778,Stalemate,38000,36000,34000,24000,112,1,0
779,Stalemate,43000,11000,35000,3000,112,1,0
780,P2,32000,68000,28000,40000,64,0,0
781,Stalemate,34000,61000,34000,33000,112,1,1
782,Stalemate,47000,19000,39000,11000,112,1,1
783,Stalemate,43000,50000,39000,38000,112,1,0
784,Stalemate,59000,2000,31000,2000,112,1,1
785,Stalemate,21000,19000,9000,15000,112,1,0
786,Stalemate,51000,42000,39000,38000,112,1,0
787,P2,43000,64000,39000,40000,72,0,0
788,Stalemate,51000,36000,39000,32000,112,1,0
789,Stalemate,32000,29000,20000,25000,112,1,0
790,Stalemate,11000,12000,7000,0,112,1,0
791,Stalemate,10000,51000,6000,39000,112,1,0
792,P2,51000,60000,39000,40000,96,0,0
793,Stalemate,27000,29000,19000,21000,112,1,1
794,Stalemate,34000,40000,22000,36000,112,1,0
795,Stalemate,40000,51000,36000,39000,112,1,0
796,P2,30000,60000,26000,40000,62,0,1
797,P1,60000,12000,40000,4000,69,0,0
798,P1,64000,35000,40000,27000,95,0,0
799,P2,35000,56000,35000,40000,56,0,0
800,Stalemate,29000,32000,21000,24000,112,1,0
801,P2,12000,68000,8000,40000,82,0,0
802,Stalemate,33000,47000,29000,35000,112,1,0
803,Stalemate,40000,40000,32000,32000,112,1,0
804,Stalemate,25000,17000,17000,9000,112,1,0
805,Stalemate,51000,34000,39000,30000,112,1,1
806,Stalemate,11000,8000,3000,0,112,1,0
807,P1,60000,21000,40000,21000,75,0,0
808,Stalemate,20000,41000,20000,13000,112,1,1
809,P1,64000,39000,40000,35000,65,0,0
810,P2,46000,72000,38000,40000,98,0,0
811,P1,64000,19000,40000,15000,77,0,1
812,Stalemate,48000,43000,36000,39000,112,1,0
813,Stalemate,45000,30000,17000,30000,112,1,1
814,P1,60000,6000,40000,2000,47,0,0
815,Stalemate,30000,34000,18000,30000,112,1,0
816,P1,68000,16000,40000,16000,57,0,0
817,P2,47000,64000,39000,40000,90,0,0
818,Stalemate,24000,43000,12000,39000,112,1,0
819,Stalemate,67000,3000,39000,3000,112,1,0
820,Stalemate,16000,31000,8000,23000,112,1,1
821,Stalemate,47000,15000,39000,7000,112,1,0
822,P2,38000,76000,30000,40000,94,0,0
823,P1,64000,22000,40000,22000,69,0,0
824,Stalemate,16000,34000,8000,26000,112,1,1
825,Stalemate,46000,42000,38000,34000,112,1,0
826,P1,80000,37000,40000,33000,91,0,0
827,Stalemate,46000,23000,38000,15000,112,1,0
828,Stalemate,42000,35000,38000,23000,112,1,0
829,Stalemate,14000,42000,2000,38000,112,1,1
830,P1,60000,47000,40000,39000,69,0,0
831,P1,68000,42000,40000,38000,95,0,0
832,P1,84000,23000,40000,23000,93,0,0
833,P2,43000,80000,39000,40000,90,0,0
834,P1,64000,18000,40000,14000,43,0,0
835,P2,28000,60000,24000,40000,46,0,0
836,Stalemate,28000,51000,24000,39000,112,1,0
837,P1,64000,30000,40000,26000,77,0,1
838,Stalemate,32000,11000,24000,3000,112,1,0
839,Stalemate,48000,38000,36000,34000,112,1,1
840,P1,60000,18000,40000,18000,27,0,1
841,Stalemate,13000,50000,9000,38000,112,1,0
842,P2,20000,60000,16000,40000,62,0,1
843,Stalemate,21000,62000,21000,34000,112,1,1
844,Stalemate,8000,48000,4000,36000,112,1,1
845,Stalemate,44000,37000,36000,29000,112,1,0
846,Stalemate,60000,32000,32000,32000,112,1,0
847,Stalemate,21000,39000,17000,27000,112,1,0
848,Stalemate,51000,24000,39000,20000,112,1,0
849,Stalemate,24000,46000,20000,34000,112,1,0
850,Stalemate,51000,38000,39000,34000,112,1,0
851,P1,60000,43000,40000,35000,81,0,0
852,P1,60000,17000,40000,9000,81,0,1
853,Stalemate,40000,33000,36000,21000,112,1,1
854,P1,56000,54000,40000,26000,83,0,0
855,P2,39000,68000,35000,40000,80,0,0
856,P2,13000,68000,9000,40000,90,0,0
857,P2,21000,60000,21000,40000,68,0,1
858,P2,17000,64000,17000,40000,60,0,0
859,Stalemate,51000,43000,39000,39000,112,1,0
860,P2,30000,76000,26000,40000,62,0,0
861,P1,64000,30000,40000,22000,99,0,0
862,Stalemate,22000,22000,10000,18000,112,1,1
863,P2,11000,68000,11000,40000,70,0,1
864,P2,14000,60000,10000,40000,68,0,0
865,P2,29000,68000,29000,40000,74,0,1
866,Stalemate,26000,24000,18000,16000,112,1,0
867,Stalemate,23000,30000,15000,22000,112,1,1
868,P1,64000,12000,40000,4000,99,0,1
869,P1,68000,12000,40000,8000,67,0,0
870,Stalemate,15000,50000,11000,38000,112,1,1
871,P1,88000,4000,40000,0,91,0,0
872,Stalemate,54000,14000,26000,14000,112,1,0
873,Stalemate,27000,18000,23000,6000,112,1,0
874,Stalemate,20000,33000,8000,29000,112,1,0
875,Stalemate,49000,21000,37000,17000,112,1,0
876,P2,47000,60000,39000,40000,88,0,1
877,Stalemate,17000,42000,13000,30000,112,1,1
878,P1,60000,45000,40000,37000,79,0,0
879,P2,8000,96000,0,40000,90,0,1
880,Stalemate,37000,32000,9000,32000,112,1,0
881,Stalemate,37000,29000,25000,25000,112,1,1
882,P2,39000,56000,27000,40000,78,0,0
883,P2,21000,64000,17000,40000,84,0,0
884,P2,42000,76000,34000,40000,46,0,0
885,P2,32000,64000,28000,40000,68,0,0
886,P2,21000,60000,17000,40000,36,0,0
887,Stalemate,43000,42000,31000,38000,112,1,0
888,Stalemate,40000,27000,28000,23000,112,1,1
889,Stalemate,40000,20000,28000,16000,112,1,0
890,P2,21000,64000,13000,40000,76,0,0
891,P1,64000,34000,40000,26000,87,0,0
892,Stalemate,41000,42000,33000,34000,112,1,0
893,Stalemate,21000,18000,9000,14000,112,1,1
894,Stalemate,50000,19000,38000,15000,112,1,0
895,P2,40000,60000,28000,40000,82,0,0
896,P1,68000,12000,40000,8000,81,0,0
897,P2,41000,80000,37000,40000,48,0,0
898,P1,84000,37000,40000,37000,69,0,0
899,Stalemate,40000,51000,36000,39000,112,1,1
900,Stalemate,42000,29000,30000,25000,112,1,0
901,P2,42000,60000,30000,40000,92,0,1
902,Stalemate,15000,49000,11000,37000,112,1,0
903,P2,42000,60000,30000,40000,84,0,0
904,P1,96000,36000,40000,36000,55,0,0
905,Stalemate,25000,46000,17000,38000,112,1,0
906,Stalemate,29000,11000,21000,3000,112,1,1
907,Stalemate,36000,44000,32000,32000,112,1,0
908,Stalemate,13000,47000,5000,39000,112,1,0
909,P2,24000,68000,20000,40000,84,0,0
910,P1,64000,44000,40000,36000,95,0,0
911,P1,60000,18000,40000,18000,81,0,0
912,Stalemate,67000,21000,39000,21000,112,1,1
913,P2,26000,68000,22000,40000,80,0,0
914,Stalemate,23000,46000,15000,38000,112,1,0
915,P1,64000,42000,40000,34000,79,0,0
916,P1,72000,20000,40000,8000,93,0,0
917,P1,64000,9000,40000,1000,59,0,0
918,P2,39000,76000,31000,40000,100,0,0
919,P2,30000,60000,26000,40000,74,0,0
920,P1,64000,39000,40000,35000,85,0,0
921,Stalemate,42000,46000,34000,38000,112,1,0
922,P1,56000,39000,40000,11000,83,0,0
923,P2,27000,76000,19000,40000,100,0,0
924,Stalemate,8000,46000,4000,34000,112,1,0
925,P2,10000,68000,10000,40000,80,0,0
926,Stalemate,46000,45000,38000,37000,112,1,0
927,P1,68000,31000,40000,27000,89,0,0
928,Stalemate,39000,39000,31000,31000,112,1,0
929,P2,30000,64000,26000,40000,58,0,0
930,P2,21000,68000,17000,40000,74,0,0
931,Stalemate,37000,27000,25000,23000,112,1,1
932,P2,44000,56000,32000,40000,90,0,0
933,P2,28000,64000,24000,40000,62,0,1
934,P2,41000,68000,37000,40000,96,0,0
935,Stalemate,38000,45000,34000,33000,112,1,0
936,Stalemate,43000,50000,39000,38000,112,1,1
937,P2,15000,68000,11000,40000,70,0,1
938,Stalemate,14000,60000,14000,32000,112,1,0
939,Stalemate,47000,32000,39000,24000,112,1,0
940,Stalemate,44000,29000,32000,25000,112,1,0
941,Stalemate,51000,12000,39000,8000,112,1,0
942,P2,10000,68000,10000,40000,44,0,0
943,P2,18000,80000,18000,40000,86,0,1
944,Stalemate,46000,27000,38000,19000,112,1,0
945,P2,24000,60000,20000,40000,80,0,1
946,Stalemate,35000,41000,27000,33000,112,1,0
947,Stalemate,50000,24000,38000,20000,112,1,0
948,Stalemate,47000,40000,39000,32000,112,1,0
949,Stalemate,38000,33000,30000,25000,112,1,0
950,Stalemate,38000,36000,26000,32000,112,1,0
951,P2,37000,92000,33000,40000,100,0,0
952,Stalemate,66000,30000,38000,30000,112,1,1
953,Stalemate,40000,43000,28000,39000,112,1,0
954,P1,84000,8000,40000,0,89,0,1
955,Stalemate,40000,42000,28000,38000,112,1,0
956,P1,60000,29000,40000,21000,89,0,1
957,Stalemate,45000,40000,33000,36000,112,1,0
958,Stalemate,42000,43000,30000,39000,112,1,1
959,Stalemate,29000,41000,21000,33000,112,1,1
960,P2,16000,68000,12000,40000,66,0,0
961,Stalemate,30000,35000,26000,23000,112,1,1
962,P2,19000,64000,15000,40000,98,0,0
963,Stalemate,31000,28000,23000,20000,112,1,0
964,Stalemate,60000,35000,32000,35000,112,1,0
965,Stalemate,22000,49000,18000,37000,112,1,0
966,P2,39000,64000,31000,40000,80,0,0
967,P2,42000,64000,34000,40000,90,0,0
968,P2,43000,60000,35000,40000,64,0,0
969,Stalemate,37000,35000,25000,31000,112,1,1
970,Stalemate,28000,46000,20000,38000,112,1,0
971,Stalemate,22000,33000,18000,21000,112,1,0
972,Stalemate,35000,46000,27000,38000,112,1,1
973,Stalemate,27000,49000,23000,37000,112,1,0
974,Stalemate,31000,23000,19000,19000,112,1,1
975,Stalemate,39000,31000,35000,19000,112,1,0
976,P1,60000,41000,40000,37000,77,0,0
977,Stalemate,14000,48000,10000,36000,112,1,0
978,P1,68000,22000,40000,18000,79,0,0
979,P1,64000,13000,40000,9000,59,0,0
980,Stalemate,31000,47000,27000,35000,112,1,0
981,Stalemate,29000,17000,25000,5000,112,1,0
982,P2,17000,80000,13000,40000,100,0,0
983,Stalemate,30000,25000,22000,17000,112,1,1
984,Stalemate,8000,46000,0,38000,112,1,1
985,P2,25000,64000,17000,40000,86,0,0
986,Stalemate,25000,33000,17000,25000,112,1,0
987,Stalemate,32000,47000,24000,39000,112,1,0
988,Stalemate,45000,46000,37000,38000,112,1,1
989,Stalemate,29000,49000,29000,21000,112,1,0
990,P2,41000,60000,37000,40000,76,0,1
991,Stalemate,21000,49000,17000,37000,112,1,0
992,Stalemate,43000,42000,31000,38000,112,1,0
993,Stalemate,47000,29000,39000,21000,112,1,0
994,P1,60000,18000,40000,18000,69,0,0
995,P2,16000,60000,8000,40000,92,0,1
996,P2,26000,84000,26000,40000,56,0,0
997,Stalemate,35000,43000,27000,35000,112,1,0
998,Stalemate,15000,12000,7000,4000,112,1,0
999,Stalemate,54000,0,26000,0,112,1,1
1000,P1,68000,7000,40000,3000,97,0,0
1001,Stalemate,27000,25000,19000,17000,112,1,0
1002,P2,47000,64000,39000,40000,88,0,0
1003,Stalemate,24000,21000,16000,13000,112,1,0
1004,P2,37000,64000,29000,40000,88,0,0
1005,P1,68000,22000,40000,22000,53,0,0
1006,Stalemate,29000,12000,17000,8000,112,1,0
1007,P2,21000,80000,17000,40000,100,0,0
1008,P2,8000,60000,8000,40000,36,0,1
1009,P2,18000,84000,18000,40000,98,0,0
1010,Stalemate,36000,30000,28000,22000,112,1,1
1011,P2,4000,84000,0,40000,64,0,0
1012,Stalemate,33000,45000,25000,37000,112,1,0
1013,P1,68000,28000,40000,24000,57,0,0
1014,P2,29000,60000,21000,40000,50,0,0
1015,P1,68000,33000,40000,29000,99,0,1
1016,P2,26000,64000,18000,40000,98,0,1
1017,P1,84000,19000,40000,19000,99,0,1
1018,Stalemate,28000,28000,20000,20000,112,1,0
1019,P1,68000,33000,40000,29000,99,0,1
1020,P1,76000,13000,40000,9000,45,0,0
1021,Stalemate,35000,32000,27000,24000,112,1,0
1022,Stalemate,62000,23000,34000,23000,112,1,0
1023,P1,60000,21000,40000,13000,69,0,0
1024,P2,11000,76000,3000,40000,49,0,0
1025,P2,15000,64000,15000,40000,80,0,0
1026,Stalemate,8000,41000,0,33000,112,1,1
1027,P1,68000,14000,40000,10000,89,0,0
1028,P2,15000,72000,3000,40000,74,0,0
1029,P1,64000,46000,40000,38000,99,0,0
1030,P2,16000,56000,12000,40000,68,0,0
1031,Stalemate,51000,29000,39000,25000,112,1,0
1032,Stalemate,36000,26000,32000,14000,112,1,0
1033,P1,68000,15000,40000,11000,99,0,0
1034,Stalemate,37000,44000,29000,36000,112,1,1
1035,P2,20000,64000,12000,40000,98,0,1
1036,Stalemate,50000,28000,38000,24000,112,1,0
1037,Stalemate,51000,11000,39000,7000,112,1,1
1038,P1,64000,29000,40000,21000,89,0,1
1039,Stalemate,65000,23000,37000,23000,112,1,0
1040,P2,34000,68000,30000,40000,98,0,0
1041,P2,24000,64000,16000,40000,70,0,1
1042,P1,84000,18000,40000,18000,95,0,0
1043,P1,60000,42000,40000,30000,85,0,0
1044,Stalemate,27000,38000,19000,30000,112,1,1
1045,Stalemate,40000,15000,32000,7000,112,1,1
1046,Stalemate,38000,21000,34000,9000,112,1,1
1047,Stalemate,31000,51000,27000,39000,112,1,0
1048,Stalemate,53000,30000,25000,30000,112,1,0
1049,Stalemate,28000,45000,24000,33000,112,1,0
1050,Stalemate,37000,27000,29000,19000,112,1,1
1051,Stalemate,36000,37000,32000,25000,112,1,0
1052,Stalemate,28000,47000,20000,39000,112,1,0
1053,P2,4000,100000,0,40000,100,0,1
1054,Stalemate,67000,19000,39000,19000,112,1,1
1055,Stalemate,51000,25000,39000,21000,112,1,1
1056,Stalemate,18000,65000,18000,37000,112,1,0
1057,P1,60000,9000,40000,1000,85,0,0
1058,Stalemate,35000,16000,27000,8000,112,1,0
1059,Stalemate,33000,31000,25000,23000,112,1,0
1060,Stalemate,47000,33000,39000,25000,112,1,0
1061,Stalemate,38000,31000,30000,23000,112,1,0
1062,Stalemate,51000,36000,39000,32000,112,1,0
1063,P2,35000,60000,27000,40000,90,0,1
1064,P1,64000,5000,40000,5000,35,0,1
1065,P1,64000,9000,40000,1000,51,0,0
1066,P2,20000,68000,16000,40000,98,0,0
1067,Stalemate,45000,12000,33000,8000,112,1,1
1068,P2,29000,64000,21000,40000,96,0,0
1069,P2,17000,64000,9000,40000,92,0,0
1070,Stalemate,21000,47000,13000,39000,112,1,1
1071,Stalemate,37000,37000,25000,33000,112,1,1
1072,Stalemate,17000,44000,9000,36000,112,1,0
1073,Stalemate,11000,31000,3000,23000,112,1,0
1074,P1,68000,43000,40000,39000,89,0,0
1075,Stalemate,18000,42000,14000,30000,112,1,0
1076,P1,60000,46000,40000,38000,89,0,1
1077,Stalemate,26000,39000,18000,31000,112,1,0
1078,P1,64000,30000,40000,22000,75,0,0
1079,P2,7000,84000,7000,40000,82,0,0
1080,Stalemate,44000,17000,32000,13000,112,1,0
1081,P1,68000,30000,40000,30000,69,0,1
1082,Stalemate,42000,33000,34000,25000,112,1,0
1083,Stalemate,27000,36000,15000,32000,112,1,0
1084,Stalemate,48000,39000,36000,35000,112,1,0
1085,P1,64000,30000,40000,26000,71,0,1
1086,P2,29000,60000,29000,40000,56,0,0
1087,P1,60000,18000,40000,14000,45,0,0
1088,Stalemate,49000,38000,21000,38000,112,1,0
1089,Stalemate,28000,63000,28000,35000,112,1,1
1090,P2,51000,60000,39000,40000,90,0,0
1091,P1,68000,25000,40000,21000,95,0,1
1092,Stalemate,25000,29000,17000,21000,112,1,0
1093,Stalemate,43000,47000,35000,39000,112,1,0
1094,Stalemate,16000,26000,8000,18000,112,1,1
1095,Stalemate,17000,13000,13000,1000,112,1,0
1096,Stalemate,45000,32000,37000,24000,112,1,0
1097,P2,17000,68000,13000,40000,96,0,0
1098,Stalemate,47000,33000,39000,25000,112,1,0
1099,Stalemate,29000,47000,21000,39000,112,1,0
1100,Stalemate,45000,43000,33000,39000,112,1,0
1101,Stalemate,26000,24000,22000,12000,112,1,0
1102,P1,68000,42000,40000,38000,87,0,1
1103,Stalemate,34000,9000,26000,1000,112,1,1
1104,Stalemate,29000,20000,21000,12000,112,1,1
1105,P1,68000,23000,40000,19000,97,0,0
1106,P2,35000,68000,35000,40000,66,0,0
1107,Stalemate,41000,40000,33000,32000,112,1,0
1108,P1,60000,38000,40000,34000,83,0,1
1109,P1,56000,48000,40000,36000,53,0,0
1110,P2,37000,68000,33000,40000,94,0,0
1111,Stalemate,39000,47000,31000,39000,112,1,0
1112,P1,76000,19000,40000,19000,57,0,1
1113,P2,27000,68000,27000,40000,94,0,1
1114,Stalemate,4000,50000,0,38000,112,1,1
1115,Stalemate,32000,34000,24000,26000,112,1,1
1116,Stalemate,43000,24000,39000,12000,112,1,0
1117,P2,31000,64000,27000,40000,80,0,0
1118,Stalemate,58000,21000,30000,21000,112,1,0
1119,Stalemate,42000,25000,38000,13000,112,1,0
1120,Stalemate,13000,42000,5000,34000,112,1,0
1121,P2,19000,76000,11000,40000,92,0,0
1122,Stalemate,51000,25000,39000,21000,112,1,0
1123,Stalemate,23000,67000,23000,39000,112,1,0
1124,P2,19000,64000,15000,40000,76,0,0
1125,Stalemate,35000,29000,27000,21000,112,1,1
1126,P2,27000,64000,23000,40000,58,0,1
1127,P1,76000,25000,40000,21000,83,0,1
1128,Stalemate,29000,46000,25000,34000,112,1,0
1129,Stalemate,26000,51000,22000,39000,112,1,0
1130,P1,68000,18000,40000,18000,35,0,0
1131,Stalemate,24000,56000,24000,28000,112,1,1
1132,P2,28000,68000,24000,40000,74,0,1
1133,P2,50000,60000,38000,40000,74,0,0
1134,Stalemate,47000,45000,39000,37000,112,1,1
1135,Stalemate,37000,79000,37000,39000,111,1,0
1136,Stalemate,38000,38000,30000,30000,112,1,0
1137,P2,22000,68000,22000,40000,80,0,0
1138,Stalemate,32000,16000,20000,12000,112,1,1
1139,P1,60000,28000,40000,28000,27,0,0
1140,Stalemate,8000,44000,0,36000,112,1,1
1141,Stalemate,20000,34000,12000,26000,112,1,0
1142,Stalemate,34000,30000,30000,18000,112,1,1
1143,Stalemate,50000,26000,38000,22000,112,1,0
1144,P2,14000,84000,14000,40000,74,0,0
1145,Stalemate,39000,15000,35000,3000,112,1,1
1146,Stalemate,21000,46000,13000,38000,112,1,0
1147,P2,31000,60000,19000,40000,96,0,0
1148,Stalemate,33000,44000,29000,32000,112,1,0
1149,P2,18000,60000,10000,40000,88,0,0
1150,Stalemate,16000,51000,12000,39000,112,1,0
1151,P2,46000,60000,34000,40000,90,0,0
1152,Stalemate,38000,32000,38000,4000,112,1,0
1153,Stalemate,23000,54000,19000,30000,111,1,0
1154,Stalemate,47000,32000,39000,24000,112,1,1
1155,Stalemate,36000,43000,28000,35000,112,1,1
1156,Stalemate,51000,27000,39000,23000,112,1,0
1157,Stalemate,23000,46000,19000,34000,112,1,1
1158,P1,68000,27000,40000,23000,75,0,1
1159,Stalemate,50000,4000,38000,0,112,1,1
1160,Stalemate,27000,50000,23000,38000,112,1,0
1161,Stalemate,42000,47000,38000,35000,112,1,0
1162,Stalemate,29000,35000,17000,31000,112,1,1
1163,Stalemate,15000,37000,7000,29000,112,1,0
1164,P2,42000,72000,30000,40000,72,0,0
1165,P1,76000,8000,40000,0,37,0,0
1166,P1,80000,32000,40000,28000,73,0,1
1167,Stalemate,42000,33000,30000,29000,112,1,0
1168,P2,35000,64000,35000,40000,60,0,0
1169,Stalemate,41000,44000,37000,32000,112,1,0
1170,Stalemate,23000,67000,23000,39000,112,1,0
1171,Stalemate,43000,36000,35000,28000,112,1,0
1172,P2,14000,72000,10000,40000,60,0,1
1173,P2,24000,60000,12000,40000,90,0,0
1174,P1,60000,47000,40000,39000,99,0,0
1175,Stalemate,41000,37000,33000,29000,112,1,0
1176,P1,80000,22000,40000,18000,99,0,0
1177,Stalemate,45000,19000,33000,15000,112,1,0
1178,P2,30000,64000,22000,40000,80,0,0
1179,Stalemate,26000,21000,18000,13000,112,1,0
1180,P2,48000,60000,36000,40000,96,0,0
1181,Stalemate,18000,41000,10000,33000,112,1,0
1182,Stalemate,9000,26000,1000,18000,112,1,1
1183,P2,25000,60000,17000,40000,68,0,0
1184,Stalemate,19000,49000,15000,37000,112,1,0
1185,P2,9000,60000,9000,40000,52,0,1
1186,P2,33000,64000,33000,40000,64,0,1
1187,P1,68000,31000,40000,27000,97,0,0
1188,P1,60000,24000,40000,16000,75,0,1
1189,P2,28000,64000,24000,40000,94,0,1
1190,P2,34000,64000,34000,40000,52,0,0
1191,Stalemate,32000,41000,20000,37000,112,1,0
1192,Stalemate,25000,50000,21000,38000,112,1,1
1193,Stalemate,30000,36000,26000,24000,112,1,1
1194,Stalemate,27000,23000,15000,19000,112,1,0
1195,Stalemate,22000,25000,18000,13000,112,1,0
1196,Stalemate,44000,21000,32000,17000,112,1,1
1197,P2,7000,68000,7000,40000,30,0,0
1198,Stalemate,50000,43000,38000,39000,112,1,0
1199,P2,37000,84000,37000,40000,86,0,0
1200,Stalemate,38000,30000,34000,18000,112,1,0
1201,P1,60000,23000,40000,11000,81,0,0
1202,Stalemate,20000,36000,16000,24000,112,1,0
1203,Stalemate,36000,49000,32000,25000,111,1,0
1204,P1,68000,30000,40000,26000,55,0,0
1205,P2,6000,64000,2000,40000,66,0,1
1206,Stalemate,37000,35000,25000,31000,112,1,0
1207,Stalemate,35000,22000,23000,18000,112,1,0
1208,Stalemate,51000,32000,39000,28000,112,1,1
1209,Stalemate,46000,40000,38000,32000,112,1,0
1210,P2,27000,64000,23000,40000,80,0,0
1211,P1,64000,12000,40000,8000,61,0,0
1212,P1,68000,31000,40000,27000,93,0,0
1213,P2,17000,60000,9000,40000,70,0,1
1214,Stalemate,43000,51000,39000,39000,112,1,0
1215,P1,60000,32000,40000,28000,53,0,1
1216,P1,64000,7000,40000,3000,95,0,1
1217,P1,84000,29000,40000,29000,67,0,0
1218,P1,64000,34000,40000,26000,99,0,0
1219,Stalemate,19000,42000,11000,34000,112,1,1
1220,Stalemate,39000,67000,39000,39000,112,1,0
1221,P2,31000,64000,27000,40000,76,0,0
1222,Stalemate,29000,31000,21000,23000,112,1,0
1223,P1,64000,42000,40000,38000,85,0,0
1224,Stalemate,36000,48000,32000,36000,112,1,0
1225,P2,36000,76000,32000,40000,84,0,1
1226,Stalemate,30000,28000,22000,20000,112,1,0
1227,P1,72000,46000,40000,26000,82,0,0
1228,Stalemate,38000,42000,34000,30000,112,1,0
1229,Stalemate,44000,34000,36000,26000,112,1,0
1230,Stalemate,46000,40000,38000,32000,112,1,0
1231,Stalemate,40000,42000,32000,34000,112,1,0
1232,Stalemate,43000,38000,35000,30000,112,1,0
1233,Stalemate,30000,43000,18000,39000,112,1,0
1234,P2,29000,64000,25000,40000,50,0,0
1235,P1,64000,47000,40000,39000,97,0,0
1236,P2,28000,68000,24000,40000,98,0,0
1237,Stalemate,40000,24000,32000,16000,112,1,0
1238,P1,72000,28000,40000,24000,87,0,0
1239,P2,26000,64000,18000,40000,72,0,1
1240,P1,64000,29000,40000,25000,59,0,0
1241,Stalemate,18000,12000,10000,4000,112,1,0
1242,P2,35000,68000,31000,40000,74,0,0
1243,P2,17000,68000,13000,40000,44,0,0
1244,P1,80000,29000,40000,29000,59,0,0
1245,P1,64000,43000,40000,39000,85,0,0
1246,Stalemate,11000,51000,7000,39000,112,1,0
1247,Stalemate,42000,28000,34000,20000,112,1,0
1248,P2,33000,68000,29000,40000,90,0,0
1249,Stalemate,47000,47000,39000,39000,112,1,1
1250,Stalemate,27000,12000,23000,0,112,1,1
1251,Stalemate,40000,21000,28000,17000,112,1,0
1252,Stalemate,40000,47000,32000,39000,112,1,0
1253,Stalemate,46000,43000,38000,35000,112,1,0
1254,P2,10000,84000,6000,40000,45,0,0
1255,P2,29000,68000,25000,40000,98,0,0
1256,P1,64000,13000,40000,13000,73,0,0
1257,Stalemate,30000,23000,22000,15000,112,1,1
1258,Stalemate,23000,42000,15000,34000,112,1,0
1259,Stalemate,46000,30000,38000,22000,112,1,1
1260,Stalemate,61000,39000,33000,39000,112,1,0
1261,Stalemate,60000,24000,32000,24000,112,1,0
1262,Stalemate,29000,46000,21000,38000,112,1,0
1263,P1,64000,12000,40000,4000,85,0,0
1264,Stalemate,39000,40000,35000,28000,112,1,0
1265,P2,27000,68000,23000,40000,94,0,0
1266,Stalemate,65000,28000,37000,28000,112,1,0
1267,Stalemate,27000,42000,23000,30000,112,1,0
1268,Stalemate,4000,35000,0,23000,112,1,1
1269,Stalemate,20000,51000,16000,39000,112,1,0
1270,P1,64000,37000,40000,33000,85,0,0
1271,Stalemate,42000,26000,34000,18000,112,1,0
1272,Stalemate,47000,26000,39000,18000,112,1,1
1273,P1,76000,30000,40000,26000,83,0,0
1274,Stalemate,50000,33000,38000,29000,112,1,1
1275,P1,64000,29000,40000,25000,87,0,0
1276,P2,32000,68000,28000,40000,96,0,1
1277,Stalemate,19000,67000,19000,39000,112,1,0
1278,P2,30000,76000,26000,40000,77,0,0
1279,Stalemate,36000,66000,36000,38000,112,1,0
1280,Stalemate,18000,51000,14000,39000,112,1,0
1281,P2,36000,64000,28000,40000,92,0,0
1282,Stalemate,17000,31000,9000,23000,112,1,0
1283,Stalemate,26000,36000,18000,28000,112,1,1
1284,P2,34000,80000,30000,40000,86,0,1
1285,Stalemate,43000,28000,31000,24000,112,1,0
1286,Stalemate,46000,47000,38000,39000,112,1,0
1287,Stalemate,16000,41000,8000,33000,112,1,0
1288,Stalemate,51000,40000,39000,36000,112,1,0
1289,Stalemate,66000,13000,38000,13000,112,1,0
1290,Stalemate,39000,60000,39000,32000,112,1,1
1291,Stalemate,24000,50000,20000,38000,112,1,1
1292,P2,46000,64000,38000,40000,84,0,0
1293,Stalemate,25000,12000,17000,4000,112,1,0
1294,Stalemate,27000,18000,23000,6000,112,1,1
1295,Stalemate,50000,34000,38000,30000,112,1,0
1296,Stalemate,35000,26000,27000,18000,112,1,0
1297,P2,32000,64000,28000,40000,68,0,1
1298,P2,30000,64000,26000,40000,92,0,0
1299,Stalemate,31000,44000,23000,36000,112,1,1
1300,P1,60000,49000,40000,37000,97,0,0
1301,Stalemate,28000,35000,24000,23000,112,1,1
1302,P1,56000,47000,40000,35000,91,0,0
1303,Stalemate,28000,43000,20000,35000,112,1,0
1304,Stalemate,36000,39000,8000,39000,112,1,0
1305,P1,84000,33000,40000,33000,83,0,1
1306,P1,68000,15000,40000,11000,81,0,1
1307,Stalemate,29000,51000,25000,39000,112,1,0
1308,P2,9000,68000,5000,40000,94,0,0
1309,Stalemate,50000,13000,38000,9000,112,1,0
1310,P1,68000,3000,40000,3000,81,0,1
1311,P2,11000,64000,7000,40000,74,0,1
1312,P1,68000,25000,40000,21000,87,0,1
1313,Stalemate,43000,34000,39000,22000,112,1,0
1314,Stalemate,25000,20000,21000,8000,112,1,1
1315,P2,28000,64000,24000,40000,60,0,1
1316,Stalemate,20000,23000,12000,15000,112,1,0
1317,P2,40000,60000,32000,40000,50,0,1
1318,Stalemate,43000,46000,39000,34000,112,1,0
1319,P2,46000,64000,38000,40000,70,0,0
1320,Stalemate,41000,19000,37000,7000,112,1,0
1321,Stalemate,40000,32000,28000,28000,112,1,1
1322,P2,31000,68000,27000,40000,86,0,1
1323,P2,51000,60000,39000,40000,68,0,0
1324,Stalemate,39000,67000,39000,39000,112,1,1
1325,P2,30000,64000,26000,40000,92,0,0
1326,Stalemate,46000,39000,34000,35000,112,1,1
1327,P1,64000,35000,40000,31000,75,0,0
1328,Stalemate,32000,13000,24000,5000,112,1,1
1329,P2,29000,68000,25000,40000,92,0,0
1330,Stalemate,47000,43000,39000,35000,112,1,0
1331,Stalemate,48000,36000,36000,32000,112,1,0
1332,Stalemate,36000,41000,28000,33000,112,1,0
1333,Stalemate,38000,45000,30000,37000,112,1,0
1334,P1,56000,64000,40000,36000,91,0,0
1335,P1,64000,28000,40000,24000,71,0,0
1336,Stalemate,39000,29000,27000,25000,112,1,1
1337,Stalemate,34000,44000,26000,36000,112,1,0
1338,P2,12000,56000,8000,40000,50,0,0
1339,Stalemate,47000,41000,39000,33000,112,1,0
1340,Stalemate,51000,43000,39000,39000,112,1,0
1341,P1,60000,43000,40000,35000,77,0,0
1342,Stalemate,46000,25000,38000,17000,112,1,1
1343,Stalemate,14000,24000,10000,12000,112,1,1
1344,Stalemate,36000,27000,32000,15000,112,1,0
1345,Stalemate,28000,16000,20000,8000,112,1,0
1346,Stalemate,40000,34000,32000,26000,112,1,1
1347,Stalemate,38000,27000,26000,23000,112,1,1
1348,Stalemate,51000,29000,39000,25000,112,1,0
1349,Stalemate,42000,9000,30000,5000,112,1,0
1350,Stalemate,38000,27000,30000,19000,112,1,1
1351,P2,26000,60000,18000,40000,74,0,0
1352,P1,64000,1000,40000,1000,69,0,0
1353,P1,84000,12000,40000,12000,85,0,1
1354,P1,60000,47000,40000,39000,83,0,0
1355,Stalemate,37000,34000,29000,26000,112,1,0
1356,Stalemate,9000,17000,5000,5000,112,1,1
1357,P1,68000,38000,40000,38000,69,0,0
1358,P2,19000,80000,15000,40000,96,0,0
1359,P2,22000,56000,14000,40000,60,0,1
1360,Stalemate,43000,51000,39000,39000,112,1,0
1361,Stalemate,12000,41000,4000,33000,112,1,0
1362,P2,20000,68000,20000,40000,52,0,0
1363,P1,68000,13000,40000,13000,43,0,1
1364,Stalemate,45000,43000,37000,35000,112,1,0
1365,Stalemate,32000,35000,20000,31000,112,1,0
1366,Stalemate,46000,22000,34000,18000,112,1,0
1367,P1,88000,4000,40000,0,93,0,1
1368,P2,38000,68000,38000,40000,94,0,0
1369,Stalemate,19000,28000,11000,20000,112,1,0
1370,P1,60000,10000,40000,10000,67,0,1
1371,P2,38000,64000,34000,40000,54,0,0
1372,P2,18000,60000,14000,40000,30,0,1
1373,P2,11000,68000,11000,40000,86,0,1
1374,P1,60000,29000,40000,21000,79,0,0
1375,P1,60000,24000,40000,16000,75,0,0
1376,P1,60000,25000,40000,17000,75,0,1
1377,Stalemate,20000,42000,12000,34000,112,1,0
1378,Stalemate,43000,35000,39000,23000,112,1,0
1379,Stalemate,27000,13000,15000,9000,112,1,1
1380,P1,60000,45000,40000,33000,85,0,0
1381,Stalemate,37000,43000,33000,31000,112,1,1
1382,P1,64000,22000,40000,18000,77,0,0
1383,Stalemate,40000,46000,32000,38000,112,1,0
1384,Stalemate,42000,34000,30000,30000,112,1,0
1385,P1,64000,31000,40000,27000,69,0,0
1386,Stalemate,42000,46000,34000,38000,112,1,0
1387,P1,60000,13000,40000,1000,93,0,0
1388,P1,72000,28000,40000,20000,57,0,0
1389,Stalemate,38000,29000,26000,25000,112,1,0
1390,P2,33000,60000,29000,40000,64,0,1
1391,Stalemate,50000,8000,38000,4000,112,1,1
1392,P1,64000,44000,40000,36000,83,0,0
1393,Stalemate,47000,32000,39000,24000,112,1,0
1394,Stalemate,45000,37000,33000,33000,112,1,0
1395,P2,40000,64000,32000,40000,70,0,1
1396,Stalemate,22000,43000,14000,35000,112,1,1
1397,Stalemate,41000,41000,29000,37000,112,1,0
1398,P1,68000,23000,40000,19000,85,0,0
1399,P2,43000,64000,39000,40000,88,0,0
1400,Stalemate,40000,40000,32000,32000,112,1,1
1401,Stalemate,32000,33000,24000,25000,112,1,1
1402,Stalemate,64000,26000,36000,26000,112,1,0
1403,P2,14000,68000,14000,40000,76,0,0
1404,Stalemate,11000,45000,7000,33000,112,1,0
1405,P2,22000,76000,18000,40000,63,0,0
1406,P1,68000,24000,40000,24000,67,0,0
1407,P2,36000,64000,28000,40000,96,0,0
1408,Stalemate,27000,42000,19000,34000,112,1,0
1409,P2,42000,64000,38000,40000,76,0,0
1410,P1,68000,18000,40000,18000,83,0,1
1411,P2,25000,76000,21000,40000,70,0,0
1412,Stalemate,49000,28000,37000,24000,112,1,0
1413,Stalemate,47000,26000,39000,18000,112,1,0
1414,Stalemate,32000,43000,20000,39000,112,1,0
1415,Stalemate,37000,30000,33000,18000,112,1,0
1416,P2,44000,60000,32000,40000,68,0,0
1417,P2,33000,64000,29000,40000,72,0,0
1418,Stalemate,26000,47000,22000,35000,112,1,1
1419,P2,23000,68000,19000,40000,78,0,0
1420,Stalemate,47000,43000,39000,35000,112,1,0
1421,P1,68000,43000,40000,39000,97,0,1
1422,P1,80000,4000,40000,0,63,0,0
1423,P1,88000,4000,40000,0,61,0,0
1424,Stalemate,14000,50000,10000,38000,112,1,1
1425,Stalemate,35000,33000,23000,29000,112,1,0
1426,P1,68000,21000,40000,17000,81,0,1
1427,P2,34000,64000,26000,40000,88,0,0
1428,Stalemate,39000,27000,27000,23000,112,1,0
1429,P2,25000,68000,21000,40000,88,0,0
1430,Stalemate,46000,47000,38000,39000,112,1,0
1431,P1,84000,36000,40000,36000,79,0,0
1432,Stalemate,36000,34000,24000,30000,112,1,0
1433,P1,56000,22000,40000,18000,67,0,0
1434,Stalemate,20000,35000,16000,23000,112,1,0
1435,P1,68000,19000,40000,19000,83,0,0
1436,P2,25000,80000,21000,40000,78,0,0
1437,P2,8000,64000,8000,40000,58,0,0
1438,Stalemate,42000,19000,30000,15000,112,1,1
1439,P1,76000,22000,40000,14000,91,0,0
1440,P2,31000,64000,27000,40000,52,0,0
1441,P2,4000,96000,0,40000,86,0,1
1442,Stalemate,48000,36000,36000,32000,112,1,0
1443,Stalemate,37000,51000,33000,39000,112,1,0
1444,P1,64000,9000,40000,5000,45,0,1
1445,Stalemate,24000,45000,20000,33000,112,1,0
1446,Stalemate,35000,40000,27000,32000,112,1,0
1447,P2,17000,68000,13000,40000,60,0,0
1448,P2,33000,68000,29000,40000,90,0,0
1449,P1,60000,10000,40000,10000,35,0,0
1450,Stalemate,41000,48000,37000,36000,112,1,1
1451,Stalemate,37000,66000,37000,38000,112,1,0
1452,P1,84000,5000,40000,5000,93,0,0
1453,Stalemate,41000,24000,29000,20000,112,1,0
1454,Stalemate,28000,33000,20000,25000,112,1,0
1455,P2,26000,60000,18000,40000,92,0,0
1456,P1,60000,46000,40000,34000,83,0,0
1457,Stalemate,9000,47000,1000,39000,112,1,0
1458,P1,76000,12000,40000,4000,73,0,0
1459,P1,56000,9000,40000,9000,37,0,1
1460,P2,34000,68000,34000,40000,72,0,0
1461,Stalemate,35000,51000,31000,39000,112,1,0
1462,P2,17000,60000,13000,40000,58,0,1
1463,P2,23000,64000,19000,40000,52,0,1
1464,Stalemate,26000,39000,18000,31000,112,1,0
1465,P1,64000,16000,40000,16000,69,0,1
1466,Stalemate,43000,26000,35000,18000,112,1,1
1467,Stalemate,35000,16000,23000,12000,112,1,0
1468,P2,24000,76000,24000,40000,60,0,1
1469,P1,64000,45000,40000,37000,77,0,0
1470,P2,30000,80000,30000,40000,80,0,0
1471,Stalemate,31000,43000,19000,39000,112,1,0
1472,P2,28000,92000,24000,40000,93,0,0
1473,P1,64000,30000,40000,22000,95,0,0
1474,Stalemate,15000,26000,11000,2000,111,1,0
1475,Stalemate,10000,50000,6000,38000,112,1,0
1476,Stalemate,28000,46000,20000,38000,112,1,1
1477,P2,41000,60000,29000,40000,98,0,1
1478,Stalemate,19000,46000,15000,34000,112,1,0
1479,P1,64000,28000,40000,24000,53,0,0
1480,Stalemate,44000,11000,32000,7000,112,1,1
1481,Stalemate,32000,32000,24000,24000,112,1,0
1482,P1,84000,19000,40000,19000,91,0,0
1483,Stalemate,43000,36000,35000,28000,112,1,1
1484,Stalemate,66000,20000,38000,20000,112,1,0
1485,P1,64000,18000,40000,10000,83,0,0
1486,P1,64000,41000,40000,33000,93,0,0
1487,P1,60000,34000,40000,22000,99,0,0
1488,Stalemate,29000,39000,21000,31000,112,1,1
1489,Stalemate,31000,12000,27000,0,112,1,1
1490,P2,22000,84000,22000,40000,74,0,1
1491,Stalemate,33000,37000,29000,25000,112,1,0
1492,Stalemate,19000,51000,15000,39000,112,1,1
1493,P1,64000,25000,40000,17000,83,0,0
1494,P1,64000,14000,40000,10000,93,0,0
1495,Stalemate,49000,37000,37000,33000,112,1,1
1496,P2,25000,60000,21000,40000,50,0,1
1497,P2,29000,68000,25000,40000,84,0,0
1498,P1,64000,5000,40000,1000,31,0,0
1499,Stalemate,38000,14000,10000,14000,112,1,1
1500,P1,56000,35000,40000,27000,33,0,0
1501,Stalemate,43000,15000,35000,7000,112,1,0
1502,P1,60000,18000,40000,14000,45,0,0
1503,Stalemate,27000,51000,23000,39000,112,1,0
1504,Stalemate,32000,39000,20000,35000,112,1,0
1505,Stalemate,44000,45000,36000,37000,112,1,1
1506,P1,68000,34000,40000,30000,93,0,0
1507,Stalemate,32000,51000,28000,39000,112,1,1
1508,P2,20000,64000,12000,40000,86,0,0
1509,P1,72000,36000,40000,28000,59,0,0
1510,Stalemate,40000,13000,32000,5000,112,1,1
1511,P1,76000,21000,40000,17000,85,0,0
1512,P1,72000,46000,40000,34000,83,0,0
1513,Stalemate,21000,39000,13000,31000,112,1,0
1514,Stalemate,67000,28000,39000,28000,112,1,0
1515,P2,0,116000,0,40000,97,0,1
1516,Stalemate,47000,42000,39000,34000,112,1,0
1517,Stalemate,38000,9000,26000,5000,112,1,0
1518,P1,60000,45000,40000,37000,63,0,0
1519,Stalemate,14000,28000,2000,24000,112,1,0
1520,Stalemate,49000,30000,37000,26000,112,1,1
1521,P1,60000,20000,40000,12000,95,0,0
1522,P2,17000,56000,5000,40000,44,0,0
1523,Stalemate,65000,11000,37000,11000,112,1,1
1524,P2,29000,60000,17000,40000,96,0,0
1525,P1,60000,10000,40000,6000,61,0,0
1526,Stalemate,10000,27000,2000,19000,112,1,0
1527,P1,56000,65000,40000,37000,91,0,0
1528,Stalemate,34000,40000,26000,32000,112,1,0
1529,Stalemate,27000,42000,23000,30000,112,1,1
1530,P2,27000,64000,23000,40000,88,0,0
1531,Stalemate,44000,20000,32000,16000,112,1,1
1532,P1,60000,29000,40000,25000,55,0,1
1533,Stalemate,38000,17000,30000,9000,112,1,0
1534,Stalemate,49000,22000,37000,18000,112,1,0
1535,P2,16000,64000,12000,40000,56,0,1
1536,P2,22000,60000,14000,40000,68,0,1
1537,P2,37000,72000,25000,40000,44,0,0
1538,Stalemate,18000,45000,10000,37000,112,1,0
1539,P1,60000,32000,40000,24000,77,0,0
1540,P1,60000,18000,40000,14000,53,0,1
1541,Stalemate,22000,26000,14000,18000,112,1,0
1542,P2,5000,68000,5000,40000,70,0,1
1543,P2,32000,64000,28000,40000,76,0,0
1544,Stalemate,19000,31000,11000,23000,112,1,1
1545,Stalemate,38000,33000,26000,29000,112,1,0
1546,Stalemate,47000,11000,39000,3000,112,1,1
1547,P1,64000,10000,40000,2000,65,0,0
1548,Stalemate,46000,44000,38000,36000,112,1,0
1549,P1,60000,11000,40000,3000,81,0,0
1550,P1,64000,9000,40000,1000,75,0,1
1551,Stalemate,25000,14000,17000,6000,112,1,0
1552,P2,26000,68000,26000,40000,82,0,1
1553,Stalemate,39000,45000,31000,37000,112,1,0
1554,P2,32000,64000,28000,40000,82,0,1
1555,Stalemate,21000,47000,13000,39000,112,1,0
1556,P2,20000,60000,20000,40000,74,0,1
1557,Stalemate,40000,29000,36000,17000,112,1,1
1558,P1,64000,34000,40000,34000,43,0,1
1559,P2,41000,60000,37000,40000,64,0,0
1560,P2,19000,68000,15000,40000,54,0,0
1561,P2,34000,84000,34000,40000,92,0,0
1562,Stalemate,45000,30000,37000,22000,112,1,0
1563,P2,24000,68000,20000,40000,86,0,0
1564,P1,76000,25000,40000,21000,63,0,1
1565,Stalemate,17000,23000,5000,19000,112,1,1
1566,Stalemate,49000,23000,37000,19000,112,1,1
1567,P2,22000,68000,22000,40000,76,0,0
1568,Stalemate,42000,33000,30000,29000,112,1,1
1569,Stalemate,20000,47000,12000,39000,112,1,0
1570,P2,34000,64000,26000,40000,82,0,1
1571,P1,96000,34000,40000,34000,59,0,0
1572,P2,38000,60000,26000,40000,78,0,1
1573,Stalemate,44000,40000,36000,32000,112,1,0
1574,P2,10000,68000,6000,40000,92,0,0
1575,Stalemate,39000,39000,31000,31000,112,1,1
1576,Stalemate,50000,27000,38000,23000,112,1,1
1577,Stalemate,41000,42000,29000,38000,112,1,1
1578,P2,19000,64000,19000,40000,36,0,0
1579,Stalemate,8000,8000,0,0,112,1,1
1580,P2,29000,60000,21000,40000,70,0,0
1581,Stalemate,47000,31000,39000,23000,112,1,1
1582,P2,7000,64000,3000,40000,88,0,0
1583,P2,4000,84000,0,40000,66,0,1
1584,Stalemate,53000,17000,25000,17000,112,1,1
1585,Stalemate,24000,46000,20000,34000,112,1,0
1586,Stalemate,37000,43000,25000,39000,112,1,1
1587,P1,68000,20000,40000,20000,81,0,0
1588,P2,6000,64000,2000,40000,60,0,1
1589,Stalemate,43000,13000,35000,5000,112,1,1
1590,P2,13000,64000,13000,40000,66,0,0
1591,P2,55000,72000,31000,40000,99,0,0
1592,P2,14000,60000,6000,40000,88,0,0
1593,P2,37000,60000,29000,40000,66,0,0
1594,Stalemate,42000,37000,38000,25000,112,1,1
1595,P1,68000,20000,40000,16000,91,0,0
1596,P2,47000,60000,39000,40000,76,0,1
1597,Stalemate,21000,39000,17000,27000,112,1,0
1598,Stalemate,29000,39000,21000,31000,112,1,0
1599,P2,51000,60000,39000,40000,98,0,0
1600,P2,16000,64000,12000,40000,62,0,1
1601,P2,26000,84000,26000,40000,92,0,0
1602,Stalemate,34000,28000,26000,20000,112,1,1
1603,Stalemate,46000,4000,34000,0,112,1,1
1604,P2,26000,68000,22000,40000,70,0,0
1605,Stalemate,44000,38000,36000,30000,112,1,1
1606,P1,68000,43000,40000,39000,79,0,0
1607,Stalemate,35000,41000,27000,33000,112,1,1
1608,P1,64000,19000,40000,15000,57,0,1
1609,Stalemate,46000,27000,38000,19000,112,1,1
1610,Stalemate,47000,38000,39000,30000,112,1,0
1611,Stalemate,20000,46000,12000,38000,112,1,0
1612,Stalemate,29000,47000,21000,39000,112,1,0
1613,P1,84000,20000,40000,20000,77,0,1
1614,P1,68000,24000,40000,20000,75,0,1
1615,P1,68000,21000,40000,21000,71,0,0
1616,Stalemate,17000,20000,13000,8000,112,1,0
1617,Stalemate,48000,39000,36000,35000,112,1,0
1618,P2,26000,60000,18000,40000,66,0,0
1619,P2,47000,64000,39000,40000,64,0,0
1620,Stalemate,27000,30000,23000,18000,112,1,1
1621,P2,5000,72000,1000,40000,56,0,0
1622,P2,21000,64000,17000,40000,90,0,1
1623,Stalemate,22000,27000,18000,15000,112,1,1
1624,Stalemate,22000,10000,14000,2000,112,1,0
1625,Stalemate,38000,34000,26000,30000,112,1,0
1626,P1,80000,12000,40000,0,87,0,0
1627,P1,64000,2000,40000,2000,73,0,1
1628,Stalemate,35000,35000,31000,23000,112,1,1
1629,P1,64000,31000,40000,31000,63,0,1
1630,Stalemate,51000,24000,39000,20000,112,1,0
1631,P1,64000,38000,40000,30000,79,0,1
1632,Stalemate,28000,55000,28000,27000,112,1,0
1633,P1,56000,41000,40000,37000,65,0,0
1634,Stalemate,26000,47000,18000,39000,112,1,1
1635,P1,64000,22000,40000,22000,51,0,0
1636,Stalemate,44000,58000,36000,38000,111,1,0
1637,P1,80000,20000,40000,16000,93,0,0
1638,Stalemate,36000,31000,24000,27000,112,1,1
1639,Stalemate,18000,42000,10000,34000,112,1,0
1640,Stalemate,43000,30000,31000,26000,112,1,1
1641,P1,60000,34000,40000,26000,83,0,1
1642,Stalemate,37000,30000,33000,18000,112,1,0
1643,Stalemate,3000,60000,3000,32000,112,1,0
1644,Stalemate,33000,22000,29000,10000,112,1,1
1645,Stalemate,32000,13000,20000,9000,112,1,1
1646,P2,25000,68000,25000,40000,46,0,0
1647,Stalemate,8000,16000,4000,4000,112,1,0
1648,Stalemate,41000,37000,33000,29000,112,1,0
1649,P1,60000,33000,40000,25000,81,0,1
1650,P2,47000,84000,35000,40000,100,0,1
1651,P1,72000,27000,40000,23000,49,0,1
1652,Stalemate,45000,47000,37000,39000,112,1,1
1653,Stalemate,38000,8000,30000,0,112,1,0
1654,P2,29000,64000,25000,40000,46,0,0
1655,P2,10000,68000,6000,40000,82,0,0
1656,Stalemate,32000,40000,24000,32000,112,1,0
1657,P2,7000,60000,7000,40000,54,0,0
1658,P2,45000,60000,33000,40000,98,0,0
1659,P1,68000,1000,40000,1000,87,0,0
1660,P2,27000,72000,15000,40000,104,0,0
1661,Stalemate,39000,32000,27000,28000,112,1,0
1662,Stalemate,45000,44000,37000,36000,112,1,0
1663,Stalemate,38000,44000,34000,32000,112,1,0
1664,Stalemate,30000,23000,22000,15000,112,1,1
1665,Stalemate,18000,42000,6000,38000,112,1,1
1666,Stalemate,51000,36000,39000,32000,112,1,0
1667,Stalemate,46000,21000,38000,13000,112,1,1
1668,P2,9000,68000,5000,40000,82,0,0
1669,P2,47000,60000,39000,40000,86,0,0
1670,P2,10000,64000,6000,40000,84,0,1
1671,Stalemate,46000,30000,38000,22000,112,1,0
1672,P2,23000,68000,19000,40000,82,0,0
1673,Stalemate,51000,25000,39000,21000,112,1,0
1674,Stalemate,46000,44000,38000,36000,112,1,0
1675,P2,22000,56000,10000,40000,62,0,0
1676,Stalemate,33000,24000,29000,12000,112,1,1
1677,Stalemate,46000,46000,38000,38000,112,1,1
1678,Stalemate,49000,24000,37000,20000,112,1,0
1679,Stalemate,40000,46000,32000,38000,112,1,1
1680,Stalemate,38000,38000,34000,26000,112,1,0
1681,P1,64000,10000,40000,10000,51,0,0
1682,Stalemate,65000,30000,37000,30000,112,1,0
1683,Stalemate,24000,45000,20000,33000,112,1,0
1684,Stalemate,46000,30000,38000,22000,112,1,0
1685,P2,27000,72000,23000,40000,62,0,0
1686,Stalemate,33000,51000,29000,39000,112,1,0
1687,P1,60000,43000,40000,31000,99,0,0
1688,P2,11000,64000,3000,40000,96,0,0
1689,Stalemate,41000,33000,37000,21000,112,1,1
1690,P1,64000,31000,40000,23000,95,0,0
1691,P1,60000,17000,40000,13000,55,0,1
1692,P1,60000,42000,40000,34000,91,0,0
1693,Stalemate,29000,43000,17000,39000,112,1,0
1694,P1,64000,35000,40000,27000,75,0,0
1695,P1,68000,14000,40000,10000,85,0,0
1696,Stalemate,25000,47000,17000,39000,112,1,1
1697,P2,32000,64000,28000,40000,96,0,0
1698,Stalemate,47000,23000,39000,15000,112,1,0
1699,Stalemate,37000,42000,25000,38000,112,1,0
1700,Stalemate,27000,37000,23000,25000,112,1,1
1701,Stalemate,51000,41000,39000,37000,112,1,1
1702,Stalemate,51000,35000,39000,31000,112,1,1
1703,Stalemate,39000,45000,31000,37000,112,1,0
1704,Stalemate,31000,18000,19000,14000,112,1,0
1705,Stalemate,41000,49000,37000,37000,112,1,0
1706,Stalemate,43000,33000,35000,25000,112,1,0
1707,P1,84000,14000,40000,14000,83,0,1
1708,P1,64000,47000,40000,39000,93,0,0
1709,Stalemate,40000,19000,32000,11000,112,1,0
1710,Stalemate,49000,12000,37000,8000,112,1,0
1711,Stalemate,23000,32000,11000,28000,112,1,0
1712,Stalemate,31000,30000,23000,22000,112,1,0
1713,Stalemate,45000,44000,37000,36000,112,1,0
1714,P1,76000,25000,40000,21000,75,0,0
1715,Stalemate,27000,39000,19000,31000,112,1,1
1716,Stalemate,33000,34000,25000,26000,112,1,0
1717,P2,10000,68000,6000,40000,90,0,0
1718,P1,68000,26000,40000,22000,99,0,0
1719,Stalemate,21000,8000,13000,0,112,1,1
1720,Stalemate,25000,39000,21000,27000,112,1,0
1721,P2,8000,80000,0,40000,70,0,1
1722,P1,68000,16000,40000,12000,91,0,0
1723,Stalemate,21000,51000,17000,39000,112,1,0
1724,Stalemate,47000,26000,39000,18000,112,1,0
1725,Stalemate,33000,44000,29000,32000,112,1,0
1726,P1,64000,10000,40000,6000,87,0,0
1727,Stalemate,42000,26000,38000,14000,112,1,1
1728,P2,9000,68000,5000,40000,78,0,1
1729,Stalemate,13000,54000,13000,26000,112,1,0
1730,Stalemate,39000,59000,39000,31000,112,1,0
1731,Stalemate,32000,36000,24000,28000,112,1,0
1732,Stalemate,31000,38000,23000,30000,112,1,1
1733,P1,68000,25000,40000,21000,77,0,0
1734,Stalemate,46000,26000,34000,22000,112,1,0
1735,P1,60000,43000,40000,39000,73,0,0
1736,P1,68000,38000,40000,22000,82,0,0
1737,P1,64000,40000,40000,32000,93,0,0
1738,P1,64000,21000,40000,17000,61,0,0
1739,Stalemate,6000,51000,2000,39000,112,1,1
1740,Stalemate,41000,41000,37000,29000,112,1,0
1741,Stalemate,67000,9000,39000,9000,112,1,0
1742,P2,22000,60000,18000,40000,66,0,0
1743,Stalemate,26000,24000,18000,16000,112,1,1
1744,Stalemate,41000,47000,37000,35000,112,1,0
1745,P2,18000,68000,14000,40000,74,0,0
1746,P2,6000,60000,6000,40000,54,0,0
1747,Stalemate,38000,10000,30000,2000,112,1,0
1748,Stalemate,12000,43000,4000,35000,112,1,0
1749,P2,38000,64000,34000,40000,72,0,1
1750,P2,8000,68000,4000,40000,86,0,0
1751,Stalemate,29000,32000,21000,24000,112,1,0
1752,P1,64000,25000,40000,21000,75,0,0
1753,Stalemate,10000,45000,6000,33000,112,1,0
1754,P1,60000,19000,40000,11000,73,0,0
1755,Stalemate,44000,15000,32000,11000,112,1,0
1756,P2,12000,72000,4000,40000,62,0,0
1757,P2,24000,64000,24000,40000,44,0,1
1758,P2,16000,64000,16000,40000,56,0,1
1759,P2,42000,68000,38000,40000,60,0,0
1760,P2,35000,92000,31000,40000,100,0,1
1761,Stalemate,50000,14000,38000,10000,112,1,0
1762,Stalemate,46000,29000,38000,21000,112,1,1
1763,Stalemate,42000,35000,38000,23000,112,1,1
1764,Stalemate,50000,39000,38000,35000,112,1,1
1765,Stalemate,36000,22000,28000,14000,112,1,1
1766,Stalemate,19000,34000,15000,22000,112,1,0
1767,Stalemate,19000,27000,11000,19000,112,1,1
1768,P1,64000,38000,40000,34000,93,0,0
1769,Stalemate,38000,40000,30000,32000,112,1,0
1770,Stalemate,50000,42000,38000,38000,112,1,1
1771,Stalemate,50000,31000,38000,27000,112,1,0
1772,Stalemate,21000,32000,17000,20000,112,1,0
1773,P1,60000,25000,40000,25000,59,0,0
1774,Stalemate,24000,35000,16000,27000,112,1,1
1775,Stalemate,44000,31000,36000,23000,112,1,1
1776,P2,19000,64000,11000,40000,82,0,0
1777,Stalemate,16000,44000,12000,32000,112,1,0
1778,P2,37000,60000,29000,40000,92,0,0
1779,Stalemate,20000,10000,12000,2000,112,1,1
1780,P1,60000,27000,40000,19000,71,0,0
1781,P2,45000,76000,37000,40000,96,0,1
1782,Stalemate,67000,30000,39000,30000,112,1,0
1783,Stalemate,12000,18000,0,14000,112,1,1
1784,P2,34000,60000,30000,40000,52,0,0
1785,Stalemate,45000,46000,37000,38000,112,1,1
1786,P1,64000,15000,40000,11000,83,0,0
1787,P1,64000,46000,40000,38000,93,0,0
1788,Stalemate,20000,62000,20000,34000,112,1,0
1789,Stalemate,24000,28000,20000,16000,112,1,0
1790,P1,84000,3000,40000,3000,51,0,1
1791,P1,64000,28000,40000,20000,93,0,0
1792,P2,3000,60000,3000,40000,56,0,0
1793,Stalemate,29000,24000,25000,12000,112,1,1
1794,Stalemate,38000,45000,34000,33000,112,1,0
1795,Stalemate,45000,39000,37000,31000,112,1,0
1796,P1,60000,38000,40000,30000,79,0,0
1797,P2,47000,60000,35000,40000,96,0,0
1798,Stalemate,15000,43000,7000,35000,112,1,0
1799,P1,60000,47000,40000,39000,83,0,0
1800,P1,64000,22000,40000,18000,81,0,1
1801,P2,23000,60000,15000,40000,56,0,0
1802,Stalemate,46000,35000,34000,31000,112,1,0
1803,P1,64000,23000,40000,19000,67,0,1
1804,P1,68000,25000,40000,21000,61,0,0
1805,Stalemate,39000,4000,27000,0,112,1,0
1806,Stalemate,39000,43000,31000,35000,112,1,0
1807,P2,47000,60000,35000,40000,64,0,1
1808,P2,67000,56000,39000,40000,88,0,0
1809,P2,36000,64000,28000,40000,86,0,1
1810,Stalemate,19000,49000,15000,37000,112,1,0
1811,P1,60000,35000,40000,27000,63,0,1
1812,Stalemate,44000,30000,36000,22000,112,1,0
1813,Stalemate,35000,33000,31000,21000,112,1,1
1814,P2,28000,64000,20000,40000,46,0,0
1815,P1,60000,37000,40000,33000,81,0,0
1816,P1,84000,4000,40000,4000,95,0,1
1817,Stalemate,47000,36000,35000,32000,112,1,0
1818,Stalemate,22000,20000,10000,16000,112,1,1
1819,Stalemate,38000,41000,30000,33000,112,1,0
1820,Stalemate,25000,28000,21000,16000,112,1,1
1821,P1,64000,22000,40000,14000,87,0,0
1822,Stalemate,33000,24000,29000,12000,112,1,0
1823,P1,64000,9000,40000,9000,79,0,0
1824,Stalemate,33000,41000,21000,37000,112,1,0
1825,Stalemate,44000,34000,36000,26000,112,1,0
1826,Stalemate,23000,21000,11000,17000,112,1,0
1827,P1,76000,14000,40000,10000,83,0,1
1828,Stalemate,26000,29000,22000,17000,112,1,1
1829,Stalemate,26000,12000,14000,8000,112,1,0
1830,Stalemate,35000,33000,27000,25000,112,1,0
1831,Stalemate,39000,47000,31000,39000,112,1,1
1832,Stalemate,44000,43000,36000,35000,112,1,0
1833,Stalemate,20000,50000,16000,38000,112,1,1
1834,P1,80000,4000,40000,0,43,0,1
1835,P1,84000,7000,40000,7000,69,0,0
1836,Stalemate,29000,47000,25000,35000,112,1,0
1837,P1,64000,38000,40000,38000,75,0,0
1838,P2,39000,60000,27000,40000,86,0,0
1839,Stalemate,39000,37000,31000,29000,112,1,0
1840,P2,13000,68000,9000,40000,54,0,0
1841,P2,23000,80000,19000,40000,100,0,1
1842,Stalemate,42000,28000,38000,16000,112,1,0
1843,P1,64000,28000,40000,20000,93,0,0
1844,P2,43000,68000,39000,40000,92,0,0
1845,Stalemate,46000,47000,38000,39000,112,1,0
1846,Stalemate,37000,36000,33000,24000,112,1,0
1847,Stalemate,41000,44000,33000,36000,112,1,1
1848,P1,64000,28000,40000,20000,89,0,0
1849,Stalemate,13000,33000,9000,21000,112,1,0
1850,Stalemate,31000,47000,23000,39000,112,1,1
1851,Stalemate,18000,8000,10000,0,112,1,1
1852,Stalemate,0,37000,0,9000,112,1,1
1853,Stalemate,40000,38000,36000,26000,112,1,0
1854,P1,64000,25000,40000,21000,55,0,0
1855,Stalemate,60000,32000,32000,32000,112,1,1
1856,Stalemate,67000,19000,39000,19000,112,1,0
1857,Stalemate,39000,29000,31000,21000,112,1,0
1858,Stalemate,45000,19000,33000,15000,112,1,0
1859,P2,42000,68000,38000,40000,94,0,0
1860,P1,100000,0,40000,0,73,0,0
1861,P2,17000,60000,5000,40000,94,0,0
1862,Stalemate,35000,25000,23000,21000,112,1,0
1863,P2,43000,60000,39000,40000,80,0,0
1864,P1,68000,16000,40000,12000,91,0,0
1865,Stalemate,46000,46000,38000,38000,112,1,0
1866,Stalemate,34000,26000,26000,18000,112,1,0
1867,Stalemate,25000,47000,25000,19000,112,1,0
1868,Stalemate,36000,24000,32000,12000,112,1,1
1869,Stalemate,43000,50000,39000,38000,112,1,0
1870,P1,80000,4000,40000,0,45,0,1
1871,Stalemate,45000,38000,37000,30000,112,1,1
1872,Stalemate,51000,7000,39000,3000,112,1,0
1873,P1,68000,32000,40000,28000,97,0,0
1874,Stalemate,51000,27000,39000,23000,112,1,0
1875,Stalemate,38000,51000,34000,39000,112,1,1
1876,P1,64000,40000,40000,36000,79,0,1
1877,Stalemate,43000,46000,35000,38000,112,1,0
1878,P1,68000,37000,40000,33000,87,0,0
1879,Stalemate,46000,20000,38000,12000,112,1,0
1880,Stalemate,33000,41000,25000,33000,112,1,0
1881,Stalemate,18000,49000,14000,37000,112,1,0
1882,Stalemate,22000,28000,14000,20000,112,1,1
1883,P1,60000,43000,40000,31000,97,0,0
1884,Stalemate,51000,27000,39000,23000,112,1,0
1885,Stalemate,42000,26000,38000,14000,112,1,0
1886,P1,84000,18000,40000,18000,91,0,1
1887,Stalemate,19000,53000,19000,25000,112,1,1
1888,P2,33000,64000,29000,40000,68,0,0
1889,P2,7000,68000,3000,40000,92,0,0
1890,Stalemate,19000,42000,15000,30000,112,1,0
1891,P1,64000,26000,40000,26000,63,0,0
1892,P1,80000,0,40000,0,59,0,1
1893,P2,31000,80000,27000,40000,92,0,0
1894,P1,68000,11000,40000,7000,97,0,0
1895,Stalemate,47000,29000,19000,29000,112,1,0
1896,P2,12000,80000,12000,40000,68,0,0
1897,Stalemate,47000,27000,39000,19000,112,1,0
1898,Stalemate,24000,46000,16000,38000,112,1,0
1899,Stalemate,38000,38000,26000,34000,112,1,0
1900,P2,43000,64000,35000,40000,96,0,0
1901,P1,68000,33000,40000,29000,97,0,0
1902,Stalemate,21000,51000,17000,39000,112,1,0
1903,Stalemate,46000,35000,38000,27000,112,1,0
1904,Stalemate,30000,51000,26000,39000,112,1,0
1905,P2,41000,80000,37000,40000,92,0,0
1906,Stalemate,37000,9000,25000,5000,112,1,0
1907,Stalemate,37000,47000,29000,39000,112,1,0
1908,Stalemate,44000,8000,36000,0,112,1,1
1909,Stalemate,47000,21000,39000,13000,112,1,1
1910,P1,60000,34000,40000,30000,57,0,1
1911,Stalemate,18000,42000,14000,30000,112,1,0
1912,P1,68000,18000,40000,14000,95,0,0
1913,P2,26000,80000,22000,40000,92,0,0
1914,P2,31000,80000,31000,40000,76,0,0
1915,P1,64000,4000,40000,4000,39,0,0
1916,P2,40000,64000,32000,40000,88,0,0
1917,Stalemate,45000,37000,37000,29000,112,1,0
1918,P1,68000,18000,40000,18000,89,0,0
1919,Stalemate,32000,11000,20000,7000,112,1,0
1920,Stalemate,35000,29000,23000,25000,112,1,0
1921,Stalemate,25000,37000,13000,33000,112,1,0
1922,Stalemate,28000,36000,24000,24000,112,1,0
1923,Stalemate,23000,47000,15000,39000,112,1,1
1924,P1,76000,21000,40000,13000,61,0,1
1925,P1,68000,42000,40000,38000,97,0,0
1926,Stalemate,46000,30000,38000,22000,112,1,0
1927,Stalemate,37000,17000,33000,5000,112,1,0
1928,Stalemate,32000,46000,24000,38000,112,1,1
1929,P2,35000,60000,27000,40000,68,0,0
1930,Stalemate,38000,42000,30000,34000,112,1,0
1931,P2,47000,76000,39000,40000,88,0,0
1932,P1,64000,35000,40000,27000,85,0,0
1933,Stalemate,43000,47000,39000,35000,112,1,1
1934,Stalemate,32000,46000,24000,38000,112,1,1
1935,Stalemate,50000,4000,38000,0,112,1,1
1936,Stalemate,32000,51000,28000,39000,112,1,0
1937,P1,84000,8000,40000,0,77,0,1
1938,Stalemate,16000,20000,8000,12000,112,1,0
1939,Stalemate,43000,49000,39000,37000,112,1,1
1940,Stalemate,59000,15000,31000,15000,112,1,0
1941,P2,12000,68000,12000,40000,78,0,1
1942,P2,40000,64000,32000,40000,76,0,0
1943,Stalemate,29000,51000,25000,39000,112,1,0
1944,P1,60000,47000,40000,35000,97,0,0
1945,P1,64000,33000,40000,25000,87,0,1
1946,P1,60000,29000,40000,17000,53,0,1
1947,Stalemate,22000,48000,18000,36000,112,1,1
1948,Stalemate,25000,27000,17000,19000,112,1,1
1949,P2,28000,68000,24000,40000,66,0,1
1950,P1,80000,4000,40000,0,57,0,1
1951,Stalemate,18000,46000,10000,38000,112,1,0
1952,Stalemate,38000,27000,34000,15000,112,1,0
1953,Stalemate,38000,19000,30000,11000,112,1,0
1954,P1,68000,41000,40000,37000,77,0,1
1955,P2,22000,64000,22000,40000,88,0,0
1956,Stalemate,10000,39000,6000,27000,112,1,0
1957,Stalemate,29000,34000,17000,30000,112,1,0
1958,Stalemate,13000,51000,9000,39000,112,1,0
1959,Stalemate,32000,47000,24000,39000,112,1,0
1960,Stalemate,40000,26000,36000,14000,112,1,0
1961,Stalemate,39000,12000,27000,8000,112,1,0
1962,Stalemate,47000,45000,39000,37000,112,1,0
1963,P1,64000,46000,40000,38000,77,0,0
1964,P2,6000,64000,2000,40000,50,0,1
1965,Stalemate,47000,34000,39000,26000,112,1,0
1966,Stalemate,21000,47000,13000,39000,112,1,0
1967,P2,33000,64000,25000,40000,94,0,0
1968,P2,23000,68000,19000,40000,98,0,0
1969,P1,56000,35000,40000,23000,85,0,0
1970,Stalemate,43000,39000,31000,35000,112,1,0
1971,P1,84000,20000,40000,20000,71,0,0
1972,P1,64000,24000,40000,24000,57,0,0
1973,P2,41000,64000,37000,40000,86,0,1
1974,Stalemate,36000,36000,32000,24000,112,1,0
1975,Stalemate,18000,24000,14000,12000,112,1,0
1976,Stalemate,47000,45000,39000,37000,112,1,0
1977,Stalemate,30000,11000,22000,3000,112,1,0
1978,P1,64000,38000,40000,30000,83,0,0
1979,Stalemate,15000,34000,7000,26000,112,1,1
1980,Stalemate,26000,41000,18000,33000,112,1,1
1981,P1,56000,21000,40000,17000,43,0,0
1982,P1,64000,43000,40000,39000,93,0,0
1983,P1,64000,22000,40000,18000,61,0,0
1984,Stalemate,18000,35000,10000,27000,112,1,0
1985,P1,60000,32000,40000,20000,87,0,0
1986,P1,96000,24000,40000,24000,97,0,1
1987,P2,34000,68000,30000,40000,88,0,0
1988,Stalemate,38000,39000,34000,27000,112,1,1
1989,P2,16000,64000,12000,40000,76,0,0
1990,Stalemate,47000,47000,39000,39000,112,1,0
1991,Stalemate,38000,44000,30000,36000,112,1,1
1992,Stalemate,43000,32000,35000,24000,112,1,1
1993,P2,25000,64000,25000,40000,32,0,0
1994,Stalemate,32000,61000,32000,33000,112,1,0
1995,P2,38000,76000,30000,40000,92,0,0
1996,Stalemate,10000,25000,2000,17000,112,1,0
1997,Stalemate,16000,42000,4000,38000,112,1,1
1998,Stalemate,45000,43000,33000,39000,112,1,0
1999,P2,12000,60000,4000,40000,72,0,0
2000,P1,68000,1000,40000,1000,85,0,0
2001,P1,64000,33000,40000,25000,99,0,0
2002,Stalemate,5000,57000,5000,29000,112,1,1
2003,Stalemate,31000,40000,19000,36000,112,1,0
2004,Stalemate,32000,17000,24000,9000,112,1,0
2005,P1,64000,29000,40000,21000,75,0,0
2006,Stalemate,34000,48000,30000,36000,112,1,0
2007,P1,60000,20000,40000,16000,43,0,0
2008,P2,22000,68000,18000,40000,90,0,0
2009,Stalemate,34000,47000,26000,39000,112,1,1
2010,P1,60000,29000,40000,25000,37,0,0
2011,Stalemate,24000,47000,16000,39000,112,1,0
2012,Stalemate,31000,30000,27000,18000,112,1,0
2013,P2,44000,60000,32000,40000,98,0,0
2014,Stalemate,51000,12000,39000,8000,112,1,1
2015,P2,25000,64000,21000,40000,80,0,0
2016,P1,64000,32000,40000,28000,53,0,0
2017,Stalemate,43000,23000,35000,15000,112,1,0
2018,P2,7000,60000,3000,40000,92,0,0
2019,P2,14000,64000,10000,40000,56,0,1
2020,Stalemate,37000,51000,33000,39000,112,1,0
2021,Stalemate,46000,36000,38000,28000,112,1,0
2022,Stalemate,28000,51000,24000,39000,112,1,0
2023,Stalemate,33000,41000,25000,33000,112,1,0
2024,P2,15000,60000,15000,40000,58,0,0
2025,P2,21000,84000,21000,40000,98,0,1
2026,P2,46000,64000,38000,40000,90,0,0
2027,Stalemate,31000,34000,23000,26000,112,1,1
2028,P2,32000,64000,32000,40000,54,0,1
2029,Stalemate,49000,27000,37000,23000,112,1,0
2030,P1,68000,43000,40000,39000,77,0,0
2031,Stalemate,26000,38000,22000,26000,112,1,0
2032,P2,37000,60000,29000,40000,98,0,1
2033,Stalemate,47000,39000,39000,31000,112,1,1
2034,P1,64000,39000,40000,31000,99,0,0
2035,Stalemate,66000,23000,38000,23000,112,1,1
2036,Stalemate,42000,45000,34000,37000,112,1,0
2037,Stalemate,28000,28000,16000,24000,112,1,0
2038,P1,68000,12000,40000,8000,93,0,0
2039,P1,64000,27000,40000,19000,49,0,0
2040,Stalemate,17000,42000,9000,34000,112,1,0
2041,P2,26000,64000,18000,40000,82,0,0
2042,Stalemate,15000,27000,11000,15000,112,1,1
2043,Stalemate,65000,15000,37000,15000,112,1,0
2044,P2,9000,60000,1000,40000,64,0,1
2045,P1,84000,17000,40000,17000,99,0,0
2046,P2,17000,64000,9000,40000,90,0,0
2047,Stalemate,42000,49000,38000,37000,112,1,1
2048,P1,72000,23000,40000,15000,79,0,0
2049,P2,14000,56000,6000,40000,66,0,0
2050,Stalemate,20000,8000,12000,0,112,1,0
2051,P2,7000,56000,7000,40000,26,0,1
2052,P2,42000,64000,34000,40000,66,0,0
2053,Stalemate,37000,64000,37000,36000,112,1,0
2054,P2,9000,68000,5000,40000,78,0,1
2055,Stalemate,26000,46000,22000,34000,112,1,0
2056,P1,68000,27000,40000,23000,89,0,0
2057,Stalemate,28000,42000,28000,14000,112,1,0
2058,Stalemate,5000,36000,1000,24000,112,1,0
2059,P1,60000,19000,40000,11000,53,0,1
2060,Stalemate,30000,30000,26000,18000,112,1,1
2061,P2,37000,60000,33000,40000,80,0,0
2062,P2,8000,64000,4000,40000,82,0,0
2063,P1,80000,26000,40000,22000,95,0,0
2064,Stalemate,51000,18000,39000,14000,112,1,0
2065,Stalemate,14000,49000,10000,37000,112,1,0
2066,P2,23000,60000,19000,40000,76,0,1
2067,P2,31000,76000,27000,40000,60,0,0
2068,P1,60000,12000,40000,4000,75,0,1
2069,Stalemate,23000,40000,11000,36000,112,1,0
2070,Stalemate,36000,50000,32000,38000,112,1,0
2071,P2,25000,84000,25000,40000,94,0,0
2072,P2,27000,60000,23000,40000,50,0,0
2073,Stalemate,44000,24000,32000,20000,112,1,0
2074,P2,25000,64000,17000,40000,90,0,0
2075,Stalemate,15000,20000,7000,12000,112,1,1
2076,P2,30000,68000,30000,40000,84,0,0
2077,Stalemate,31000,20000,19000,16000,112,1,0
2078,Stalemate,45000,8000,37000,0,112,1,0
2079,P1,68000,28000,40000,24000,65,0,0
2080,P1,60000,47000,40000,39000,79,0,0
2081,Stalemate,45000,45000,37000,37000,112,1,1
2082,Stalemate,24000,39000,16000,31000,112,1,0
2083,P1,68000,23000,40000,23000,95,0,0
2084,Stalemate,6000,44000,2000,32000,112,1,1
2085,Stalemate,32000,40000,24000,32000,112,1,0
2086,Stalemate,24000,8000,16000,0,112,1,1
2087,P1,60000,31000,40000,23000,37,0,0
2088,P2,22000,64000,14000,40000,90,0,1
2089,P2,16000,64000,12000,40000,52,0,0
2090,Stalemate,45000,30000,37000,22000,112,1,0
2091,Stalemate,48000,34000,36000,30000,112,1,1
2092,Stalemate,64000,9000,36000,9000,112,1,1
2093,P1,64000,42000,40000,38000,99,0,0
2094,Stalemate,33000,39000,25000,31000,112,1,1
2095,Stalemate,25000,29000,21000,17000,112,1,1
2096,P2,27000,56000,23000,40000,60,0,0
2097,Stalemate,42000,44000,38000,32000,112,1,1
2098,Stalemate,51000,12000,39000,8000,112,1,0
2099,P1,64000,24000,40000,16000,99,0,0
2100,P1,64000,12000,40000,12000,91,0,1
2101,P1,68000,21000,40000,17000,85,0,0
2102,P2,38000,84000,38000,40000,52,0,0
2103,P2,0,80000,0,40000,34,0,1
2104,Stalemate,42000,47000,38000,35000,112,1,0
2105,P2,14000,68000,10000,40000,90,0,0
2106,Stalemate,33000,30000,29000,18000,112,1,1
2107,P1,72000,22000,40000,10000,87,0,0
2108,Stalemate,22000,22000,14000,14000,112,1,1
2109,P2,10000,64000,10000,40000,72,0,0
2110,P1,56000,28000,40000,16000,77,0,0
2111,Stalemate,27000,27000,15000,23000,112,1,0
2112,Stalemate,51000,31000,39000,27000,112,1,0
2113,P1,60000,37000,40000,29000,59,0,0
2114,Stalemate,23000,43000,15000,35000,112,1,1
2115,Stalemate,50000,27000,38000,23000,112,1,0
2116,Stalemate,46000,30000,38000,22000,112,1,0
2117,P1,64000,23000,40000,15000,73,0,0
2118,Stalemate,10000,47000,2000,39000,112,1,0
2119,P2,24000,60000,20000,40000,80,0,0
2120,P2,25000,68000,21000,40000,62,0,1
2121,Stalemate,11000,51000,7000,39000,112,1,0
2122,P2,28000,64000,20000,40000,62,0,0
2123,Stalemate,67000,31000,39000,31000,112,1,0
2124,P1,60000,29000,40000,21000,79,0,1
2125,P1,68000,24000,40000,20000,79,0,1
2126,P1,64000,21000,40000,13000,59,0,0
2127,P1,84000,31000,40000,31000,97,0,0
2128,P1,64000,17000,40000,13000,79,0,0
2129,P2,15000,60000,15000,40000,62,0,1
2130,Stalemate,18000,30000,10000,22000,112,1,0
2131,P2,4000,60000,4000,40000,58,0,1
2132,Stalemate,51000,36000,39000,32000,112,1,1
2133,Stalemate,14000,36000,10000,24000,112,1,0
2134,Stalemate,28000,16000,16000,12000,112,1,0
2135,P2,6000,80000,6000,40000,90,0,0
2136,Stalemate,30000,47000,26000,35000,112,1,0
2137,Stalemate,13000,45000,9000,33000,112,1,1
2138,Stalemate,28000,21000,20000,13000,112,1,1
2139,P1,64000,34000,40000,30000,69,0,0
2140,P2,19000,64000,11000,40000,74,0,0
2141,Stalemate,25000,24000,17000,16000,112,1,0
2142,Stalemate,20000,41000,8000,37000,112,1,1
2143,P2,18000,68000,14000,40000,84,0,1
2144,P1,80000,8000,40000,0,81,0,1
2145,P1,64000,15000,40000,15000,59,0,1
2146,P1,60000,15000,40000,11000,33,0,0
2147,P2,15000,68000,15000,40000,94,0,0
2148,Stalemate,12000,50000,8000,38000,112,1,0
2149,Stalemate,55000,10000,27000,10000,112,1,1
2150,Stalemate,27000,32000,23000,20000,112,1,0
2151,Stalemate,36000,51000,32000,39000,112,1,0
2152,P2,10000,64000,10000,40000,52,0,1
2153,P1,60000,48000,40000,36000,69,0,0
2154,P2,15000,60000,15000,40000,84,0,0
2155,Stalemate,46000,47000,38000,39000,112,1,1
2156,P1,64000,20000,40000,16000,63,0,0
2157,P1,60000,25000,40000,21000,53,0,1
2158,P2,41000,80000,37000,40000,100,0,0
2159,P2,15000,64000,11000,40000,80,0,1
2160,Stalemate,67000,38000,39000,38000,112,1,0
2161,P1,80000,26000,40000,22000,101,0,0
2162,Stalemate,43000,51000,39000,39000,112,1,0
2163,Stalemate,32000,46000,24000,38000,112,1,1
2164,Stalemate,21000,51000,17000,39000,112,1,0
2165,P1,68000,30000,40000,30000,75,0,1
2166,P2,49000,60000,37000,40000,80,0,0
2167,P1,64000,20000,40000,12000,79,0,0
2168,P2,40000,68000,36000,40000,90,0,0
2169,P2,19000,64000,15000,40000,84,0,0
2170,Stalemate,44000,35000,36000,27000,112,1,0
2171,Stalemate,38000,43000,30000,35000,112,1,0
2172,P1,64000,30000,40000,30000,59,0,0
2173,Stalemate,25000,24000,13000,20000,112,1,0
2174,P1,60000,20000,40000,12000,63,0,0
2175,Stalemate,20000,26000,16000,14000,112,1,0
2176,Stalemate,37000,33000,29000,25000,112,1,1
2177,P1,80000,33000,40000,29000,93,0,0
2178,Stalemate,42000,16000,30000,12000,112,1,0
2179,P1,60000,21000,40000,9000,53,0,0
2180,Stalemate,36000,23000,32000,11000,112,1,1
2181,P2,24000,108000,24000,40000,100,0,0
2182,P2,28000,64000,20000,40000,86,0,0
2183,Stalemate,47000,34000,39000,26000,112,1,0
2184,P1,64000,45000,40000,37000,99,0,0
2185,Stalemate,63000,28000,35000,28000,112,1,0
2186,Stalemate,45000,18000,37000,10000,112,1,0
2187,P1,68000,8000,40000,4000,95,0,0
2188,P2,26000,64000,18000,40000,68,0,1
2189,Stalemate,35000,20000,27000,12000,112,1,0
2190,Stalemate,20000,40000,12000,32000,112,1,1
2191,P2,45000,60000,33000,40000,94,0,0
2192,P1,84000,14000,40000,14000,95,0,1
2193,P2,27000,60000,23000,40000,62,0,0
2194,Stalemate,18000,50000,14000,38000,112,1,1
2195,P2,29000,60000,17000,40000,88,0,0
2196,Stalemate,24000,33000,24000,5000,112,1,0
2197,Stalemate,46000,9000,38000,1000,112,1,0
2198,Stalemate,18000,20000,10000,12000,112,1,0
2199,Stalemate,47000,19000,39000,11000,112,1,1
2200,P1,60000,51000,40000,39000,87,0,0
2201,P2,31000,80000,27000,40000,90,0,1
2202,Stalemate,46000,46000,38000,38000,112,1,0
2203,Stalemate,37000,32000,29000,24000,112,1,1
2204,Stalemate,36000,51000,32000,39000,112,1,1
2205,Stalemate,31000,16000,23000,8000,112,1,0
2206,P2,27000,68000,23000,40000,76,0,0
2207,Stalemate,67000,14000,39000,14000,112,1,0
2208,P1,60000,18000,40000,10000,95,0,1
2209,Stalemate,40000,51000,36000,39000,112,1,1
2210,Stalemate,51000,14000,39000,10000,112,1,0
2211,P1,60000,5000,40000,1000,51,0,0
2212,Stalemate,17000,53000,17000,25000,112,1,0
2213,Stalemate,48000,43000,36000,39000,112,1,0
2214,Stalemate,33000,36000,29000,24000,112,1,0
2215,P2,14000,80000,10000,40000,81,0,1
2216,Stalemate,24000,16000,16000,8000,112,1,0
2217,Stalemate,46000,47000,38000,39000,112,1,0
2218,Stalemate,46000,34000,34000,30000,112,1,0
2219,P2,13000,68000,13000,40000,86,0,0
2220,Stalemate,47000,24000,39000,16000,112,1,0
2221,Stalemate,36000,35000,24000,31000,112,1,0
2222,P1,64000,18000,40000,14000,43,0,1
2223,Stalemate,34000,31000,26000,23000,112,1,0
2224,P2,19000,84000,19000,40000,78,0,0
2225,Stalemate,51000,4000,39000,0,112,1,0
2226,Stalemate,3000,59000,3000,31000,112,1,0
2227,Stalemate,36000,47000,32000,35000,112,1,0
2228,P2,40000,68000,36000,40000,80,0,1
2229,P2,41000,60000,37000,40000,66,0,0
2230,Stalemate,50000,14000,38000,10000,112,1,0
2231,P1,60000,38000,40000,30000,81,0,1
2232,P2,26000,64000,18000,40000,98,0,0
2233,Stalemate,47000,31000,39000,23000,112,1,1
2234,Stalemate,31000,55000,31000,27000,112,1,0
2235,Stalemate,22000,29000,18000,17000,112,1,0
2236,Stalemate,51000,22000,39000,18000,112,1,0
2237,Stalemate,14000,34000,6000,26000,112,1,0
2238,P1,64000,14000,40000,6000,91,0,1
2239,P1,60000,40000,40000,28000,47,0,0
2240,P1,64000,31000,40000,23000,75,0,0
2241,Stalemate,46000,26000,34000,22000,112,1,0
2242,Stalemate,54000,38000,26000,38000,112,1,0
2243,P1,68000,29000,40000,25000,93,0,1
2244,Stalemate,46000,33000,38000,25000,112,1,1
2245,Stalemate,47000,24000,39000,16000,112,1,1
2246,P2,13000,64000,9000,40000,80,0,0
2247,P2,7000,60000,7000,40000,70,0,1
2248,Stalemate,39000,32000,27000,28000,112,1,0
2249,P1,64000,47000,40000,39000,89,0,0
2250,Stalemate,47000,25000,39000,17000,112,1,0
2251,Stalemate,43000,22000,35000,14000,112,1,0
2252,P1,68000,28000,40000,24000,87,0,0
2253,P1,64000,27000,40000,19000,91,0,0
2254,Stalemate,31000,44000,27000,32000,112,1,0
2255,Stalemate,23000,47000,15000,39000,112,1,0
2256,Stalemate,51000,26000,39000,22000,112,1,0
2257,Stalemate,43000,42000,35000,34000,112,1,0
2258,P1,56000,61000,40000,33000,81,0,0
2259,Stalemate,31000,42000,19000,38000,112,1,0
2260,Stalemate,30000,47000,22000,39000,112,1,1
2261,Stalemate,36000,39000,24000,35000,112,1,0
2262,P2,40000,64000,36000,40000,82,0,0
2263,P1,60000,22000,40000,10000,93,0,0
2264,Stalemate,32000,4000,20000,0,112,1,1
2265,Stalemate,41000,62000,37000,38000,111,1,0
2266,Stalemate,33000,39000,25000,31000,112,1,0
2267,P1,84000,11000,40000,11000,67,0,0
2268,P1,80000,11000,40000,11000,75,0,0
2269,P1,64000,19000,40000,11000,77,0,1
2270,Stalemate,37000,48000,33000,36000,112,1,0
2271,P2,31000,76000,23000,40000,100,0,0
2272,Stalemate,32000,42000,28000,30000,112,1,0
2273,P1,68000,29000,40000,25000,89,0,0
2274,Stalemate,50000,38000,38000,34000,112,1,1
2275,P2,29000,92000,25000,40000,100,0,0
2276,Stalemate,26000,14000,22000,2000,112,1,0
2277,Stalemate,41000,47000,33000,39000,112,1,1
2278,P2,24000,68000,20000,40000,98,0,0
2279,P2,34000,68000,30000,40000,82,0,0
2280,P1,64000,25000,40000,17000,85,0,0
2281,Stalemate,41000,49000,37000,37000,112,1,0
2282,P2,28000,60000,24000,40000,54,0,1
2283,Stalemate,51000,40000,39000,36000,112,1,0
2284,Stalemate,28000,51000,24000,39000,112,1,0
2285,P2,21000,64000,21000,40000,86,0,0
2286,P2,21000,60000,9000,40000,96,0,0
2287,P2,16000,80000,12000,40000,64,0,0
2288,P2,32000,64000,28000,40000,60,0,1
2289,P1,68000,31000,40000,27000,89,0,1
2290,Stalemate,40000,22000,36000,10000,112,1,0
2291,Stalemate,35000,42000,27000,34000,112,1,0
2292,P1,76000,22000,40000,22000,53,0,1
2293,Stalemate,44000,45000,36000,37000,112,1,0
2294,Stalemate,46000,45000,38000,37000,112,1,0
2295,P1,60000,50000,40000,38000,93,0,1
2296,P2,47000,60000,39000,40000,64,0,0
2297,P1,60000,40000,40000,36000,81,0,0
2298,Stalemate,34000,51000,30000,39000,112,1,0
2299,P1,80000,18000,40000,18000,79,0,0
2300,Stalemate,20000,49000,16000,37000,112,1,0
2301,Stalemate,29000,45000,21000,37000,112,1,0
2302,Stalemate,32000,45000,28000,33000,112,1,0
2303,Stalemate,17000,34000,9000,26000,112,1,0
2304,P1,60000,28000,40000,28000,45,0,0
2305,Stalemate,24000,23000,16000,15000,112,1,0
2306,P2,39000,60000,31000,40000,82,0,0
2307,Stalemate,42000,46000,34000,38000,112,1,1
2308,P2,18000,64000,14000,40000,72,0,1
2309,P1,64000,12000,40000,12000,41,0,1
2310,P2,25000,64000,21000,40000,62,0,0
2311,Stalemate,21000,28000,13000,20000,112,1,0
2312,Stalemate,35000,37000,23000,33000,112,1,0
2313,Stalemate,49000,43000,37000,39000,112,1,0
2314,P2,33000,60000,25000,40000,82,0,1
2315,Stalemate,21000,26000,17000,14000,112,1,1
2316,Stalemate,29000,26000,17000,22000,112,1,0
2317,Stalemate,31000,23000,19000,19000,112,1,1
2318,Stalemate,28000,34000,24000,22000,112,1,1
2319,P1,64000,13000,40000,5000,83,0,0
2320,Stalemate,66000,39000,38000,39000,112,1,1
2321,P1,68000,33000,40000,29000,99,0,0
2322,Stalemate,29000,13000,25000,1000,112,1,0
2323,Stalemate,27000,35000,23000,23000,112,1,1
2324,Stalemate,47000,20000,39000,12000,112,1,0
2325,Stalemate,50000,34000,38000,30000,112,1,0
2326,P1,64000,28000,40000,20000,83,0,0
2327,Stalemate,32000,11000,20000,7000,112,1,1
2328,Stalemate,45000,18000,33000,14000,112,1,0
2329,Stalemate,36000,13000,28000,5000,112,1,1
2330,P1,72000,14000,40000,10000,77,0,0
2331,Stalemate,57000,23000,29000,23000,112,1,0
2332,Stalemate,42000,32000,38000,20000,112,1,0
2333,Stalemate,17000,47000,9000,39000,112,1,0
2334,Stalemate,43000,33000,35000,25000,112,1,0
2335,Stalemate,38000,51000,34000,39000,112,1,0
2336,P1,68000,21000,40000,17000,99,0,1
2337,P1,64000,27000,40000,23000,91,0,0
2338,Stalemate,39000,21000,27000,17000,112,1,1
2339,Stalemate,47000,36000,39000,28000,112,1,0
2340,P1,64000,26000,40000,22000,59,0,1
2341,P1,68000,39000,40000,35000,89,0,0
2342,P2,40000,80000,36000,40000,98,0,0
2343,P1,64000,40000,40000,32000,97,0,0
2344,Stalemate,47000,14000,39000,6000,112,1,0
2345,P1,84000,5000,40000,5000,79,0,1
2346,P1,84000,17000,40000,17000,97,0,0
2347,Stalemate,24000,46000,16000,38000,112,1,1
2348,Stalemate,35000,18000,23000,14000,112,1,0
2349,Stalemate,34000,45000,30000,33000,112,1,0
2350,P2,35000,80000,31000,40000,100,0,1
2351,Stalemate,57000,40000,33000,36000,111,1,0
2352,Stalemate,38000,22000,34000,10000,112,1,0
2353,Stalemate,51000,33000,39000,29000,112,1,0
2354,Stalemate,19000,51000,15000,39000,112,1,0
2355,Stalemate,47000,17000,39000,9000,112,1,1
2356,Stalemate,67000,37000,39000,37000,112,1,1
2357,P2,33000,84000,33000,40000,84,0,1
2358,Stalemate,29000,42000,21000,34000,112,1,0
2359,Stalemate,22000,45000,18000,33000,112,1,0
2360,Stalemate,53000,10000,25000,10000,112,1,0
2361,P2,29000,68000,25000,40000,84,0,0
2362,P1,68000,10000,40000,6000,93,0,0
2363,Stalemate,45000,11000,33000,7000,112,1,1
2364,P2,33000,68000,29000,40000,96,0,0
2365,Stalemate,20000,40000,20000,12000,112,1,1
2366,P1,68000,28000,40000,24000,85,0,0
2367,P2,21000,64000,21000,40000,46,0,0
2368,Stalemate,29000,34000,25000,22000,112,1,0
2369,P1,60000,29000,40000,21000,43,0,0
2370,Stalemate,47000,44000,39000,36000,112,1,1
2371,P2,34000,68000,30000,40000,78,0,0
2372,P2,26000,72000,26000,40000,78,0,0
2373,P1,64000,18000,40000,18000,69,0,0
2374,Stalemate,44000,17000,32000,13000,112,1,0
2375,Stalemate,67000,20000,39000,20000,112,1,0
2376,P1,64000,29000,40000,21000,87,0,0
2377,Stalemate,36000,48000,32000,36000,112,1,0
2378,Stalemate,43000,37000,35000,29000,112,1,0
2379,P2,47000,64000,39000,40000,82,0,0
2380,Stalemate,16000,51000,12000,39000,112,1,1
2381,Stalemate,67000,22000,39000,22000,112,1,0
2382,Stalemate,6000,66000,6000,38000,112,1,0
2383,P1,60000,28000,40000,16000,91,0,0
2384,P2,42000,64000,34000,40000,80,0,0
2385,P2,27000,64000,19000,40000,56,0,0
2386,P2,21000,84000,21000,40000,70,0,1
2387,Stalemate,45000,37000,37000,29000,112,1,0
2388,P2,15000,64000,11000,40000,56,0,0
2389,P2,40000,60000,32000,40000,78,0,0
2390,Stalemate,27000,42000,15000,38000,112,1,0
2391,P2,23000,80000,19000,40000,90,0,0
2392,P2,20000,96000,20000,40000,98,0,1
2393,Stalemate,25000,45000,21000,33000,112,1,1
2394,P1,68000,13000,40000,9000,51,0,0
2395,Stalemate,42000,51000,38000,39000,112,1,0
2396,Stalemate,36000,66000,36000,38000,112,1,0
2397,Stalemate,5000,35000,1000,23000,112,1,0
2398,P1,68000,22000,40000,18000,75,0,0
2399,Stalemate,45000,12000,33000,8000,112,1,0
2400,Stalemate,43000,51000,39000,39000,112,1,0
2401,Stalemate,35000,31000,27000,23000,112,1,1
2402,P2,26000,64000,22000,40000,80,0,1
2403,Stalemate,37000,42000,25000,38000,112,1,0
2404,Stalemate,42000,29000,38000,17000,112,1,0
2405,Stalemate,7000,33000,3000,21000,112,1,0
2406,P1,64000,21000,40000,17000,71,0,0
2407,Stalemate,25000,62000,25000,34000,112,1,0
2408,Stalemate,26000,37000,14000,33000,112,1,0
2409,P1,60000,42000,40000,38000,65,0,0
2410,P1,68000,30000,40000,26000,83,0,0
2411,P2,19000,64000,15000,40000,56,0,0
2412,P2,16000,64000,16000,40000,56,0,0
2413,Stalemate,21000,47000,13000,39000,112,1,0
2414,P2,19000,64000,11000,40000,88,0,0
2415,P2,22000,64000,14000,40000,88,0,0
2416,P2,48000,72000,36000,40000,100,0,0
2417,Stalemate,26000,30000,14000,26000,112,1,0
2418,P2,10000,60000,6000,40000,58,0,0
2419,P2,22000,68000,22000,40000,66,0,0
2420,P2,13000,56000,9000,40000,36,0,0
2421,Stalemate,44000,5000,32000,1000,112,1,0
2422,Stalemate,8000,36000,4000,24000,112,1,0
2423,P2,43000,92000,39000,40000,100,0,0
2424,P1,68000,21000,40000,17000,87,0,1
2425,P1,68000,25000,40000,21000,73,0,0
2426,P1,76000,25000,40000,17000,95,0,0
2427,Stalemate,33000,51000,29000,39000,112,1,0
2428,Stalemate,14000,51000,10000,39000,112,1,1
2429,Stalemate,50000,41000,38000,37000,112,1,1
2430,P2,23000,72000,11000,40000,100,0,0
2431,Stalemate,39000,29000,35000,17000,112,1,0
2432,Stalemate,18000,49000,14000,37000,112,1,0
2433,Stalemate,48000,43000,36000,39000,112,1,0
2434,Stalemate,36000,41000,24000,37000,112,1,1
2435,Stalemate,19000,41000,11000,33000,112,1,1
2436,P1,68000,18000,40000,18000,61,0,0
2437,P2,16000,68000,16000,40000,54,0,1
2438,Stalemate,37000,41000,25000,37000,112,1,0
2439,P2,34000,84000,34000,40000,64,0,0
2440,Stalemate,44000,24000,36000,16000,112,1,1
2441,P2,29000,60000,25000,40000,76,0,0
2442,P2,43000,80000,39000,40000,88,0,0
2443,P1,64000,29000,40000,25000,51,0,1
2444,P2,8000,64000,8000,40000,52,0,1
2445,Stalemate,37000,17000,25000,13000,112,1,1
2446,Stalemate,24000,24000,12000,20000,112,1,1
2447,Stalemate,40000,42000,36000,30000,112,1,0
2448,Stalemate,38000,33000,30000,25000,112,1,0
2449,P2,18000,68000,18000,40000,64,0,1
2450,Stalemate,44000,46000,36000,38000,112,1,0
2451,Stalemate,42000,9000,34000,1000,112,1,1
2452,Stalemate,49000,32000,37000,28000,112,1,0
2453,P1,60000,24000,40000,20000,69,0,0
2454,P1,96000,33000,40000,33000,93,0,0
2455,Stalemate,43000,43000,39000,31000,112,1,0
2456,P2,39000,72000,35000,40000,46,0,0
2457,P1,68000,19000,40000,15000,83,0,0
2458,P2,9000,60000,1000,40000,40,0,1
2459,P1,64000,40000,40000,36000,67,0,0
2460,Stalemate,37000,43000,25000,39000,112,1,1
2461,Stalemate,22000,26000,14000,18000,112,1,1
2462,Stalemate,11000,47000,7000,35000,112,1,0
2463,P1,64000,19000,40000,11000,79,0,1
2464,Stalemate,11000,28000,3000,20000,112,1,0
2465,Stalemate,36000,37000,32000,25000,112,1,1
2466,P2,22000,64000,18000,40000,70,0,0
2467,Stalemate,51000,28000,39000,24000,112,1,0
2468,Stalemate,8000,16000,0,8000,112,1,1
2469,Stalemate,22000,23000,14000,15000,112,1,1
2470,P1,64000,36000,40000,28000,83,0,0
2471,Stalemate,42000,51000,38000,39000,112,1,0
2472,Stalemate,50000,24000,38000,20000,112,1,0
2473,P1,68000,12000,40000,12000,69,0,1
2474,P2,43000,60000,39000,40000,56,0,0
2475,Stalemate,47000,47000,39000,39000,112,1,1
2476,Stalemate,44000,29000,32000,25000,112,1,0
2477,Stalemate,44000,32000,32000,28000,112,1,1
2478,Stalemate,37000,44000,29000,36000,112,1,1
2479,P2,16000,68000,12000,40000,94,0,0
2480,P1,60000,3000,40000,3000,59,0,1
2481,Stalemate,65000,26000,37000,26000,112,1,0
2482,Stalemate,30000,62000,30000,34000,112,1,0
2483,Stalemate,45000,45000,37000,37000,112,1,0
2484,P1,68000,28000,40000,28000,69,0,1
2485,P2,24000,64000,20000,40000,70,0,0
2486,P1,68000,20000,40000,16000,99,0,1
2487,Stalemate,40000,23000,32000,15000,112,1,0
2488,Stalemate,33000,17000,25000,9000,112,1,0
2489,Stalemate,40000,36000,36000,24000,112,1,0
2490,Stalemate,30000,40000,26000,28000,112,1,0
2491,P1,64000,24000,40000,20000,55,0,0
2492,P1,76000,46000,40000,38000,85,0,0
2493,Stalemate,32000,62000,28000,38000,111,1,0
2494,Stalemate,33000,51000,29000,39000,112,1,0
2495,Stalemate,51000,35000,39000,31000,112,1,0
2496,Stalemate,41000,44000,37000,32000,112,1,0
2497,Stalemate,37000,25000,29000,17000,112,1,0
2498,P2,21000,68000,17000,40000,82,0,0
2499,Stalemate,29000,33000,21000,25000,112,1,0
2500,P2,18000,64000,10000,40000,80,0,1
2501,P2,28000,68000,24000,40000,84,0,0
2502,P2,37000,68000,33000,40000,92,0,0
2503,Stalemate,31000,39000,23000,31000,112,1,1
2504,Stalemate,38000,43000,26000,39000,112,1,0
2505,Stalemate,38000,46000,30000,38000,112,1,0
2506,Stalemate,23000,34000,11000,30000,112,1,1
2507,Stalemate,43000,25000,35000,17000,112,1,0
2508,P2,14000,64000,6000,40000,50,0,0
2509,Stalemate,22000,43000,18000,31000,112,1,0
2510,P1,76000,34000,40000,30000,97,0,0
2511,Stalemate,45000,11000,37000,3000,112,1,1
2512,Stalemate,47000,4000,35000,0,112,1,0
2513,P1,68000,22000,40000,18000,99,0,0
2514,Stalemate,40000,46000,32000,38000,112,1,0
2515,Stalemate,37000,41000,25000,37000,112,1,0
2516,Stalemate,31000,12000,23000,4000,112,1,0
2517,P2,21000,68000,17000,40000,98,0,0
2518,Stalemate,37000,41000,29000,33000,112,1,0
2519,P2,47000,56000,39000,40000,80,0,0
2520,Stalemate,44000,37000,32000,33000,112,1,0
2521,P1,60000,46000,40000,38000,99,0,1
2522,Stalemate,44000,34000,36000,26000,112,1,0
2523,Stalemate,22000,45000,14000,37000,112,1,0
2524,Stalemate,51000,8000,39000,4000,112,1,0
2525,Stalemate,16000,51000,12000,39000,112,1,0
2526,P2,32000,68000,28000,40000,82,0,0
2527,P1,68000,10000,40000,6000,87,0,1
2528,Stalemate,28000,42000,24000,30000,112,1,0
2529,Stalemate,36000,48000,32000,36000,112,1,0
2530,Stalemate,49000,43000,37000,39000,112,1,0
2531,Stalemate,47000,32000,39000,24000,112,1,0
2532,Stalemate,28000,38000,24000,26000,112,1,0
2533,Stalemate,35000,49000,31000,37000,112,1,1
2534,P2,21000,56000,9000,40000,88,0,0
2535,P2,29000,64000,21000,40000,86,0,0
2536,P1,64000,10000,40000,6000,69,0,1
2537,Stalemate,40000,51000,36000,39000,112,1,0
2538,Stalemate,39000,31000,35000,19000,112,1,0
2539,Stalemate,46000,15000,38000,7000,112,1,1
2540,Stalemate,41000,48000,37000,36000,112,1,1
2541,Stalemate,23000,43000,11000,39000,112,1,1
2542,P1,60000,24000,40000,20000,71,0,0
2543,P2,23000,60000,15000,40000,46,0,0
2544,Stalemate,19000,48000,15000,36000,112,1,1
2545,Stalemate,51000,43000,39000,39000,112,1,0
2546,Stalemate,13000,30000,9000,18000,112,1,1
2547,P1,68000,17000,40000,13000,87,0,0
2548,P1,60000,29000,40000,25000,57,0,1
2549,P2,11000,68000,7000,40000,76,0,1
2550,P2,25000,60000,17000,40000,62,0,1
2551,P1,60000,19000,40000,11000,77,0,0
2552,P1,64000,2000,40000,2000,63,0,0
2553,P2,46000,60000,38000,40000,86,0,0
2554,P2,36000,60000,36000,40000,66,0,0
2555,Stalemate,51000,42000,39000,38000,112,1,0
2556,P1,84000,4000,40000,0,55,0,0
2557,P1,64000,38000,40000,30000,85,0,0
2558,P2,31000,76000,27000,40000,74,0,0
2559,P2,16000,96000,16000,40000,100,0,0
2560,Stalemate,42000,36000,38000,24000,112,1,0
2561,Stalemate,42000,36000,38000,24000,112,1,0
2562,Stalemate,19000,18000,11000,10000,112,1,0
2563,P1,64000,11000,40000,7000,77,0,0
2564,P1,76000,32000,40000,28000,75,0,1
2565,Stalemate,43000,19000,35000,11000,112,1,0
2566,P1,64000,26000,40000,18000,95,0,0
2567,Stalemate,35000,28000,7000,28000,112,1,1
2568,Stalemate,35000,42000,27000,34000,112,1,1
2569,Stalemate,51000,4000,39000,0,112,1,1
2570,Stalemate,23000,24000,15000,16000,112,1,0
2571,Stalemate,46000,23000,34000,19000,112,1,0
2572,Stalemate,46000,37000,38000,29000,112,1,1
2573,Stalemate,24000,44000,16000,36000,112,1,0
2574,P2,4000,84000,0,40000,50,0,1
2575,Stalemate,32000,31000,28000,19000,112,1,0
2576,Stalemate,32000,39000,20000,35000,112,1,0
2577,P1,60000,31000,40000,27000,83,0,0
2578,P2,28000,60000,24000,40000,54,0,0
2579,P2,33000,64000,29000,40000,94,0,0
2580,Stalemate,37000,8000,29000,0,112,1,1
2581,Stalemate,21000,47000,13000,39000,112,1,0
2582,Stalemate,24000,40000,12000,36000,112,1,0
2583,P2,14000,84000,14000,40000,96,0,1
2584,P2,37000,76000,29000,40000,98,0,0
2585,P2,33000,72000,25000,40000,78,0,0
2586,P1,84000,12000,40000,12000,73,0,0
2587,Stalemate,28000,46000,24000,34000,112,1,0
2588,Stalemate,34000,35000,30000,23000,112,1,0
2589,P1,72000,14000,40000,6000,79,0,0
2590,P2,22000,76000,14000,40000,99,0,1
2591,P1,64000,13000,40000,9000,55,0,0
2592,Stalemate,21000,18000,13000,10000,112,1,1
2593,P2,22000,60000,18000,40000,56,0,0
2594,Stalemate,26000,58000,18000,38000,111,1,1
2595,P1,64000,37000,40000,29000,93,0,0
2596,Stalemate,51000,32000,39000,28000,112,1,0
2597,Stalemate,43000,28000,39000,16000,112,1,0
2598,Stalemate,46000,44000,38000,36000,112,1,0
2599,P1,60000,17000,40000,13000,71,0,0
2600,Stalemate,23000,45000,15000,37000,112,1,0
2601,P2,22000,68000,18000,40000,84,0,0
2602,P1,60000,15000,40000,3000,89,0,0
2603,Stalemate,29000,45000,21000,37000,112,1,1
2604,P1,60000,16000,40000,12000,71,0,1
2605,P1,80000,34000,40000,30000,99,0,1
2606,P1,64000,19000,40000,11000,77,0,1
2607,Stalemate,46000,33000,38000,25000,112,1,0
2608,Stalemate,43000,8000,31000,4000,112,1,0
2609,P1,64000,26000,40000,22000,73,0,0
2610,Stalemate,47000,8000,39000,0,112,1,1
2611,P1,64000,46000,40000,38000,89,0,1
2612,Stalemate,36000,42000,24000,38000,112,1,1
2613,Stalemate,30000,8000,22000,0,112,1,1
2614,P1,64000,23000,40000,19000,93,0,0
2615,Stalemate,14000,47000,10000,35000,112,1,0
2616,Stalemate,50000,43000,38000,39000,112,1,0
2617,Stalemate,28000,39000,20000,31000,112,1,0
2618,Stalemate,27000,41000,23000,29000,112,1,1
2619,P1,64000,10000,40000,6000,75,0,1
2620,P1,64000,12000,40000,8000,53,0,1
2621,P1,64000,43000,40000,35000,99,0,0
2622,P2,26000,84000,26000,40000,76,0,1
2623,Stalemate,46000,22000,38000,14000,112,1,0
2624,P2,66000,56000,38000,40000,92,0,0
2625,P1,64000,30000,40000,26000,75,0,0
2626,P1,72000,11000,40000,3000,81,0,0
2627,Stalemate,33000,37000,25000,29000,112,1,0
2628,Stalemate,37000,57000,37000,29000,112,1,0
2629,P2,14000,76000,6000,40000,100,0,1
2630,P1,64000,11000,40000,7000,65,0,1
2631,P1,64000,35000,40000,27000,77,0,0
2632,Stalemate,38000,43000,26000,39000,112,1,0
2633,Stalemate,39000,40000,31000,32000,112,1,0
2634,Stalemate,31000,42000,23000,34000,112,1,0
2635,P1,72000,25000,40000,13000,83,0,0
2636,Stalemate,40000,43000,28000,39000,112,1,0
2637,Stalemate,23000,19000,15000,11000,112,1,1
2638,Stalemate,37000,41000,25000,37000,112,1,0
2639,P2,43000,64000,39000,40000,66,0,0
2640,P1,80000,2000,40000,2000,69,0,0
2641,Stalemate,37000,35000,33000,23000,112,1,0
2642,Stalemate,33000,36000,25000,28000,112,1,0
2643,Stalemate,43000,43000,39000,31000,112,1,0
2644,P2,38000,64000,34000,40000,80,0,1
2645,P2,36000,76000,28000,40000,92,0,0
2646,P2,22000,64000,14000,40000,58,0,0
2647,P2,40000,60000,32000,40000,74,0,0
2648,P2,2000,84000,2000,40000,68,0,0
2649,P2,36000,68000,32000,40000,80,0,0
2650,Stalemate,51000,31000,39000,27000,112,1,1
2651,P1,60000,39000,40000,31000,75,0,0
2652,P2,23000,80000,19000,40000,75,0,0
2653,Stalemate,35000,40000,23000,36000,112,1,0
2654,P2,35000,56000,31000,40000,62,0,0
2655,Stalemate,31000,25000,19000,21000,112,1,0
2656,Stalemate,33000,33000,21000,29000,112,1,0
2657,Stalemate,25000,51000,21000,39000,112,1,0
2658,P2,12000,84000,12000,40000,80,0,0
2659,Stalemate,36000,43000,24000,39000,112,1,0
2660,P1,96000,32000,40000,32000,93,0,0
2661,Stalemate,42000,42000,38000,30000,112,1,0
2662,P2,32000,76000,24000,40000,80,0,0
2663,Stalemate,23000,24000,11000,20000,112,1,0
2664,Stalemate,25000,50000,21000,38000,112,1,1
2665,P2,18000,64000,14000,40000,92,0,1
2666,Stalemate,36000,47000,28000,39000,112,1,0
2667,Stalemate,33000,19000,25000,11000,112,1,1
2668,Stalemate,41000,40000,33000,32000,112,1,0
2669,P2,8000,60000,4000,40000,60,0,0
2670,Stalemate,63000,19000,35000,19000,112,1,0
2671,Stalemate,41000,39000,29000,35000,112,1,1
2672,P1,76000,46000,40000,38000,87,0,0
2673,Stalemate,47000,44000,39000,36000,112,1,0
2674,Stalemate,37000,22000,29000,14000,112,1,0
2675,Stalemate,16000,47000,12000,35000,112,1,0
2676,Stalemate,38000,6000,26000,2000,112,1,0
2677,Stalemate,29000,44000,25000,32000,112,1,0
2678,Stalemate,51000,37000,39000,33000,112,1,1
2679,Stalemate,20000,38000,16000,26000,112,1,0
2680,Stalemate,32000,34000,24000,26000,112,1,1
2681,P1,60000,23000,40000,23000,29,0,0
2682,Stalemate,39000,17000,31000,9000,112,1,1
2683,P1,72000,44000,40000,36000,91,0,0
2684,P1,64000,14000,40000,10000,41,0,1
2685,Stalemate,30000,51000,26000,39000,112,1,0
2686,P2,39000,68000,35000,40000,90,0,0
2687,P1,60000,27000,40000,23000,51,0,0
2688,Stalemate,24000,21000,12000,17000,112,1,0
2689,P1,60000,35000,40000,23000,71,0,0
2690,Stalemate,48000,32000,20000,32000,112,1,0
2691,P1,64000,10000,40000,10000,49,0,0
2692,Stalemate,29000,66000,29000,38000,112,1,1
2693,Stalemate,38000,27000,30000,19000,112,1,0
2694,Stalemate,25000,34000,17000,26000,112,1,0
2695,P2,34000,76000,26000,40000,78,0,0
2696,Stalemate,51000,27000,39000,23000,112,1,1
2697,Stalemate,39000,64000,39000,36000,112,1,0
2698,Stalemate,35000,42000,31000,30000,112,1,0
2699,P2,47000,60000,39000,40000,86,0,0
2700,P2,29000,64000,25000,40000,64,0,0
2701,Stalemate,64000,10000,36000,10000,112,1,1
2702,Stalemate,47000,15000,39000,7000,112,1,1
2703,P1,64000,18000,40000,10000,67,0,0
2704,P1,64000,12000,40000,4000,85,0,0
2705,Stalemate,46000,42000,38000,34000,112,1,1
2706,Stalemate,35000,34000,27000,26000,112,1,1
2707,Stalemate,40000,32000,36000,20000,112,1,0
2708,Stalemate,34000,67000,34000,39000,112,1,0
2709,Stalemate,47000,28000,39000,20000,112,1,1
2710,Stalemate,46000,44000,38000,36000,112,1,1
2711,Stalemate,33000,29000,21000,25000,112,1,1
2712,Stalemate,38000,35000,34000,23000,112,1,0
2713,Stalemate,30000,36000,26000,24000,112,1,1
2714,P2,45000,64000,37000,40000,94,0,0
2715,Stalemate,59000,26000,31000,26000,112,1,1
2716,P1,60000,32000,40000,24000,63,0,0
2717,P1,56000,45000,40000,37000,69,0,0
2718,Stalemate,33000,37000,29000,25000,112,1,1
2719,P1,76000,16000,40000,12000,81,0,0
2720,P1,80000,29000,40000,29000,75,0,0
2721,Stalemate,67000,36000,39000,36000,112,1,1
2722,Stalemate,47000,20000,39000,12000,112,1,0
2723,P2,46000,84000,34000,40000,102,0,0
2724,P1,60000,11000,40000,11000,33,0,1
2725,Stalemate,31000,22000,23000,14000,112,1,1
2726,Stalemate,40000,44000,32000,36000,112,1,0
2727,Stalemate,26000,31000,14000,27000,112,1,0
2728,P1,68000,25000,40000,21000,93,0,1
2729,Stalemate,35000,39000,23000,35000,112,1,0
2730,Stalemate,51000,29000,39000,25000,112,1,0
2731,Stalemate,37000,20000,25000,16000,112,1,0
2732,Stalemate,8000,30000,0,22000,112,1,0
2733,P1,60000,14000,40000,10000,59,0,1
2734,Stalemate,14000,43000,6000,35000,112,1,0
2735,P2,37000,68000,33000,40000,90,0,0
2736,P2,47000,76000,39000,40000,98,0,1
2737,P1,68000,42000,40000,38000,95,0,0
2738,Stalemate,23000,43000,15000,35000,112,1,0
2739,P1,60000,11000,40000,3000,45,0,0
2740,Stalemate,43000,36000,31000,32000,112,1,0
2741,P1,56000,45000,40000,17000,91,0,0
2742,Stalemate,45000,27000,33000,23000,112,1,1
2743,Stalemate,44000,44000,36000,36000,112,1,0
2744,P1,64000,24000,40000,20000,69,0,0
2745,P2,36000,96000,36000,40000,92,0,0
2746,P1,68000,24000,40000,20000,61,0,0
2747,P1,64000,25000,40000,21000,79,0,1
2748,Stalemate,46000,17000,38000,9000,112,1,0
2749,P2,43000,64000,35000,40000,92,0,0
2750,Stalemate,42000,14000,14000,14000,112,1,0
2751,P2,41000,60000,33000,40000,74,0,0
2752,P2,35000,68000,31000,40000,94,0,1
2753,Stalemate,34000,11000,22000,7000,112,1,0
2754,P1,64000,20000,40000,12000,77,0,0
2755,P1,64000,13000,40000,9000,87,0,0
2756,P1,64000,42000,40000,34000,97,0,0
2757,Stalemate,33000,51000,29000,39000,112,1,0
2758,Stalemate,33000,18000,25000,10000,112,1,1
2759,Stalemate,39000,47000,31000,39000,112,1,0
2760,P2,15000,60000,11000,40000,54,0,1
2761,P2,35000,68000,31000,40000,68,0,0
2762,P1,64000,31000,40000,23000,97,0,1
2763,Stalemate,25000,36000,17000,28000,112,1,0
2764,P2,23000,92000,19000,40000,100,0,0
2765,P2,5000,56000,5000,40000,36,0,1
2766,Stalemate,40000,45000,32000,37000,112,1,0
2767,Stalemate,62000,16000,34000,16000,112,1,0
2768,Stalemate,46000,28000,38000,20000,112,1,0
2769,Stalemate,37000,27000,29000,19000,112,1,1
2770,P1,84000,29000,40000,29000,91,0,0
2771,Stalemate,20000,44000,16000,32000,112,1,1
2772,P1,68000,34000,40000,30000,57,0,0
2773,Stalemate,46000,28000,34000,24000,112,1,1
2774,P2,10000,72000,2000,40000,68,0,0
2775,Stalemate,45000,31000,33000,27000,112,1,0
2776,P2,17000,64000,9000,40000,68,0,0
2777,P1,68000,16000,40000,12000,99,0,0
2778,P1,68000,15000,40000,15000,61,0,0
2779,P1,60000,10000,40000,6000,61,0,1
2780,P2,13000,68000,13000,40000,74,0,0
2781,Stalemate,33000,47000,29000,35000,112,1,1
2782,Stalemate,47000,42000,39000,34000,112,1,0
2783,Stalemate,36000,44000,28000,36000,112,1,0
2784,P1,64000,43000,40000,39000,65,0,0
2785,P2,19000,60000,19000,40000,40,0,1
2786,P1,68000,13000,40000,13000,67,0,0
2787,Stalemate,43000,23000,31000,19000,112,1,1
2788,Stalemate,48000,42000,36000,38000,112,1,0
2789,Stalemate,30000,50000,26000,38000,112,1,0
2790,P2,40000,68000,36000,40000,98,0,0
2791,Stalemate,60000,23000,32000,23000,112,1,1
2792,P1,80000,32000,40000,28000,97,0,0
2793,P2,42000,64000,34000,40000,78,0,0
2794,P2,38000,64000,38000,40000,54,0,0
2795,Stalemate,32000,34000,20000,30000,112,1,0
2796,Stalemate,51000,15000,39000,11000,112,1,0
2797,P2,37000,60000,33000,40000,74,0,0
2798,P2,31000,64000,23000,40000,68,0,1
2799,Stalemate,30000,20000,26000,8000,112,1,0
2800,Stalemate,35000,51000,31000,39000,112,1,0
2801,Stalemate,35000,44000,31000,32000,112,1,0
2802,P1,80000,8000,40000,0,81,0,1
2803,Stalemate,48000,24000,36000,20000,112,1,0
2804,P1,84000,15000,40000,15000,97,0,1
2805,Stalemate,37000,46000,29000,38000,112,1,0
2806,P1,84000,18000,40000,18000,99,0,1
2807,P1,84000,4000,40000,0,71,0,1
2808,Stalemate,45000,19000,37000,11000,112,1,0
2809,P2,41000,64000,37000,40000,96,0,0
2810,P1,60000,15000,40000,7000,83,0,0
2811,Stalemate,12000,11000,0,7000,112,1,0
2812,P2,20000,60000,12000,40000,92,0,0
2813,Stalemate,30000,37000,22000,29000,112,1,0
2814,Stalemate,24000,47000,16000,39000,112,1,0
2815,Stalemate,32000,51000,28000,39000,112,1,0
2816,P1,72000,24000,40000,24000,83,0,0
2817,P2,15000,84000,15000,40000,96,0,0
2818,P2,28000,60000,16000,40000,68,0,0
2819,Stalemate,18000,31000,10000,23000,112,1,1
2820,P2,11000,64000,7000,40000,84,0,0
2821,Stalemate,35000,45000,31000,33000,112,1,0
2822,Stalemate,18000,44000,14000,32000,112,1,0
2823,Stalemate,47000,23000,35000,19000,112,1,0
2824,P2,24000,68000,24000,40000,36,0,0
2825,P1,64000,35000,40000,31000,83,0,0
2826,P1,60000,45000,40000,37000,77,0,0
2827,Stalemate,47000,47000,39000,39000,112,1,0
2828,Stalemate,15000,50000,15000,22000,112,1,0
2829,Stalemate,35000,33000,27000,25000,112,1,0
2830,Stalemate,6000,48000,2000,36000,112,1,0
2831,P2,20000,60000,16000,40000,52,0,0
2832,Stalemate,53000,34000,25000,34000,112,1,0
2833,P2,40000,64000,32000,40000,94,0,0
2834,Stalemate,45000,21000,37000,13000,112,1,0
2835,P1,60000,46000,40000,38000,75,0,0
2836,Stalemate,37000,22000,33000,10000,112,1,1
2837,P1,68000,31000,40000,27000,69,0,0
2838,P2,25000,72000,17000,40000,72,0,0
2839,P2,38000,64000,30000,40000,82,0,0
2840,P1,64000,24000,40000,16000,61,0,0
2841,Stalemate,30000,32000,22000,24000,112,1,0
2842,Stalemate,51000,19000,39000,15000,112,1,1
2843,Stalemate,39000,39000,31000,31000,112,1,1
2844,Stalemate,16000,46000,8000,38000,112,1,0
2845,Stalemate,11000,39000,3000,31000,112,1,1
2846,P1,76000,38000,40000,30000,77,0,0
2847,Stalemate,40000,18000,32000,10000,112,1,0
2848,P1,64000,30000,40000,26000,73,0,0
2849,P2,36000,84000,24000,40000,100,0,0
2850,Stalemate,44000,28000,36000,20000,112,1,0
2851,P2,15000,60000,11000,40000,58,0,1
2852,P1,64000,33000,40000,33000,61,0,0
2853,P1,64000,15000,40000,11000,53,0,0
2854,P2,18000,84000,18000,40000,58,0,0
2855,Stalemate,48000,42000,36000,38000,112,1,0
2856,P1,76000,20000,40000,12000,65,0,1
2857,Stalemate,50000,40000,38000,36000,112,1,0
2858,P2,15000,64000,7000,40000,62,0,0
2859,Stalemate,47000,30000,35000,26000,112,1,0
2860,P1,60000,35000,40000,31000,53,0,1
2861,P2,36000,68000,36000,40000,52,0,0
2862,Stalemate,43000,49000,39000,37000,112,1,0
2863,P1,80000,25000,40000,25000,53,0,0
2864,Stalemate,25000,47000,17000,39000,112,1,0
2865,Stalemate,40000,36000,32000,28000,112,1,1
2866,P1,60000,12000,40000,8000,59,0,1
2867,Stalemate,46000,30000,38000,22000,112,1,1
2868,P1,84000,19000,40000,19000,87,0,0
2869,P2,46000,60000,34000,40000,86,0,1
2870,P2,32000,80000,28000,40000,100,0,0
2871,Stalemate,38000,50000,38000,22000,112,1,1
2872,Stalemate,42000,22000,30000,18000,112,1,0
2873,P1,68000,39000,40000,35000,83,0,0
2874,Stalemate,28000,19000,24000,7000,112,1,0
2875,Stalemate,37000,58000,37000,30000,112,1,1
2876,Stalemate,38000,17000,26000,13000,112,1,1
2877,P1,60000,51000,40000,39000,93,0,0
2878,P1,68000,23000,40000,19000,71,0,0
2879,Stalemate,47000,9000,39000,1000,112,1,0
2880,P1,84000,14000,40000,14000,81,0,0
2881,Stalemate,6000,67000,6000,39000,112,1,0
2882,Stalemate,44000,41000,36000,33000,112,1,1
2883,P1,72000,33000,40000,29000,49,0,0
2884,Stalemate,13000,24000,5000,16000,112,1,0
2885,P1,80000,15000,40000,11000,97,0,0
2886,P1,76000,15000,40000,7000,101,0,0
2887,Stalemate,20000,35000,12000,27000,112,1,1
2888,P2,35000,96000,35000,40000,74,0,0
2889,Stalemate,9000,65000,9000,37000,112,1,0
2890,P1,76000,34000,40000,30000,59,0,1
2891,Stalemate,41000,3000,13000,3000,112,1,0
2892,P1,64000,19000,40000,19000,41,0,1
2893,Stalemate,27000,35000,23000,23000,112,1,0
2894,Stalemate,52000,28000,24000,28000,112,1,0
2895,Stalemate,36000,51000,32000,39000,112,1,0
2896,P1,64000,42000,40000,34000,97,0,0
2897,Stalemate,37000,51000,33000,39000,112,1,0
2898,Stalemate,22000,28000,14000,20000,112,1,0
2899,P1,64000,14000,40000,10000,61,0,0
2900,P1,60000,50000,40000,38000,89,0,0
2901,P2,13000,68000,9000,40000,96,0,1
2902,Stalemate,51000,20000,39000,16000,112,1,0
2903,Stalemate,7000,64000,7000,36000,112,1,1
2904,P1,68000,22000,40000,22000,81,0,1
2905,P1,64000,6000,40000,2000,97,0,0
2906,Stalemate,37000,36000,25000,32000,112,1,1
2907,Stalemate,28000,40000,16000,36000,112,1,0
2908,P1,60000,32000,40000,28000,47,0,0
2909,P2,13000,68000,13000,40000,84,0,0
2910,P2,26000,68000,22000,40000,92,0,0
2911,Stalemate,51000,14000,39000,10000,112,1,0
2912,P1,76000,45000,40000,37000,59,0,0
2913,P1,60000,14000,40000,6000,87,0,0
2914,Stalemate,35000,43000,23000,39000,112,1,0
2915,P1,68000,15000,40000,11000,81,0,1
2916,Stalemate,59000,27000,31000,27000,112,1,0
2917,Stalemate,39000,27000,27000,23000,112,1,0
2918,Stalemate,41000,25000,33000,17000,112,1,0
2919,Stalemate,38000,47000,30000,39000,112,1,0
2920,P2,36000,60000,24000,40000,80,0,0
2921,P2,43000,80000,39000,40000,92,0,0
2922,Stalemate,39000,56000,31000,36000,111,1,0
2923,Stalemate,47000,39000,39000,31000,112,1,0
2924,Stalemate,37000,32000,33000,20000,112,1,1
2925,Stalemate,11000,40000,3000,32000,112,1,0
2926,P2,23000,64000,15000,40000,88,0,0
2927,Stalemate,8000,25000,0,17000,112,1,1
2928,P2,22000,68000,22000,40000,66,0,1
2929,Stalemate,42000,38000,30000,34000,112,1,1
2930,P2,22000,80000,22000,40000,94,0,1
2931,Stalemate,43000,34000,39000,22000,112,1,0
2932,Stalemate,39000,46000,31000,38000,112,1,0
2933,P2,18000,72000,14000,40000,58,0,0
2934,Stalemate,38000,36000,30000,28000,112,1,0
2935,P1,64000,19000,40000,15000,65,0,0
2936,P2,42000,64000,34000,40000,74,0,0
2937,P1,64000,31000,40000,27000,57,0,0
2938,P2,12000,80000,0,40000,86,0,0
2939,P2,27000,64000,19000,40000,96,0,0
2940,Stalemate,49000,23000,37000,19000,112,1,0
2941,Stalemate,21000,28000,13000,20000,112,1,0
2942,P2,35000,60000,23000,40000,76,0,0
2943,Stalemate,50000,32000,38000,28000,112,1,0
2944,Stalemate,45000,12000,37000,4000,112,1,1
2945,P1,60000,15000,40000,7000,43,0,0
2946,P1,64000,11000,40000,7000,99,0,0
2947,P1,80000,21000,40000,17000,89,0,0
2948,Stalemate,51000,30000,39000,26000,112,1,0
2949,P1,84000,0,40000,0,61,0,1
2950,P2,25000,56000,25000,40000,52,0,0
2951,Stalemate,31000,43000,19000,39000,112,1,0
2952,Stalemate,28000,39000,24000,27000,112,1,1
2953,Stalemate,43000,49000,39000,37000,112,1,0
2954,Stalemate,61000,22000,37000,18000,111,1,0
2955,Stalemate,21000,45000,17000,33000,112,1,0
2956,Stalemate,17000,65000,17000,37000,112,1,0
2957,Stalemate,18000,34000,14000,22000,112,1,0
2958,Stalemate,33000,31000,25000,23000,112,1,0
2959,P2,7000,68000,3000,40000,66,0,1
2960,Stalemate,19000,66000,19000,38000,112,1,0
2961,P2,22000,64000,18000,40000,66,0,0
2962,P1,60000,10000,40000,2000,57,0,0
2963,P1,60000,12000,40000,8000,61,0,1
2964,Stalemate,24000,50000,20000,38000,112,1,0
2965,Stalemate,33000,49000,29000,37000,112,1,1
2966,Stalemate,43000,43000,39000,31000,112,1,1
2967,P1,68000,20000,40000,20000,87,0,0
2968,P1,60000,41000,40000,33000,81,0,1
2969,Stalemate,22000,47000,14000,39000,112,1,1
2970,P2,25000,68000,21000,40000,88,0,1
2971,Stalemate,52000,37000,24000,37000,112,1,0
2972,P1,64000,28000,40000,20000,67,0,0
2973,Stalemate,10000,49000,6000,37000,112,1,0
2974,Stalemate,39000,35000,31000,27000,112,1,0
2975,Stalemate,34000,43000,22000,39000,112,1,0
2976,P1,64000,10000,40000,10000,83,0,0
2977,P1,56000,44000,40000,32000,73,0,0
2978,Stalemate,43000,42000,35000,34000,112,1,0
2979,Stalemate,34000,38000,26000,30000,112,1,1
2980,Stalemate,9000,23000,1000,15000,112,1,0
2981,Stalemate,27000,51000,23000,39000,112,1,0
2982,P1,76000,47000,40000,39000,69,0,0
2983,Stalemate,49000,25000,37000,21000,112,1,0
2984,Stalemate,42000,47000,34000,39000,112,1,0
2985,P1,56000,27000,40000,15000,73,0,0
2986,Stalemate,10000,51000,6000,39000,112,1,0
2987,Stalemate,34000,47000,26000,39000,112,1,0
2988,Stalemate,48000,43000,36000,39000,112,1,0
2989,Stalemate,13000,51000,9000,39000,112,1,0
2990,Stalemate,15000,18000,11000,6000,112,1,1
2991,P2,35000,96000,35000,40000,97,0,0
2992,P1,68000,13000,40000,9000,53,0,0
2993,P1,68000,18000,40000,14000,85,0,0
2994,Stalemate,17000,20000,13000,8000,112,1,1
2995,Stalemate,49000,35000,37000,31000,112,1,0
2996,P1,64000,29000,40000,21000,77,0,1
2997,Stalemate,41000,42000,29000,38000,112,1,0
2998,Stalemate,19000,58000,19000,30000,112,1,0
2999,Stalemate,11000,39000,7000,27000,112,1,1
3000,P1,68000,14000,40000,14000,77,0,1
3001,P1,68000,27000,40000,27000,69,0,1
3002,Stalemate,38000,37000,34000,25000,112,1,0
3003,P2,15000,76000,11000,40000,95,0,1
3004,P2,11000,68000,11000,40000,80,0,0
3005,Stalemate,39000,48000,35000,36000,112,1,0
3006,Stalemate,15000,9000,7000,1000,112,1,1
3007,Stalemate,39000,67000,39000,39000,112,1,1
3008,P1,60000,18000,40000,10000,73,0,0
3009,Stalemate,27000,42000,19000,34000,112,1,0
3010,P2,44000,76000,36000,40000,94,0,0
3011,Stalemate,37000,50000,33000,38000,112,1,0
3012,P1,60000,21000,40000,9000,97,0,1
3013,Stalemate,18000,40000,14000,28000,112,1,0
3014,P1,84000,3000,40000,3000,87,0,1
3015,P1,64000,11000,40000,7000,65,0,0
3016,P2,41000,56000,37000,40000,62,0,1
3017,P2,24000,80000,20000,40000,100,0,0
3018,Stalemate,39000,19000,27000,15000,112,1,0
3019,Stalemate,18000,24000,10000,16000,112,1,1
3020,Stalemate,19000,12000,11000,4000,112,1,0
3021,P2,46000,76000,38000,40000,100,0,0
3022,Stalemate,38000,63000,38000,35000,112,1,0
3023,P1,56000,26000,40000,22000,63,0,1
3024,Stalemate,25000,43000,17000,35000,112,1,1
3025,P1,60000,13000,40000,13000,63,0,1
3026,P1,68000,41000,40000,37000,85,0,1
3027,Stalemate,33000,21000,25000,13000,112,1,0
3028,Stalemate,38000,28000,30000,20000,112,1,0
3029,Stalemate,32000,22000,24000,14000,112,1,0
3030,P2,25000,64000,17000,40000,58,0,0
3031,Stalemate,35000,50000,35000,22000,112,1,0
3032,Stalemate,20000,44000,12000,36000,112,1,1
3033,Stalemate,51000,42000,39000,38000,112,1,0
3034,Stalemate,22000,25000,14000,17000,112,1,0
3035,Stalemate,33000,38000,29000,26000,112,1,0
3036,Stalemate,13000,46000,9000,34000,112,1,0
3037,Stalemate,10000,67000,10000,39000,112,1,0
3038,P2,17000,64000,13000,40000,62,0,0
3039,P2,20000,60000,16000,40000,50,0,0
3040,Stalemate,61000,26000,33000,26000,112,1,0
3041,P1,84000,15000,40000,15000,59,0,0
3042,Stalemate,33000,32000,25000,24000,112,1,0
3043,P1,60000,27000,40000,27000,67,0,0
3044,P1,60000,36000,40000,32000,79,0,0
3045,P1,84000,0,40000,0,73,0,1
3046,Stalemate,42000,47000,34000,39000,112,1,0
3047,P2,30000,64000,26000,40000,82,0,1
3048,P1,68000,25000,40000,21000,95,0,1
3049,Stalemate,35000,42000,27000,34000,112,1,0
3050,Stalemate,26000,29000,18000,21000,112,1,0
3051,P1,96000,7000,40000,7000,57,0,0
3052,Stalemate,35000,45000,27000,37000,112,1,1
3053,P1,60000,21000,40000,21000,63,0,0
3054,P1,64000,29000,40000,21000,97,0,1
3055,Stalemate,42000,45000,38000,33000,112,1,1
3056,P2,6000,64000,2000,40000,70,0,1
3057,P1,80000,22000,40000,18000,93,0,1
3058,P2,30000,60000,26000,40000,50,0,0
3059,P1,60000,37000,40000,25000,91,0,0
3060,Stalemate,21000,47000,13000,39000,112,1,0
3061,P1,68000,11000,40000,11000,73,0,0
3062,P2,48000,72000,36000,40000,100,0,0
3063,Stalemate,29000,43000,25000,31000,112,1,0
3064,Stalemate,32000,36000,24000,28000,112,1,0
3065,Stalemate,44000,31000,36000,23000,112,1,0
3066,Stalemate,43000,32000,39000,20000,112,1,0
3067,P1,60000,26000,40000,18000,85,0,0
3068,Stalemate,20000,31000,16000,19000,112,1,1
3069,Stalemate,23000,22000,11000,18000,112,1,0
3070,P2,23000,80000,19000,40000,98,0,0
3071,Stalemate,46000,42000,38000,34000,112,1,1
3072,P1,64000,19000,40000,15000,87,0,0
3073,Stalemate,45000,28000,37000,20000,112,1,0
3074,P1,56000,32000,40000,28000,49,0,0
3075,Stalemate,31000,36000,27000,24000,112,1,1
3076,P2,39000,64000,39000,40000,82,0,0
3077,P2,41000,64000,33000,40000,98,0,0
3078,P1,76000,46000,40000,38000,59,0,0
3079,P2,44000,60000,32000,40000,92,0,0
3080,Stalemate,48000,37000,20000,37000,112,1,1
3081,P2,14000,84000,14000,40000,96,0,1
3082,Stalemate,47000,17000,39000,9000,112,1,1
3083,P2,40000,68000,36000,40000,90,0,1
3084,P2,47000,64000,39000,40000,48,0,0
3085,Stalemate,28000,30000,20000,22000,112,1,0
3086,P2,46000,72000,34000,40000,94,0,0
3087,Stalemate,19000,47000,11000,39000,112,1,0
3088,Stalemate,25000,21000,17000,13000,112,1,0
3089,Stalemate,33000,42000,29000,30000,112,1,1
3090,Stalemate,46000,9000,34000,5000,112,1,0
3091,P2,9000,68000,9000,40000,54,0,1
3092,P2,0,104000,0,40000,96,0,1
3093,Stalemate,37000,38000,29000,30000,112,1,0
3094,P2,33000,68000,29000,40000,82,0,0
3095,P2,37000,76000,37000,40000,72,0,0
3096,Stalemate,43000,22000,31000,18000,112,1,0
3097,Stalemate,51000,27000,39000,23000,112,1,0
3098,Stalemate,40000,16000,28000,12000,112,1,0
3099,Stalemate,40000,34000,36000,22000,112,1,0
3100,P2,46000,60000,38000,40000,88,0,0
3101,Stalemate,33000,13000,21000,9000,112,1,0
3102,Stalemate,25000,24000,17000,16000,112,1,0
3103,P1,84000,21000,40000,21000,61,0,0
3104,P1,60000,29000,40000,21000,87,0,0
3105,Stalemate,40000,33000,32000,25000,112,1,0
3106,Stalemate,47000,23000,39000,15000,112,1,0
3107,P2,33000,64000,25000,40000,90,0,0
3108,Stalemate,18000,39000,14000,27000,112,1,0
3109,P2,22000,64000,14000,40000,56,0,0
3110,P2,24000,80000,20000,40000,64,0,1
3111,P1,68000,27000,40000,27000,47,0,1
3112,P2,15000,60000,11000,40000,52,0,0
3113,P1,64000,16000,40000,12000,87,0,1
3114,Stalemate,51000,33000,39000,29000,112,1,0
3115,P1,64000,15000,40000,11000,41,0,0
3116,Stalemate,41000,32000,37000,20000,112,1,1
3117,Stalemate,47000,47000,39000,39000,112,1,1
3118,P1,60000,11000,40000,3000,39,0,0
3119,Stalemate,43000,25000,31000,21000,112,1,1
3120,Stalemate,41000,16000,33000,8000,112,1,0
3121,P1,64000,38000,40000,34000,69,0,1
3122,Stalemate,41000,22000,33000,14000,112,1,0
3123,P1,64000,7000,40000,3000,87,0,1
3124,Stalemate,46000,8000,34000,4000,112,1,0
3125,Stalemate,66000,25000,38000,25000,112,1,0
3126,P2,14000,76000,10000,40000,68,0,0
3127,Stalemate,47000,31000,35000,27000,112,1,0
3128,Stalemate,31000,39000,27000,27000,112,1,0
3129,Stalemate,36000,39000,24000,35000,112,1,0
3130,Stalemate,7000,35000,3000,23000,112,1,1
3131,Stalemate,45000,28000,33000,24000,112,1,0
3132,P1,60000,51000,40000,39000,89,0,0
3133,P2,18000,64000,14000,40000,54,0,0
3134,Stalemate,47000,14000,39000,6000,112,1,0
3135,P2,15000,84000,15000,40000,94,0,1
3136,Stalemate,22000,40000,18000,28000,112,1,0
3137,Stalemate,21000,35000,13000,27000,112,1,1
3138,P2,3000,60000,3000,40000,68,0,0
3139,Stalemate,31000,32000,23000,24000,112,1,0
3140,P2,15000,64000,15000,40000,48,0,0
3141,P1,64000,12000,40000,8000,93,0,0
3142,Stalemate,47000,16000,39000,8000,112,1,0
3143,P1,80000,23000,40000,19000,81,0,0
3144,Stalemate,25000,27000,17000,19000,112,1,1
3145,P2,27000,76000,23000,40000,68,0,0
3146,P1,68000,24000,40000,20000,63,0,1
3147,P1,64000,24000,40000,16000,81,0,0
3148,P2,0,80000,0,40000,50,0,0
3149,P1,64000,41000,40000,33000,61,0,0
3150,Stalemate,35000,46000,31000,34000,112,1,0
3151,P2,28000,68000,24000,40000,82,0,0
3152,P2,27000,64000,19000,40000,96,0,1
3153,P1,60000,38000,40000,34000,83,0,0
3154,Stalemate,23000,31000,11000,27000,112,1,0
3155,Stalemate,59000,28000,31000,28000,112,1,0
3156,Stalemate,27000,34000,19000,26000,112,1,0
3157,Stalemate,30000,45000,26000,33000,112,1,1
3158,Stalemate,46000,26000,34000,22000,112,1,1
3159,Stalemate,29000,37000,21000,29000,112,1,0
3160,Stalemate,42000,45000,38000,33000,112,1,0
3161,P2,38000,64000,30000,40000,80,0,0
3162,P1,64000,40000,40000,32000,87,0,0
3163,P2,45000,56000,17000,40000,98,0,0
3164,Stalemate,47000,46000,39000,38000,112,1,1
3165,P1,60000,37000,40000,33000,73,0,0
3166,P1,60000,2000,40000,2000,43,0,1
3167,Stalemate,36000,46000,32000,34000,112,1,0
3168,P1,64000,10000,40000,6000,59,0,1
3169,Stalemate,47000,32000,39000,24000,112,1,0
3170,Stalemate,46000,16000,34000,12000,112,1,1
3171,P1,72000,15000,40000,11000,45,0,0
3172,Stalemate,36000,27000,28000,19000,112,1,1
3173,Stalemate,35000,34000,27000,26000,112,1,0
3174,Stalemate,30000,36000,22000,28000,112,1,0
3175,P2,33000,60000,25000,40000,64,0,1
3176,Stalemate,46000,32000,18000,32000,112,1,0
3177,Stalemate,19000,30000,15000,18000,112,1,1
3178,Stalemate,45000,42000,37000,34000,112,1,0
3179,Stalemate,47000,13000,39000,5000,112,1,1
3180,Stalemate,9000,27000,5000,15000,112,1,0
3181,Stalemate,20000,33000,12000,25000,112,1,0
3182,Stalemate,39000,38000,11000,38000,112,1,0
3183,P1,64000,39000,40000,39000,71,0,0
3184,Stalemate,46000,32000,34000,28000,112,1,0
3185,Stalemate,39000,24000,31000,16000,112,1,1
3186,Stalemate,42000,29000,38000,17000,112,1,0
3187,P2,15000,68000,15000,40000,54,0,0
3188,Stalemate,28000,41000,16000,37000,112,1,0
3189,P1,68000,9000,40000,9000,71,0,1
3190,Stalemate,6000,67000,6000,39000,112,1,0
3191,Stalemate,32000,47000,24000,39000,112,1,0
3192,Stalemate,40000,24000,36000,12000,112,1,1
3193,Stalemate,33000,45000,29000,33000,112,1,1
3194,Stalemate,51000,34000,39000,30000,112,1,0
3195,Stalemate,5000,39000,1000,27000,112,1,1
3196,P1,68000,10000,40000,6000,83,0,0
3197,P2,45000,60000,37000,40000,50,0,0
3198,Stalemate,17000,52000,17000,24000,112,1,0
3199,Stalemate,6000,38000,2000,26000,112,1,0
3200,P1,60000,45000,40000,33000,93,0,0
3201,Stalemate,27000,51000,23000,39000,112,1,0
3202,Stalemate,49000,23000,37000,19000,112,1,0
3203,Stalemate,8000,32000,4000,20000,112,1,0
3204,Stalemate,42000,36000,30000,32000,112,1,0
3205,Stalemate,62000,22000,34000,22000,112,1,0
3206,Stalemate,42000,26000,30000,22000,112,1,0
3207,Stalemate,14000,47000,6000,39000,112,1,0
3208,P2,39000,64000,39000,40000,52,0,0
3209,P1,60000,45000,40000,33000,87,0,0
3210,P2,35000,64000,31000,40000,74,0,0
3211,Stalemate,32000,44000,24000,36000,112,1,0
3212,Stalemate,13000,38000,5000,30000,112,1,0
3213,Stalemate,16000,35000,12000,23000,112,1,0
3214,Stalemate,45000,21000,33000,17000,112,1,1
3215,P2,31000,64000,27000,40000,54,0,1
3216,P1,56000,27000,40000,27000,43,0,1
3217,P2,34000,68000,30000,40000,94,0,0
3218,Stalemate,30000,47000,22000,39000,112,1,0
3219,P2,19000,84000,19000,40000,98,0,1
3220,P2,41000,60000,33000,40000,86,0,0
3221,Stalemate,33000,40000,29000,28000,112,1,0
3222,Stalemate,36000,32000,28000,24000,112,1,1
3223,P2,23000,64000,23000,40000,82,0,0
3224,P1,60000,33000,40000,25000,79,0,0
3225,Stalemate,41000,36000,37000,24000,112,1,0
3226,P2,15000,84000,15000,40000,94,0,1
3227,P2,43000,64000,35000,40000,94,0,0
3228,Stalemate,37000,8000,29000,0,112,1,0
3229,P1,68000,36000,40000,36000,85,0,1
3230,Stalemate,35000,23000,23000,19000,112,1,1
3231,Stalemate,35000,20000,23000,16000,112,1,0
3232,Stalemate,20000,8000,12000,0,112,1,0
3233,Stalemate,37000,21000,25000,17000,112,1,1
3234,Stalemate,28000,30000,16000,26000,112,1,0
3235,P2,13000,76000,9000,40000,86,0,0
3236,Stalemate,30000,47000,22000,39000,112,1,0
3237,Stalemate,59000,6000,31000,6000,112,1,0
3238,P1,76000,19000,40000,15000,49,0,1
3239,P2,28000,64000,20000,40000,72,0,0
3240,Stalemate,33000,49000,29000,37000,112,1,0
3241,P1,72000,26000,40000,18000,67,0,0
3242,Stalemate,43000,35000,39000,23000,112,1,0
3243,P2,19000,64000,19000,40000,58,0,0
3244,Stalemate,44000,34000,36000,26000,112,1,0
3245,P2,13000,60000,5000,40000,72,0,1
3246,Stalemate,49000,31000,37000,27000,112,1,1
3247,P2,16000,64000,8000,40000,72,0,0
3248,Stalemate,45000,22000,37000,14000,112,1,1
3249,Stalemate,45000,43000,37000,35000,112,1,1
3250,Stalemate,15000,39000,11000,27000,112,1,1
3251,P2,34000,72000,22000,40000,100,0,0
3252,P1,68000,17000,40000,13000,71,0,0
3253,P1,64000,30000,40000,22000,91,0,0
3254,P2,20000,76000,16000,40000,78,0,0
3255,Stalemate,40000,43000,28000,39000,112,1,0
3256,Stalemate,41000,39000,37000,27000,112,1,0
3257,Stalemate,67000,0,39000,0,112,1,1
3258,Stalemate,34000,55000,34000,27000,112,1,0
3259,Stalemate,26000,28000,18000,20000,112,1,0
3260,P2,24000,64000,16000,40000,86,0,0
3261,P2,37000,64000,33000,40000,42,0,1
3262,Stalemate,54000,13000,26000,13000,112,1,0
3263,P2,18000,68000,14000,40000,72,0,0
3264,Stalemate,47000,25000,35000,21000,112,1,1
3265,P2,19000,76000,11000,40000,90,0,0
3266,P2,20000,68000,20000,40000,84,0,1
3267,Stalemate,32000,14000,20000,10000,112,1,0
3268,P1,80000,14000,40000,10000,101,0,0
3269,P1,84000,20000,40000,20000,89,0,1
3270,P1,84000,34000,40000,34000,91,0,0
3271,P1,68000,20000,40000,16000,99,0,0
3272,P1,60000,39000,40000,27000,75,0,0
3273,Stalemate,42000,25000,38000,13000,112,1,1
3274,Stalemate,27000,29000,19000,21000,112,1,1
3275,Stalemate,51000,18000,39000,14000,112,1,0
3276,Stalemate,51000,22000,39000,18000,112,1,0
3277,Stalemate,35000,11000,27000,3000,112,1,0
3278,Stalemate,45000,28000,33000,24000,112,1,1
3279,P1,60000,40000,40000,28000,63,0,0
3280,Stalemate,43000,33000,35000,25000,112,1,0
3281,Stalemate,27000,10000,15000,6000,112,1,0
3282,P1,60000,33000,40000,25000,73,0,0
3283,Stalemate,34000,49000,30000,37000,112,1,0
3284,P2,32000,80000,28000,40000,78,0,0
3285,P2,29000,64000,25000,40000,70,0,0
3286,P1,60000,40000,40000,36000,55,0,0
3287,Stalemate,50000,41000,38000,37000,112,1,0
3288,Stalemate,33000,25000,21000,21000,112,1,0
3289,Stalemate,23000,36000,23000,8000,112,1,1
3290,P1,60000,34000,40000,22000,93,0,0
3291,P1,68000,33000,40000,33000,81,0,0
3292,P2,28000,60000,24000,40000,78,0,0
3293,Stalemate,23000,22000,15000,14000,112,1,0
3294,Stalemate,25000,42000,21000,30000,112,1,1
3295,Stalemate,24000,39000,20000,27000,112,1,1
3296,Stalemate,47000,29000,39000,21000,112,1,0
3297,P2,28000,60000,16000,40000,84,0,0
3298,P1,60000,18000,40000,10000,67,0,0
3299,Stalemate,42000,34000,30000,30000,112,1,1
3300,Stalemate,25000,37000,13000,33000,112,1,1
3301,Stalemate,38000,36000,30000,28000,112,1,0
3302,Stalemate,21000,51000,17000,39000,112,1,0
3303,Stalemate,16000,51000,12000,39000,112,1,1
3304,Stalemate,33000,67000,33000,39000,112,1,1
3305,P1,64000,27000,40000,19000,69,0,0
3306,P2,46000,60000,38000,40000,88,0,0
3307,Stalemate,23000,12000,15000,4000,112,1,0
3308,Stalemate,25000,46000,17000,38000,112,1,1
3309,P1,60000,46000,40000,38000,73,0,0
3310,Stalemate,20000,45000,12000,37000,112,1,0
3311,Stalemate,50000,33000,38000,29000,112,1,0
3312,P1,68000,6000,40000,2000,49,0,1
3313,P2,47000,60000,39000,40000,84,0,0
3314,Stalemate,42000,42000,30000,38000,112,1,0
3315,P1,76000,21000,40000,13000,75,0,0
3316,P2,47000,64000,39000,40000,84,0,1
3317,P1,64000,47000,40000,39000,97,0,0
3318,Stalemate,31000,45000,23000,37000,112,1,0
3319,Stalemate,42000,51000,38000,39000,112,1,0
3320,Stalemate,8000,40000,8000,12000,112,1,1
3321,Stalemate,23000,49000,19000,37000,112,1,0
3322,Stalemate,20000,33000,8000,29000,112,1,0
3323,P1,60000,37000,40000,29000,69,0,0
3324,P1,60000,33000,40000,21000,75,0,0
3325,Stalemate,42000,34000,38000,22000,112,1,1
3326,P2,17000,60000,13000,40000,70,0,0
3327,P1,72000,51000,40000,39000,93,0,0
3328,P1,76000,13000,40000,13000,63,0,1
3329,P1,68000,22000,40000,18000,53,0,1
3330,Stalemate,47000,39000,39000,31000,112,1,0
3331,Stalemate,50000,14000,38000,10000,112,1,0
3332,Stalemate,14000,12000,6000,4000,112,1,1
3333,P1,56000,51000,40000,39000,79,0,0
3334,Stalemate,14000,32000,6000,24000,112,1,1
3335,Stalemate,38000,65000,38000,37000,112,1,0
3336,P2,50000,72000,38000,40000,100,0,0
3337,P1,60000,35000,40000,23000,87,0,0
3338,P2,9000,68000,5000,40000,78,0,0
3339,Stalemate,39000,23000,27000,19000,112,1,1
3340,Stalemate,10000,47000,2000,39000,112,1,0
3341,Stalemate,14000,32000,6000,24000,112,1,0
3342,Stalemate,23000,42000,15000,34000,112,1,0
3343,P1,64000,17000,40000,13000,59,0,0
3344,P1,64000,22000,40000,14000,91,0,1
3345,Stalemate,40000,32000,32000,24000,112,1,1
3346,Stalemate,32000,47000,24000,39000,112,1,0
3347,Stalemate,23000,47000,15000,39000,112,1,0
3348,Stalemate,29000,24000,17000,20000,112,1,0
3349,P1,56000,39000,40000,31000,57,0,0
3350,P2,31000,84000,31000,40000,94,0,0
3351,P1,64000,43000,40000,35000,93,0,0
3352,Stalemate,24000,18000,16000,10000,112,1,0
3353,P2,34000,64000,30000,40000,74,0,0
3354,P1,60000,11000,40000,3000,67,0,1
3355,Stalemate,29000,6000,17000,2000,112,1,0
3356,Stalemate,47000,30000,35000,26000,112,1,0
3357,Stalemate,51000,31000,39000,27000,112,1,0
3358,Stalemate,51000,7000,39000,3000,112,1,0
3359,Stalemate,44000,15000,36000,7000,112,1,1
3360,P2,31000,60000,19000,40000,60,0,0
3361,Stalemate,32000,33000,20000,29000,112,1,0
3362,Stalemate,45000,42000,37000,34000,112,1,0
3363,Stalemate,21000,22000,13000,14000,112,1,1
3364,P1,64000,37000,40000,29000,87,0,0
3365,P1,68000,16000,40000,12000,85,0,1
3366,Stalemate,37000,49000,33000,37000,112,1,0
3367,Stalemate,36000,28000,28000,20000,112,1,0
3368,Stalemate,40000,24000,32000,16000,112,1,0
3369,P1,68000,25000,40000,21000,45,0,1
3370,Stalemate,45000,14000,37000,6000,112,1,0
3371,P2,32000,68000,32000,40000,60,0,1
3372,Stalemate,42000,47000,34000,39000,112,1,0
3373,P2,15000,60000,11000,40000,50,0,1
3374,P1,76000,24000,40000,16000,91,0,0
3375,Stalemate,45000,35000,33000,31000,112,1,0
3376,Stalemate,45000,26000,33000,22000,112,1,0
3377,P1,64000,8000,40000,8000,43,0,1
3378,P2,36000,64000,28000,40000,90,0,0
3379,Stalemate,44000,19000,36000,11000,112,1,1
3380,Stalemate,14000,32000,6000,24000,112,1,0
3381,Stalemate,39000,48000,35000,36000,112,1,0
3382,Stalemate,23000,65000,23000,37000,112,1,0
3383,P1,68000,30000,40000,26000,91,0,0
3384,Stalemate,53000,20000,25000,20000,112,1,0
3385,Stalemate,50000,13000,38000,9000,112,1,1
3386,P1,76000,27000,40000,23000,53,0,1
3387,P2,34000,76000,26000,40000,95,0,0
3388,Stalemate,60000,38000,32000,38000,112,1,0
3389,P2,21000,80000,17000,40000,78,0,1
3390,P1,80000,4000,40000,0,73,0,1
3391,Stalemate,12000,12000,4000,4000,112,1,0
3392,Stalemate,27000,51000,23000,39000,112,1,0
3393,P1,64000,24000,40000,16000,99,0,0
3394,P1,60000,26000,40000,18000,85,0,1
3395,P1,64000,12000,40000,4000,97,0,0
3396,Stalemate,25000,43000,13000,39000,112,1,0
3397,Stalemate,35000,13000,23000,9000,112,1,0
3398,Stalemate,44000,46000,36000,38000,112,1,1
3399,P1,96000,34000,40000,34000,87,0,0
3400,Stalemate,50000,29000,38000,25000,112,1,1
3401,Stalemate,34000,25000,26000,17000,112,1,0
3402,Stalemate,37000,45000,29000,37000,112,1,1
3403,P2,13000,68000,13000,40000,68,0,1
3404,P2,21000,64000,21000,40000,54,0,0
3405,Stalemate,50000,32000,38000,28000,112,1,1
3406,Stalemate,35000,34000,23000,30000,112,1,0
3407,Stalemate,37000,40000,33000,28000,112,1,0
3408,P1,60000,40000,40000,28000,85,0,0
3409,P1,68000,25000,40000,25000,85,0,0
3410,P2,28000,60000,28000,40000,74,0,0
3411,Stalemate,31000,46000,23000,38000,112,1,0
3412,Stalemate,42000,46000,38000,34000,112,1,0
3413,P2,25000,60000,21000,40000,72,0,0
3414,Stalemate,50000,36000,38000,32000,112,1,1
3415,Stalemate,21000,19000,9000,15000,112,1,1
3416,Stalemate,18000,25000,10000,17000,112,1,0
3417,P1,84000,8000,40000,0,97,0,1
3418,Stalemate,36000,43000,28000,35000,112,1,1
3419,Stalemate,22000,33000,14000,25000,112,1,0
3420,Stalemate,51000,30000,39000,26000,112,1,0
3421,P1,84000,38000,40000,38000,99,0,0
3422,Stalemate,47000,32000,39000,24000,112,1,0
3423,Stalemate,24000,50000,20000,38000,112,1,0
3424,P1,64000,22000,40000,22000,45,0,0
3425,P2,28000,64000,20000,40000,82,0,0
3426,P2,28000,76000,24000,40000,68,0,0
3427,Stalemate,50000,33000,38000,29000,112,1,1
3428,P2,27000,76000,19000,40000,100,0,0
3429,P2,33000,64000,25000,40000,94,0,0
3430,Stalemate,47000,3000,19000,3000,112,1,0
3431,Stalemate,46000,37000,38000,29000,112,1,1
3432,P1,64000,15000,40000,11000,59,0,0
3433,Stalemate,38000,23000,30000,15000,112,1,0
3434,Stalemate,30000,46000,22000,38000,112,1,0
3435,P2,10000,64000,6000,40000,72,0,0
3436,P1,64000,13000,40000,9000,57,0,1
3437,P1,84000,28000,40000,28000,99,0,1
3438,Stalemate,29000,41000,21000,33000,112,1,0
3439,Stalemate,29000,27000,21000,19000,112,1,0
3440,P1,76000,27000,40000,19000,93,0,0
3441,Stalemate,31000,36000,27000,24000,112,1,1
3442,P2,21000,88000,13000,40000,61,0,0
3443,P2,42000,60000,34000,40000,78,0,0
3444,Stalemate,50000,42000,38000,38000,112,1,0
3445,Stalemate,46000,34000,34000,30000,112,1,0
3446,Stalemate,46000,6000,34000,2000,112,1,0
3447,P2,14000,68000,10000,40000,74,0,0
3448,P1,56000,30000,40000,22000,53,0,0
3449,P1,68000,24000,40000,20000,89,0,1
3450,P1,68000,14000,40000,10000,57,0,0
3451,Stalemate,40000,46000,32000,38000,112,1,1
3452,Stalemate,37000,15000,29000,7000,112,1,1
3453,Stalemate,22000,30000,14000,22000,112,1,1
3454,P2,11000,64000,11000,40000,64,0,0
3455,P2,14000,68000,10000,40000,92,0,0
3456,P2,39000,64000,39000,40000,78,0,0
3457,P1,68000,31000,40000,27000,95,0,0
3458,Stalemate,23000,38000,15000,30000,112,1,0
3459,Stalemate,23000,31000,15000,23000,112,1,1
3460,Stalemate,26000,50000,22000,38000,112,1,0
3461,Stalemate,41000,26000,33000,18000,112,1,1
3462,Stalemate,40000,47000,32000,39000,112,1,0
3463,Stalemate,46000,45000,38000,37000,112,1,0
3464,P2,13000,64000,13000,40000,60,0,0
3465,Stalemate,42000,25000,38000,13000,112,1,0
3466,Stalemate,47000,31000,39000,23000,112,1,1
3467,P1,64000,17000,40000,13000,69,0,0
3468,P2,30000,64000,26000,40000,68,0,0
3469,Stalemate,51000,27000,39000,23000,112,1,0
3470,Stalemate,42000,47000,34000,39000,112,1,0
3471,Stalemate,22000,35000,14000,27000,112,1,0
3472,P1,68000,16000,40000,16000,33,0,0
3473,Stalemate,47000,8000,39000,0,112,1,0
3474,Stalemate,44000,6000,32000,2000,112,1,1
3475,P1,56000,67000,40000,39000,99,0,0
3476,P1,60000,20000,40000,8000,75,0,0
3477,Stalemate,45000,37000,37000,29000,112,1,1
3478,Stalemate,58000,9000,30000,9000,112,1,0
3479,Stalemate,39000,23000,31000,15000,112,1,0
3480,P2,41000,80000,37000,40000,100,0,0
3481,P1,60000,41000,40000,33000,71,0,0
3482,Stalemate,44000,12000,32000,8000,112,1,0
3483,P1,60000,10000,40000,10000,63,0,0
3484,Stalemate,49000,14000,37000,10000,112,1,0
3485,Stalemate,14000,36000,10000,24000,112,1,1
3486,Stalemate,48000,27000,36000,23000,112,1,0
3487,Stalemate,47000,29000,35000,25000,112,1,1
3488,P1,64000,19000,40000,15000,67,0,1
3489,Stalemate,11000,60000,11000,32000,112,1,0
3490,P1,64000,34000,40000,26000,91,0,0
3491,Stalemate,18000,49000,14000,37000,112,1,1
3492,Stalemate,62000,37000,34000,37000,112,1,0
3493,P1,64000,16000,40000,12000,69,0,1
3494,Stalemate,39000,45000,31000,37000,112,1,0
3495,P2,36000,60000,32000,40000,68,0,0
3496,Stalemate,25000,46000,17000,38000,112,1,0
3497,P1,60000,47000,40000,39000,79,0,0
3498,Stalemate,33000,51000,29000,39000,112,1,0
3499,P1,68000,37000,40000,33000,99,0,0
3500,Stalemate,26000,36000,18000,28000,112,1,0
3501,P2,17000,60000,17000,40000,40,0,0
3502,P1,72000,27000,40000,23000,61,0,0
3503,Stalemate,65000,16000,37000,16000,112,1,0
3504,P2,28000,60000,20000,40000,48,0,0
3505,Stalemate,16000,8000,8000,0,112,1,1
3506,P2,37000,64000,33000,40000,72,0,0
3507,P1,80000,21000,40000,17000,99,0,0
3508,Stalemate,48000,40000,36000,36000,112,1,0
3509,P1,64000,35000,40000,31000,75,0,0
3510,Stalemate,48000,29000,36000,25000,112,1,0
3511,P2,21000,64000,13000,40000,50,0,0
3512,P1,64000,45000,40000,37000,95,0,0
3513,P1,60000,14000,40000,10000,65,0,1
3514,Stalemate,19000,63000,19000,35000,112,1,1
3515,Stalemate,62000,30000,34000,30000,112,1,0
3516,Stalemate,16000,37000,8000,29000,112,1,1
3517,Stalemate,47000,31000,35000,27000,112,1,0
3518,P2,17000,64000,13000,40000,46,0,0
3519,P2,26000,68000,26000,40000,58,0,1
3520,P2,46000,72000,34000,40000,76,0,0
3521,P1,64000,44000,40000,36000,93,0,0
3522,P2,13000,68000,9000,40000,82,0,0
3523,P2,19000,64000,15000,40000,80,0,0
3524,P1,64000,37000,40000,29000,47,0,0
3525,P1,64000,33000,40000,29000,87,0,0
3526,Stalemate,18000,23000,10000,15000,112,1,1
3527,P1,64000,42000,40000,38000,53,0,1
3528,P2,30000,60000,22000,40000,40,0,1
3529,P2,28000,56000,16000,40000,76,0,0
3530,Stalemate,32000,18000,4000,18000,112,1,1
3531,Stalemate,66000,22000,38000,22000,112,1,1
3532,Stalemate,49000,39000,21000,39000,112,1,0
3533,P2,41000,60000,33000,40000,86,0,0
3534,Stalemate,26000,47000,18000,39000,112,1,0
3535,Stalemate,60000,19000,32000,19000,112,1,0
3536,Stalemate,45000,35000,37000,27000,112,1,0
3537,P2,19000,64000,19000,40000,52,0,0
3538,Stalemate,30000,25000,26000,13000,112,1,1
3539,Stalemate,44000,40000,36000,32000,112,1,0
3540,P2,37000,64000,33000,40000,80,0,0
3541,Stalemate,54000,11000,26000,11000,112,1,0
3542,Stalemate,33000,19000,25000,11000,112,1,0
3543,P1,68000,33000,40000,29000,93,0,0
3544,P1,60000,18000,40000,14000,69,0,0
3545,Stalemate,58000,1000,30000,1000,112,1,0
3546,Stalemate,36000,42000,28000,34000,112,1,1
3547,Stalemate,44000,47000,36000,39000,112,1,0
3548,P1,64000,29000,40000,25000,71,0,0
3549,Stalemate,43000,20000,39000,8000,112,1,0
3550,Stalemate,18000,41000,10000,33000,112,1,0
3551,Stalemate,23000,14000,19000,2000,112,1,1
3552,P1,64000,37000,40000,29000,95,0,0
3553,Stalemate,32000,43000,20000,39000,112,1,0
3554,Stalemate,24000,34000,12000,30000,112,1,1
3555,Stalemate,34000,26000,22000,22000,112,1,0
3556,P2,28000,72000,16000,40000,92,0,0
3557,P2,23000,68000,23000,40000,72,0,0
3558,P1,80000,4000,40000,0,51,0,0
3559,P2,14000,64000,6000,40000,92,0,0
3560,Stalemate,42000,51000,38000,39000,112,1,0
3561,P1,72000,49000,40000,37000,93,0,0
3562,Stalemate,43000,47000,39000,35000,112,1,0
3563,Stalemate,34000,38000,30000,14000,111,1,1
3564,Stalemate,28000,44000,24000,32000,112,1,1
3565,Stalemate,46000,8000,34000,4000,112,1,1
3566,P2,12000,60000,4000,40000,86,0,0
3567,P2,40000,60000,32000,40000,94,0,0
3568,Stalemate,46000,14000,38000,6000,112,1,0
3569,Stalemate,36000,34000,32000,22000,112,1,0
3570,P1,68000,23000,40000,19000,95,0,0
3571,P1,84000,14000,40000,14000,85,0,0
3572,P1,68000,19000,40000,15000,91,0,0
3573,Stalemate,15000,23000,7000,15000,112,1,0
3574,Stalemate,34000,38000,26000,30000,112,1,0
3575,P2,35000,64000,27000,40000,90,0,0
3576,Stalemate,29000,50000,25000,38000,112,1,0
3577,Stalemate,30000,28000,22000,20000,112,1,1
3578,Stalemate,67000,9000,39000,9000,112,1,1
3579,Stalemate,20000,45000,12000,37000,112,1,0
3580,Stalemate,23000,26000,11000,22000,112,1,1
3581,Stalemate,45000,42000,33000,38000,112,1,0
3582,P1,64000,34000,40000,26000,73,0,0
3583,Stalemate,36000,25000,28000,17000,112,1,0
3584,P2,46000,64000,38000,40000,96,0,0
3585,Stalemate,30000,29000,22000,21000,112,1,1
3586,P1,84000,12000,40000,12000,93,0,0
3587,P1,60000,37000,40000,25000,59,0,0
3588,Stalemate,36000,51000,32000,39000,112,1,0
3589,P1,60000,17000,40000,17000,31,0,0
3590,P1,68000,41000,40000,37000,57,0,0
3591,Stalemate,38000,40000,26000,36000,112,1,0
3592,P1,84000,11000,40000,11000,83,0,0
3593,Stalemate,46000,26000,38000,18000,112,1,0
3594,Stalemate,31000,37000,27000,13000,111,1,0
3595,Stalemate,20000,13000,12000,5000,112,1,1
3596,Stalemate,67000,34000,39000,34000,112,1,0
3597,P2,34000,84000,34000,40000,68,0,0
3598,P2,38000,64000,30000,40000,74,0,1
3599,Stalemate,14000,23000,6000,15000,112,1,0
3600,P2,33000,56000,25000,40000,84,0,0
3601,Stalemate,28000,58000,28000,30000,112,1,0
3602,Stalemate,47000,30000,39000,22000,112,1,0
3603,P1,84000,29000,40000,29000,63,0,1
3604,Stalemate,44000,27000,36000,19000,112,1,0
3605,Stalemate,37000,22000,29000,14000,112,1,0
3606,Stalemate,34000,30000,26000,22000,112,1,0
3607,Stalemate,28000,42000,20000,34000,112,1,0
3608,Stalemate,28000,31000,20000,23000,112,1,0
3609,Stalemate,45000,24000,37000,16000,112,1,1
3610,Stalemate,42000,44000,38000,32000,112,1,1
3611,P2,33000,64000,25000,40000,84,0,0
3612,Stalemate,19000,59000,11000,39000,111,1,0
3613,Stalemate,36000,26000,28000,18000,112,1,0
3614,Stalemate,46000,38000,38000,30000,112,1,0
3615,P1,60000,47000,40000,35000,97,0,0
3616,Stalemate,4000,50000,0,38000,112,1,1
3617,P2,38000,64000,38000,40000,60,0,0
3618,Stalemate,38000,66000,38000,38000,112,1,0
3619,P1,68000,35000,40000,31000,73,0,0
3620,P1,68000,37000,40000,33000,81,0,0
3621,P1,88000,0,40000,0,77,0,1
3622,P2,18000,60000,10000,40000,78,0,0
3623,Stalemate,40000,24000,32000,16000,112,1,1
3624,P2,32000,64000,24000,40000,98,0,0
3625,Stalemate,46000,38000,38000,30000,112,1,0
3626,Stalemate,35000,38000,27000,30000,112,1,1
3627,P1,68000,39000,40000,35000,87,0,0
3628,Stalemate,0,57000,0,29000,112,1,0
3629,Stalemate,26000,44000,18000,36000,112,1,0
3630,Stalemate,21000,10000,13000,2000,112,1,0
3631,Stalemate,40000,12000,32000,4000,112,1,0
3632,P1,64000,47000,40000,39000,83,0,0
3633,P1,64000,11000,40000,7000,67,0,1
3634,P2,46000,76000,38000,40000,100,0,0
3635,Stalemate,14000,30000,6000,22000,112,1,0
3636,P1,96000,32000,40000,32000,85,0,0
3637,P2,36000,80000,36000,40000,76,0,1
3638,Stalemate,43000,41000,39000,29000,112,1,0
3639,Stalemate,49000,22000,37000,18000,112,1,1
3640,P1,64000,13000,40000,13000,55,0,1
3641,Stalemate,30000,29000,18000,25000,112,1,0
3642,Stalemate,35000,42000,27000,34000,112,1,0
3643,Stalemate,51000,43000,39000,39000,112,1,0
3644,Stalemate,35000,62000,35000,34000,112,1,1
3645,P1,68000,15000,40000,15000,61,0,0
3646,Stalemate,17000,61000,17000,33000,112,1,0
3647,P2,26000,84000,26000,40000,98,0,0
3648,P2,12000,60000,12000,40000,70,0,1
3649,Stalemate,37000,45000,33000,33000,112,1,1
3650,P1,64000,26000,40000,22000,63,0,0
3651,P1,64000,32000,40000,24000,93,0,0
3652,P2,17000,64000,17000,40000,66,0,1
3653,P1,60000,44000,40000,32000,97,0,0
3654,Stalemate,21000,57000,21000,29000,112,1,0
3655,P1,64000,12000,40000,12000,47,0,0
3656,P1,76000,27000,40000,19000,101,0,0
3657,Stalemate,24000,44000,20000,32000,112,1,0
3658,P2,12000,84000,12000,40000,92,0,1
3659,P1,64000,13000,40000,9000,91,0,1
3660,P1,64000,28000,40000,20000,51,0,0
3661,Stalemate,41000,34000,29000,30000,112,1,0
3662,P2,25000,84000,25000,40000,94,0,0
3663,Stalemate,50000,17000,38000,13000,112,1,0
3664,Stalemate,17000,20000,13000,8000,112,1,0
3665,Stalemate,50000,20000,38000,16000,112,1,1
3666,Stalemate,47000,42000,39000,34000,112,1,0
3667,Stalemate,45000,16000,37000,8000,112,1,1
3668,P1,64000,42000,40000,38000,75,0,0
3669,P2,19000,64000,11000,40000,62,0,0
3670,Stalemate,18000,44000,10000,36000,112,1,1
3671,P1,76000,38000,40000,30000,93,0,0
3672,P2,17000,80000,13000,40000,79,0,0
3673,P1,64000,34000,40000,30000,79,0,0
3674,Stalemate,39000,49000,35000,37000,112,1,0
3675,Stalemate,26000,43000,22000,31000,112,1,1
3676,Stalemate,50000,29000,38000,25000,112,1,0
3677,P2,36000,80000,32000,40000,100,0,0
3678,P1,60000,23000,40000,15000,57,0,1
3679,Stalemate,67000,20000,39000,20000,112,1,1
3680,Stalemate,36000,47000,32000,35000,112,1,0
3681,P2,42000,64000,38000,40000,66,0,1
3682,Stalemate,43000,41000,35000,33000,112,1,0
3683,P2,21000,72000,21000,40000,33,0,0
3684,Stalemate,42000,26000,14000,26000,112,1,0
3685,P1,68000,16000,40000,12000,85,0,1
3686,Stalemate,43000,31000,39000,19000,112,1,0
3687,Stalemate,24000,41000,16000,33000,112,1,1
3688,Stalemate,50000,18000,38000,14000,112,1,0
3689,Stalemate,20000,51000,16000,39000,112,1,0
3690,P1,68000,21000,40000,17000,77,0,1
3691,Stalemate,12000,35000,4000,27000,112,1,1
3692,Stalemate,23000,54000,23000,26000,112,1,1
3693,Stalemate,28000,42000,20000,34000,112,1,0
3694,Stalemate,60000,0,32000,0,112,1,1
3695,P2,8000,64000,4000,40000,58,0,1
3696,P2,12000,80000,8000,40000,98,0,0
3697,Stalemate,43000,48000,39000,36000,112,1,0
3698,Stalemate,32000,47000,24000,39000,112,1,0
3699,Stalemate,30000,47000,22000,39000,112,1,1
3700,P2,6000,76000,2000,40000,56,0,0
3701,P2,14000,68000,10000,40000,76,0,1
3702,Stalemate,41000,36000,33000,28000,112,1,1
3703,Stalemate,27000,24000,23000,12000,112,1,0
3704,Stalemate,40000,48000,36000,36000,112,1,0
3705,P1,60000,20000,40000,20000,43,0,0
3706,Stalemate,43000,39000,39000,27000,112,1,0
3707,P1,60000,51000,40000,39000,85,0,0
3708,P2,28000,64000,20000,40000,72,0,0
3709,P1,64000,46000,40000,38000,91,0,1
3710,P1,64000,16000,40000,12000,41,0,0
3711,Stalemate,40000,40000,28000,36000,112,1,0
3712,P2,28000,64000,20000,40000,80,0,0
3713,Stalemate,21000,13000,9000,9000,112,1,1
3714,Stalemate,22000,51000,18000,39000,112,1,0
3715,Stalemate,32000,28000,24000,20000,112,1,1
3716,Stalemate,40000,33000,28000,29000,112,1,0
3717,P1,64000,27000,40000,19000,69,0,0
3718,P1,72000,20000,40000,16000,67,0,0
3719,Stalemate,29000,16000,17000,12000,112,1,0
3720,Stalemate,47000,46000,39000,38000,112,1,1
3721,Stalemate,51000,28000,39000,24000,112,1,0
3722,P2,39000,68000,35000,40000,66,0,0
3723,P2,31000,64000,27000,40000,90,0,1
3724,Stalemate,44000,42000,36000,34000,112,1,0
3725,Stalemate,43000,32000,39000,20000,112,1,0
3726,Stalemate,9000,43000,1000,35000,112,1,0
3727,P2,24000,84000,24000,40000,86,0,0
3728,Stalemate,64000,19000,36000,19000,112,1,1
3729,Stalemate,27000,42000,15000,38000,112,1,1
3730,P2,25000,68000,25000,40000,96,0,0
3731,P2,45000,56000,17000,40000,84,0,0
3732,Stalemate,0,56000,0,28000,112,1,1
3733,P1,60000,30000,40000,30000,57,0,1
3734,P2,23000,60000,11000,40000,92,0,0
3735,P1,64000,5000,40000,5000,57,0,0
3736,P1,60000,21000,40000,17000,61,0,0
3737,P1,60000,28000,40000,20000,57,0,0
3738,P2,31000,60000,19000,40000,78,0,0
3739,Stalemate,29000,45000,25000,33000,112,1,1
3740,P1,60000,20000,40000,20000,29,0,0
3741,P2,39000,76000,31000,40000,100,0,0
3742,P1,64000,15000,40000,11000,49,0,0
3743,Stalemate,43000,49000,39000,37000,112,1,0
3744,Stalemate,34000,32000,22000,28000,112,1,0
3745,Stalemate,42000,14000,34000,6000,112,1,0
3746,Stalemate,34000,27000,26000,19000,112,1,0
3747,P1,68000,39000,40000,35000,63,0,0
3748,Stalemate,39000,26000,27000,22000,112,1,0
3749,P2,43000,72000,31000,40000,62,0,0
3750,Stalemate,29000,35000,17000,31000,112,1,0
3751,P1,64000,31000,40000,23000,85,0,0
3752,Stalemate,38000,51000,34000,39000,112,1,0
3753,Stalemate,31000,22000,23000,14000,112,1,1
3754,Stalemate,46000,34000,38000,26000,112,1,0
3755,P2,36000,80000,36000,40000,68,0,1
3756,Stalemate,41000,26000,33000,18000,112,1,0
3757,P1,64000,42000,40000,34000,67,0,0
3758,Stalemate,33000,38000,25000,30000,112,1,0
3759,P1,72000,33000,40000,21000,89,0,0
3760,Stalemate,29000,36000,25000,24000,112,1,1
3761,Stalemate,39000,27000,27000,23000,112,1,0
3762,P2,18000,68000,18000,40000,68,0,0
3763,Stalemate,32000,47000,24000,39000,112,1,0
3764,Stalemate,14000,17000,6000,9000,112,1,1
3765,P1,60000,2000,40000,2000,63,0,0
3766,P2,28000,64000,20000,40000,88,0,0
3767,Stalemate,47000,40000,39000,32000,112,1,0
3768,P1,60000,40000,40000,28000,93,0,0
3769,Stalemate,62000,37000,34000,37000,112,1,1
3770,Stalemate,26000,62000,26000,34000,112,1,0
3771,Stalemate,36000,43000,24000,39000,112,1,0
3772,P1,64000,38000,40000,30000,87,0,0
3773,P1,68000,19000,40000,15000,49,0,0
3774,Stalemate,38000,35000,30000,27000,112,1,0
3775,P1,68000,43000,40000,39000,99,0,1
3776,Stalemate,51000,35000,39000,31000,112,1,1
3777,Stalemate,23000,39000,19000,27000,112,1,0
3778,P1,60000,13000,40000,9000,63,0,1
3779,Stalemate,20000,46000,16000,34000,112,1,0
3780,Stalemate,43000,32000,39000,20000,112,1,1
3781,P1,80000,4000,40000,0,89,0,1
3782,P2,28000,68000,24000,40000,94,0,0
3783,P1,76000,18000,40000,10000,73,0,0
3784,P2,12000,64000,12000,40000,70,0,1
3785,Stalemate,39000,32000,27000,28000,112,1,0
3786,Stalemate,27000,42000,27000,14000,112,1,0
3787,Stalemate,46000,33000,34000,29000,112,1,0
3788,P2,25000,64000,21000,40000,62,0,0
3789,P1,68000,8000,40000,8000,85,0,0
3790,P2,36000,72000,28000,40000,58,0,0
3791,P2,4000,96000,0,40000,51,0,0
3792,P2,37000,72000,29000,40000,72,0,0
3793,P1,64000,30000,40000,26000,63,0,0
3794,P2,29000,80000,25000,40000,102,0,1
3795,Stalemate,24000,43000,20000,31000,112,1,0
3796,Stalemate,21000,4000,9000,0,112,1,1
3797,Stalemate,50000,37000,38000,33000,112,1,0
3798,P1,60000,31000,40000,19000,89,0,0
3799,P1,60000,39000,40000,27000,77,0,0
3800,P2,41000,64000,33000,40000,94,0,0
3801,P1,60000,29000,40000,25000,71,0,1
3802,P1,68000,7000,40000,7000,93,0,1
3803,Stalemate,43000,51000,39000,39000,112,1,1
3804,P2,28000,60000,24000,40000,62,0,1
3805,Stalemate,39000,35000,31000,27000,112,1,0
3806,Stalemate,37000,9000,25000,5000,112,1,0
3807,Stalemate,13000,45000,5000,37000,112,1,0
3808,P1,60000,9000,40000,1000,57,0,1
3809,Stalemate,17000,42000,9000,34000,112,1,1
3810,Stalemate,33000,38000,25000,30000,112,1,0
3811,P1,60000,49000,40000,37000,79,0,0
3812,P2,50000,60000,38000,40000,98,0,0
3813,Stalemate,42000,38000,38000,26000,112,1,0
3814,P1,60000,31000,40000,31000,79,0,0
3815,Stalemate,32000,40000,32000,12000,112,1,0
3816,Stalemate,16000,23000,12000,11000,112,1,0
3817,P1,72000,31000,40000,27000,63,0,0
3818,P1,60000,34000,40000,30000,53,0,1
3819,P2,42000,68000,38000,40000,90,0,1
3820,P1,64000,11000,40000,7000,51,0,0
3821,P2,19000,60000,15000,40000,50,0,0
3822,P1,68000,37000,40000,33000,79,0,1
3823,Stalemate,49000,34000,37000,30000,112,1,1
3824,Stalemate,8000,46000,0,38000,112,1,0
3825,Stalemate,21000,47000,17000,35000,112,1,0
3826,Stalemate,29000,35000,21000,27000,112,1,0
3827,Stalemate,45000,42000,37000,34000,112,1,0
3828,Stalemate,50000,40000,38000,36000,112,1,0
3829,Stalemate,42000,31000,38000,19000,112,1,0
3830,Stalemate,51000,26000,39000,22000,112,1,0
3831,P2,24000,76000,16000,40000,76,0,0
3832,Stalemate,18000,35000,6000,31000,112,1,1
3833,P2,67000,56000,39000,40000,86,0,0
3834,P1,64000,28000,40000,24000,97,0,0
3835,Stalemate,26000,22000,14000,18000,112,1,0
3836,Stalemate,39000,50000,35000,38000,112,1,1
3837,P2,29000,60000,21000,40000,42,0,0
3838,P1,64000,44000,40000,36000,99,0,0
3839,Stalemate,18000,27000,14000,15000,112,1,0
3840,Stalemate,21000,47000,17000,35000,112,1,0
3841,Stalemate,43000,18000,31000,14000,112,1,1
3842,P1,64000,7000,40000,3000,81,0,0
3843,P2,12000,64000,8000,40000,70,0,1
3844,P1,64000,12000,40000,8000,81,0,0
3845,Stalemate,23000,38000,15000,30000,112,1,0
3846,P1,60000,15000,40000,7000,77,0,0
3847,Stalemate,41000,19000,29000,15000,112,1,0
3848,Stalemate,27000,7000,15000,3000,112,1,1
3849,Stalemate,55000,19000,27000,19000,112,1,0
3850,P1,68000,17000,40000,13000,77,0,0
3851,Stalemate,37000,42000,29000,34000,112,1,0
3852,P2,37000,80000,33000,40000,76,0,1
3853,Stalemate,9000,11000,1000,3000,112,1,0
3854,Stalemate,33000,40000,29000,28000,112,1,0
3855,P1,76000,19000,40000,19000,53,0,0
3856,P1,64000,27000,40000,19000,43,0,1
3857,Stalemate,46000,17000,38000,9000,112,1,0
3858,P2,24000,76000,16000,40000,100,0,1
3859,P1,64000,43000,40000,39000,87,0,0
3860,Stalemate,49000,32000,37000,28000,112,1,0
3861,Stalemate,43000,34000,39000,22000,112,1,0
3862,P1,84000,36000,40000,36000,87,0,0
3863,Stalemate,23000,28000,19000,16000,112,1,0
3864,P2,15000,80000,15000,40000,45,0,0
3865,P2,42000,56000,38000,40000,56,0,0
3866,Stalemate,67000,30000,39000,30000,112,1,0
3867,P2,7000,68000,7000,40000,62,0,1
3868,Stalemate,29000,40000,25000,28000,112,1,0
3869,P1,88000,4000,40000,0,97,0,1
3870,Stalemate,22000,51000,18000,39000,112,1,0
3871,P2,22000,64000,14000,40000,88,0,1
3872,P1,60000,21000,40000,17000,63,0,1
3873,Stalemate,49000,28000,37000,24000,112,1,1
3874,Stalemate,32000,64000,32000,36000,112,1,0
3875,Stalemate,20000,51000,16000,39000,112,1,0
3876,Stalemate,47000,11000,39000,3000,112,1,1
3877,P2,6000,68000,6000,40000,90,0,0
3878,Stalemate,16000,61000,16000,33000,112,1,0
3879,P2,17000,68000,13000,40000,88,0,0
3880,P2,31000,64000,27000,40000,76,0,0
3881,Stalemate,67000,11000,39000,11000,112,1,0
3882,Stalemate,40000,26000,36000,14000,112,1,0
3883,P2,16000,64000,12000,40000,62,0,1
3884,Stalemate,25000,35000,21000,23000,112,1,1
3885,Stalemate,46000,36000,38000,28000,112,1,0
3886,Stalemate,32000,21000,28000,9000,112,1,0
3887,Stalemate,43000,8000,35000,0,112,1,1
3888,Stalemate,45000,25000,33000,21000,112,1,0
3889,Stalemate,57000,4000,29000,4000,112,1,1
3890,P2,0,116000,0,40000,100,0,0
3891,Stalemate,24000,25000,20000,13000,112,1,1
3892,P2,47000,64000,39000,40000,94,0,1
3893,Stalemate,37000,31000,33000,19000,112,1,0
3894,P2,28000,64000,24000,40000,64,0,0
3895,P1,88000,4000,40000,0,55,0,0
3896,P2,4000,84000,0,40000,68,0,1
3897,Stalemate,22000,44000,14000,36000,112,1,1
3898,Stalemate,4000,38000,0,26000,112,1,1
3899,Stalemate,8000,67000,8000,39000,112,1,1
3900,P1,68000,31000,40000,27000,87,0,0
3901,P2,25000,64000,21000,40000,80,0,0
3902,P2,31000,64000,23000,40000,74,0,1
3903,P1,64000,36000,40000,28000,83,0,0
3904,P1,60000,6000,40000,2000,73,0,0
3905,P1,60000,22000,40000,14000,75,0,0
3906,Stalemate,50000,24000,38000,20000,112,1,0
3907,Stalemate,38000,30000,34000,18000,112,1,0
3908,P2,4000,64000,4000,40000,76,0,1
3909,Stalemate,27000,28000,15000,24000,112,1,0
3910,Stalemate,9000,12000,5000,0,112,1,1
3911,Stalemate,47000,40000,39000,32000,112,1,0
3912,P2,0,88000,0,40000,56,0,0
3913,Stalemate,29000,44000,21000,36000,112,1,1
3914,P2,21000,80000,17000,40000,58,0,0
3915,P1,64000,17000,40000,13000,77,0,0
3916,P2,18000,60000,10000,40000,82,0,0
3917,P2,43000,64000,39000,40000,88,0,0
3918,Stalemate,12000,31000,4000,23000,112,1,1
3919,P1,60000,22000,40000,18000,63,0,0
3920,Stalemate,27000,51000,23000,39000,112,1,0
3921,P2,16000,60000,12000,40000,46,0,0
3922,P2,34000,60000,22000,40000,86,0,0
3923,P2,33000,84000,33000,40000,86,0,1
3924,P2,18000,64000,10000,40000,88,0,0
3925,Stalemate,25000,37000,13000,33000,112,1,1
3926,Stalemate,27000,66000,27000,38000,112,1,1
3927,Stalemate,19000,38000,15000,26000,112,1,1
3928,P1,60000,16000,40000,16000,65,0,1
3929,P1,76000,23000,40000,23000,65,0,1
3930,Stalemate,33000,43000,29000,31000,112,1,0
3931,Stalemate,46000,14000,38000,6000,112,1,0
3932,Stalemate,42000,39000,34000,31000,112,1,0
3933,Stalemate,46000,37000,38000,29000,112,1,0
3934,P2,30000,60000,22000,40000,54,0,0
3935,Stalemate,51000,41000,39000,37000,112,1,0
3936,Stalemate,49000,33000,37000,29000,112,1,0
3937,Stalemate,41000,17000,29000,13000,112,1,0
3938,Stalemate,41000,51000,37000,39000,112,1,0
3939,P1,64000,12000,40000,8000,53,0,1
3940,P1,64000,23000,40000,19000,91,0,1
3941,Stalemate,32000,14000,28000,2000,112,1,0
3942,P1,68000,41000,40000,37000,93,0,1
3943,Stalemate,32000,16000,20000,12000,112,1,1
3944,Stalemate,10000,35000,2000,27000,112,1,1
3945,Stalemate,7000,18000,3000,6000,112,1,0
3946,Stalemate,67000,33000,39000,33000,112,1,1
3947,P1,64000,39000,40000,35000,81,0,0
3948,P1,68000,28000,40000,24000,95,0,0
3949,P1,60000,18000,40000,10000,69,0,1
3950,P1,64000,9000,40000,9000,67,0,1
3951,Stalemate,25000,65000,25000,37000,112,1,1
3952,Stalemate,21000,31000,13000,23000,112,1,0
3953,Stalemate,49000,42000,37000,38000,112,1,0
3954,Stalemate,47000,47000,39000,39000,112,1,0
3955,Stalemate,55000,28000,27000,28000,112,1,1
3956,Stalemate,34000,50000,30000,38000,112,1,0
3957,Stalemate,37000,39000,33000,27000,112,1,0
3958,P2,43000,68000,39000,40000,76,0,0
3959,Stalemate,47000,33000,35000,29000,112,1,0
3960,Stalemate,46000,16000,38000,8000,112,1,0
3961,Stalemate,39000,46000,31000,38000,112,1,0
3962,Stalemate,22000,43000,14000,35000,112,1,1
3963,Stalemate,35000,46000,27000,38000,112,1,0
3964,Stalemate,27000,39000,23000,27000,112,1,0
3965,P2,22000,60000,18000,40000,84,0,0
3966,Stalemate,45000,46000,37000,38000,112,1,0
3967,Stalemate,23000,51000,19000,39000,112,1,1
3968,P1,68000,31000,40000,31000,79,0,0
3969,P1,76000,28000,40000,20000,67,0,1
3970,P1,60000,33000,40000,21000,83,0,0
3971,P1,64000,35000,40000,31000,59,0,0
3972,P2,26000,64000,18000,40000,44,0,1
3973,P2,35000,60000,27000,40000,84,0,0
3974,P2,8000,84000,0,40000,86,0,0
3975,P2,42000,68000,38000,40000,90,0,0
3976,P1,64000,47000,40000,39000,81,0,0
3977,P2,27000,64000,23000,40000,54,0,0
3978,Stalemate,43000,36000,35000,28000,112,1,0
3979,Stalemate,50000,29000,38000,25000,112,1,0
3980,P2,13000,64000,5000,40000,98,0,0
3981,Stalemate,45000,37000,37000,29000,112,1,0
3982,Stalemate,30000,10000,18000,6000,112,1,0
3983,P2,18000,64000,14000,40000,46,0,0
3984,P1,64000,16000,40000,8000,61,0,0
3985,Stalemate,23000,46000,15000,38000,112,1,0
3986,Stalemate,46000,17000,34000,13000,112,1,0
3987,Stalemate,43000,22000,31000,18000,112,1,0
3988,P2,20000,64000,20000,40000,64,0,0
3989,P1,64000,14000,40000,6000,87,0,0
3990,P1,64000,18000,40000,14000,43,0,0
3991,P2,32000,80000,28000,40000,92,0,0
3992,P2,28000,80000,24000,40000,42,0,0
3993,P2,3000,68000,3000,40000,60,0,1
3994,P1,72000,26000,40000,14000,71,0,1
3995,Stalemate,43000,30000,31000,26000,112,1,1
3996,P2,18000,64000,14000,40000,60,0,1
3997,P1,68000,26000,40000,22000,69,0,0
3998,Stalemate,50000,29000,38000,25000,112,1,1
3999,Stalemate,43000,45000,39000,33000,112,1,0
4000,P1,64000,31000,40000,23000,97,0,0
4001,Stalemate,33000,61000,33000,33000,112,1,0
4002,Stalemate,51000,20000,39000,16000,112,1,0
4003,P1,56000,46000,40000,38000,61,0,0
4004,P1,84000,12000,40000,12000,85,0,0
4005,P2,12000,68000,8000,40000,96,0,1
4006,P2,30000,64000,26000,40000,72,0,0
4007,Stalemate,51000,40000,39000,36000,112,1,1
4008,P2,29000,64000,21000,40000,54,0,0
4009,Stalemate,41000,35000,33000,27000,112,1,0
4010,P2,30000,72000,18000,40000,93,0,0
4011,Stalemate,31000,46000,23000,38000,112,1,0
4012,Stalemate,45000,32000,37000,24000,112,1,0
4013,P2,9000,60000,5000,40000,32,0,0
4014,Stalemate,65000,25000,37000,25000,112,1,0
4015,Stalemate,33000,48000,29000,36000,112,1,1
4016,Stalemate,29000,38000,21000,30000,112,1,0
4017,P2,31000,68000,31000,40000,82,0,1
4018,Stalemate,46000,36000,38000,28000,112,1,0
4019,Stalemate,30000,43000,18000,39000,112,1,0
4020,P1,64000,20000,40000,12000,95,0,0
4021,P1,84000,24000,40000,24000,95,0,0
4022,P2,26000,68000,22000,40000,74,0,0
4023,Stalemate,47000,43000,39000,35000,112,1,0
4024,P2,26000,68000,22000,40000,74,0,0
4025,P1,80000,4000,40000,0,45,0,1
4026,P2,19000,64000,15000,40000,68,0,0
4027,Stalemate,46000,46000,38000,38000,112,1,0
4028,P2,30000,64000,22000,40000,80,0,0
4029,Stalemate,17000,67000,17000,39000,112,1,1
4030,P2,34000,64000,30000,40000,82,0,0
4031,Stalemate,22000,42000,14000,34000,112,1,0
4032,P2,20000,64000,12000,40000,92,0,0
4033,Stalemate,28000,8000,20000,0,112,1,1
4034,P2,46000,60000,38000,40000,84,0,0
4035,P2,4000,80000,0,40000,34,0,0
4036,P2,20000,64000,20000,40000,54,0,1
4037,Stalemate,36000,38000,28000,30000,112,1,0
4038,Stalemate,35000,52000,35000,24000,112,1,1
4039,P1,60000,33000,40000,29000,47,0,1
4040,Stalemate,37000,34000,25000,30000,112,1,1
4041,Stalemate,32000,27000,28000,15000,112,1,1
4042,Stalemate,51000,13000,39000,9000,112,1,0
4043,P1,64000,19000,40000,11000,91,0,1
4044,P1,64000,37000,40000,29000,73,0,0
4045,Stalemate,42000,14000,38000,2000,112,1,1
4046,P1,64000,35000,40000,31000,71,0,0
4047,Stalemate,36000,36000,24000,32000,112,1,0
4048,P1,80000,17000,40000,13000,85,0,0
4049,Stalemate,20000,50000,16000,38000,112,1,0
4050,Stalemate,48000,40000,36000,36000,112,1,0
4051,Stalemate,21000,35000,17000,23000,112,1,1
4052,Stalemate,17000,27000,5000,23000,112,1,0
4053,Stalemate,46000,19000,34000,15000,112,1,1
4054,P1,60000,20000,40000,12000,45,0,1
4055,P1,60000,29000,40000,21000,47,0,0
4056,P1,64000,22000,40000,22000,47,0,0
4057,P2,30000,64000,26000,40000,68,0,0
4058,P2,21000,76000,13000,40000,100,0,0
4059,P2,35000,68000,31000,40000,90,0,0
4060,Stalemate,30000,27000,22000,19000,112,1,0
4061,Stalemate,39000,43000,27000,39000,112,1,0
4062,P1,60000,22000,40000,14000,41,0,1
4063,Stalemate,45000,47000,37000,39000,112,1,0
4064,P2,38000,60000,34000,40000,72,0,0
4065,Stalemate,38000,37000,30000,29000,112,1,1
4066,P1,60000,46000,40000,34000,99,0,0
4067,P2,26000,56000,18000,40000,64,0,0
4068,Stalemate,42000,45000,38000,33000,112,1,0
4069,Stalemate,30000,36000,22000,28000,112,1,1
4070,P2,31000,68000,27000,40000,78,0,0
4071,P2,26000,64000,26000,40000,80,0,0
4072,P1,60000,26000,40000,18000,59,0,1
4073,Stalemate,41000,38000,29000,34000,112,1,0
4074,P1,68000,26000,40000,22000,59,0,0
4075,Stalemate,36000,40000,32000,28000,112,1,0
4076,Stalemate,22000,51000,18000,39000,112,1,0
4077,Stalemate,38000,22000,26000,18000,112,1,0
4078,Stalemate,28000,30000,20000,22000,112,1,0
4079,P1,96000,28000,40000,28000,51,0,0
4080,P1,80000,8000,40000,0,67,0,1
4081,Stalemate,9000,32000,5000,20000,112,1,1
4082,P2,30000,64000,26000,40000,52,0,0
4083,P2,43000,60000,39000,40000,66,0,0
4084,P1,68000,15000,40000,11000,93,0,0
4085,P1,72000,49000,40000,37000,101,0,0
4086,Stalemate,28000,14000,20000,6000,112,1,0
4087,Stalemate,47000,45000,39000,37000,112,1,1
4088,P2,25000,64000,25000,40000,78,0,1
4089,Stalemate,12000,35000,0,31000,112,1,1
4090,P1,64000,12000,40000,12000,43,0,1
4091,Stalemate,31000,37000,19000,33000,112,1,0
4092,Stalemate,47000,46000,39000,38000,112,1,0
4093,Stalemate,28000,47000,20000,39000,112,1,0
4094,Stalemate,28000,67000,28000,39000,112,1,1
4095,P1,64000,19000,40000,11000,71,0,0
4096,P2,21000,68000,21000,40000,52,0,0
4097,P2,21000,84000,21000,40000,98,0,0
4098,P2,11000,68000,11000,40000,78,0,0
4099,P1,68000,21000,40000,21000,79,0,0
4100,P1,68000,20000,40000,16000,87,0,0
4101,P2,33000,68000,29000,40000,96,0,0
4102,Stalemate,40000,41000,36000,29000,112,1,1
4103,P1,60000,7000,40000,3000,85,0,0
4104,P1,84000,33000,40000,33000,83,0,0
4105,P1,60000,11000,40000,7000,47,0,1
4106,Stalemate,19000,51000,15000,39000,112,1,0
4107,P2,26000,64000,22000,40000,50,0,0
4108,Stalemate,43000,51000,39000,39000,112,1,0
4109,P2,33000,64000,33000,40000,52,0,1
4110,P1,84000,13000,40000,13000,97,0,1
4111,P2,38000,68000,34000,40000,84,0,0
4112,P2,21000,64000,21000,40000,72,0,0
4113,P2,10000,56000,6000,40000,44,0,0
4114,Stalemate,35000,49000,31000,37000,112,1,0
4115,P2,45000,64000,37000,40000,98,0,0
4116,P1,64000,24000,40000,16000,63,0,0
4117,Stalemate,43000,47000,35000,39000,112,1,0
4118,Stalemate,51000,38000,39000,34000,112,1,0
4119,P2,32000,72000,24000,40000,38,0,0
4120,Stalemate,25000,35000,17000,27000,112,1,1
4121,Stalemate,47000,16000,19000,16000,112,1,0
4122,P1,76000,25000,40000,21000,55,0,0
4123,P1,60000,27000,40000,19000,75,0,1
4124,Stalemate,40000,39000,12000,39000,112,1,0
4125,Stalemate,46000,45000,38000,37000,112,1,1
4126,P2,15000,64000,11000,40000,94,0,1
4127,P2,3000,68000,3000,40000,60,0,1
4128,P2,13000,80000,9000,40000,98,0,0
4129,P2,34000,68000,30000,40000,82,0,0
4130,Stalemate,17000,35000,5000,31000,112,1,0
4131,P2,30000,64000,26000,40000,64,0,0
4132,P2,11000,64000,7000,40000,82,0,1
4133,P1,64000,26000,40000,18000,81,0,0
4134,P1,64000,28000,40000,20000,85,0,0
4135,P1,56000,35000,40000,27000,69,0,0
4136,Stalemate,35000,30000,27000,22000,112,1,0
4137,Stalemate,20000,46000,12000,38000,112,1,1
4138,P1,68000,10000,40000,6000,91,0,0
4139,Stalemate,45000,33000,37000,25000,112,1,1
4140,P1,60000,11000,40000,11000,39,0,0
4141,P2,20000,68000,20000,40000,96,0,1
4142,Stalemate,43000,47000,39000,35000,112,1,0
4143,Stalemate,49000,14000,37000,10000,112,1,1
4144,Stalemate,67000,0,39000,0,112,1,1
4145,P1,68000,22000,40000,18000,91,0,0
4146,Stalemate,43000,21000,35000,13000,112,1,0
4147,P2,40000,64000,36000,40000,76,0,1
4148,Stalemate,51000,22000,39000,18000,112,1,0
4149,Stalemate,43000,47000,35000,39000,112,1,0
4150,P1,64000,7000,40000,3000,63,0,0
4151,Stalemate,34000,32000,26000,24000,112,1,0
4152,P2,34000,68000,30000,40000,60,0,0
4153,P1,60000,40000,40000,28000,45,0,0
4154,Stalemate,24000,30000,12000,26000,112,1,0
4155,P1,72000,41000,40000,29000,93,0,0
4156,Stalemate,20000,55000,16000,31000,111,1,0
4157,P2,35000,80000,31000,40000,82,0,0
4158,P2,30000,60000,26000,40000,44,0,0
4159,P1,64000,28000,40000,20000,85,0,0
4160,Stalemate,29000,30000,21000,22000,112,1,0
4161,P1,64000,5000,40000,1000,75,0,0
4162,P1,80000,16000,40000,12000,83,0,0
4163,P2,20000,64000,16000,40000,58,0,1
4164,Stalemate,47000,22000,39000,14000,112,1,0
4165,P1,64000,24000,40000,24000,73,0,0
4166,P1,84000,14000,40000,14000,37,0,0
4167,Stalemate,37000,23000,29000,15000,112,1,0
4168,Stalemate,28000,8000,20000,0,112,1,0
4169,Stalemate,14000,42000,2000,38000,112,1,0
4170,P1,76000,39000,40000,35000,77,0,1
4171,P2,28000,80000,24000,40000,81,0,0
4172,P2,31000,68000,27000,40000,98,0,0
4173,Stalemate,28000,46000,20000,38000,112,1,0
4174,P2,19000,68000,15000,40000,58,0,0
4175,Stalemate,24000,27000,20000,15000,112,1,0
4176,P2,29000,92000,25000,40000,100,0,1
4177,Stalemate,38000,12000,26000,8000,112,1,1
4178,Stalemate,49000,42000,37000,38000,112,1,0
4179,P1,68000,36000,40000,36000,93,0,0
4180,P2,43000,68000,39000,40000,98,0,0
4181,P1,60000,17000,40000,13000,63,0,0
4182,P2,41000,64000,37000,40000,60,0,1
4183,P2,19000,60000,11000,40000,66,0,0
4184,P1,60000,51000,40000,39000,59,0,0
4185,Stalemate,27000,47000,19000,39000,112,1,0
4186,Stalemate,31000,41000,27000,29000,112,1,0
4187,P2,40000,64000,32000,40000,92,0,0
4188,Stalemate,36000,33000,28000,25000,112,1,0
4189,P1,96000,16000,40000,16000,77,0,0
4190,Stalemate,41000,51000,37000,39000,112,1,0
4191,Stalemate,44000,41000,36000,33000,112,1,0
4192,P1,76000,47000,40000,39000,91,0,0
4193,Stalemate,36000,64000,36000,36000,112,1,0
4194,P2,16000,76000,8000,40000,100,0,0
4195,Stalemate,51000,41000,39000,37000,112,1,0
4196,Stalemate,48000,35000,36000,31000,112,1,0
4197,Stalemate,43000,46000,39000,34000,112,1,0
4198,P1,60000,21000,40000,13000,55,0,0
4199,Stalemate,33000,28000,21000,24000,112,1,0
4200,P1,64000,26000,40000,22000,75,0,0
4201,P1,96000,6000,40000,6000,71,0,1
4202,Stalemate,67000,7000,39000,7000,112,1,1
4203,Stalemate,33000,43000,21000,39000,112,1,0
4204,P1,64000,22000,40000,14000,71,0,0
4205,Stalemate,37000,46000,33000,34000,112,1,1
4206,P2,8000,88000,8000,40000,87,0,0
4207,P1,60000,25000,40000,13000,89,0,0
4208,P1,60000,35000,40000,31000,71,0,0
4209,P1,64000,22000,40000,14000,53,0,0
4210,P2,38000,60000,34000,40000,72,0,1
4211,P1,60000,39000,40000,27000,81,0,0
4212,P2,31000,80000,27000,40000,98,0,1
4213,P1,64000,35000,40000,35000,47,0,0
4214,Stalemate,21000,49000,17000,37000,112,1,1
4215,P1,72000,16000,40000,16000,51,0,1
4216,Stalemate,44000,47000,36000,39000,112,1,0
4217,P2,37000,64000,29000,40000,72,0,0
4218,Stalemate,36000,49000,32000,37000,112,1,0
4219,Stalemate,26000,8000,18000,0,112,1,1
4220,Stalemate,24000,59000,24000,31000,112,1,0
4221,Stalemate,36000,27000,28000,19000,112,1,0
4222,Stalemate,33000,43000,25000,35000,112,1,1
4223,Stalemate,35000,22000,27000,14000,112,1,1
4224,Stalemate,47000,31000,39000,23000,112,1,1
4225,P2,6000,64000,2000,40000,58,0,1
4226,P2,8000,84000,0,40000,90,0,1
4227,P2,48000,60000,36000,40000,80,0,0
4228,Stalemate,20000,36000,12000,28000,112,1,1
4229,Stalemate,33000,42000,25000,34000,112,1,1
4230,P2,24000,76000,16000,40000,96,0,0
4231,Stalemate,67000,27000,39000,27000,112,1,1
4232,Stalemate,45000,36000,33000,32000,112,1,0
4233,Stalemate,12000,29000,0,25000,112,1,1
4234,Stalemate,36000,35000,24000,31000,112,1,1
4235,P1,60000,30000,40000,22000,65,0,0
4236,P2,27000,64000,23000,40000,60,0,0
4237,Stalemate,36000,27000,32000,15000,112,1,0
4238,Stalemate,25000,51000,21000,39000,112,1,0
4239,Stalemate,29000,30000,17000,26000,112,1,0
4240,P2,21000,68000,13000,40000,74,0,0
4241,Stalemate,51000,17000,39000,13000,112,1,0
4242,P2,23000,64000,23000,40000,46,0,0
4243,Stalemate,17000,67000,17000,39000,112,1,0
4244,Stalemate,25000,29000,21000,17000,112,1,0
4245,Stalemate,43000,21000,31000,17000,112,1,0
4246,P1,68000,25000,40000,21000,57,0,0
4247,Stalemate,20000,51000,16000,39000,112,1,1
4248,Stalemate,48000,43000,36000,39000,112,1,1
4249,Stalemate,25000,45000,17000,37000,112,1,0
4250,Stalemate,32000,37000,24000,29000,112,1,0
4251,P2,43000,68000,39000,40000,82,0,0
4252,P1,80000,4000,40000,0,49,0,1
4253,Stalemate,46000,17000,38000,9000,112,1,0
4254,Stalemate,28000,29000,24000,17000,112,1,0
4255,Stalemate,40000,17000,28000,13000,112,1,0
4256,Stalemate,20000,6000,8000,2000,112,1,0
4257,P1,64000,33000,40000,25000,83,0,1
4258,P2,18000,64000,10000,40000,66,0,0
4259,Stalemate,44000,30000,36000,22000,112,1,1
4260,P2,35000,80000,31000,40000,70,0,0
4261,Stalemate,26000,46000,18000,38000,112,1,0
4262,P1,64000,27000,40000,19000,79,0,0
4263,Stalemate,43000,24000,31000,20000,112,1,0
4264,Stalemate,35000,42000,23000,38000,112,1,0
4265,P1,64000,35000,40000,31000,65,0,0
4266,Stalemate,16000,24000,8000,16000,112,1,1
4267,Stalemate,66000,37000,38000,37000,112,1,0
4268,Stalemate,41000,42000,37000,30000,112,1,0
4269,P1,84000,30000,40000,30000,95,0,1
4270,Stalemate,45000,40000,37000,32000,112,1,0
4271,Stalemate,39000,50000,35000,38000,112,1,0
4272,Stalemate,24000,24000,12000,20000,112,1,0
4273,Stalemate,45000,24000,33000,20000,112,1,0
4274,Stalemate,40000,30000,32000,22000,112,1,0
4275,Stalemate,25000,27000,17000,19000,112,1,0
4276,P1,64000,31000,40000,27000,51,0,0
4277,Stalemate,42000,18000,34000,10000,112,1,0
4278,P2,24000,64000,20000,40000,64,0,1
4279,P1,64000,24000,40000,16000,67,0,1
4280,Stalemate,36000,67000,36000,39000,112,1,1
4281,Stalemate,27000,15000,15000,11000,112,1,0
4282,P2,22000,76000,22000,40000,66,0,0
4283,Stalemate,4000,61000,4000,33000,112,1,0
4284,Stalemate,37000,18000,25000,14000,112,1,0
4285,P2,36000,64000,28000,40000,94,0,0
4286,P2,20000,64000,16000,40000,94,0,1
4287,P2,21000,68000,21000,40000,74,0,0
4288,Stalemate,29000,56000,29000,28000,112,1,0
4289,Stalemate,50000,22000,38000,18000,112,1,0
4290,Stalemate,15000,26000,3000,22000,112,1,1
4291,P1,60000,29000,40000,21000,85,0,0
4292,P2,2000,68000,2000,40000,58,0,1
4293,Stalemate,24000,45000,16000,37000,112,1,0
4294,P2,32000,64000,24000,40000,94,0,0
4295,P2,7000,68000,3000,40000,68,0,0
4296,P1,68000,33000,40000,33000,83,0,0
4297,Stalemate,41000,31000,37000,19000,112,1,0
4298,Stalemate,38000,61000,38000,33000,112,1,0
4299,Stalemate,43000,44000,39000,32000,112,1,0
4300,Stalemate,40000,51000,36000,39000,112,1,0
4301,Stalemate,45000,41000,33000,37000,112,1,0
4302,Stalemate,43000,48000,39000,36000,112,1,0
4303,Stalemate,51000,21000,39000,17000,112,1,1
4304,Stalemate,64000,16000,36000,16000,112,1,0
4305,Stalemate,15000,40000,11000,28000,112,1,1
4306,P2,10000,68000,6000,40000,82,0,0
4307,P1,76000,6000,40000,6000,83,0,1
4308,Stalemate,45000,22000,37000,14000,112,1,1
4309,P1,60000,17000,40000,5000,77,0,1
4310,Stalemate,15000,49000,11000,37000,112,1,0
4311,Stalemate,50000,33000,38000,29000,112,1,0
4312,Stalemate,48000,29000,36000,25000,112,1,0
4313,Stalemate,34000,45000,26000,37000,112,1,1
4314,Stalemate,38000,47000,30000,39000,112,1,0
4315,Stalemate,51000,9000,39000,5000,112,1,0
4316,Stalemate,50000,23000,38000,19000,112,1,0
4317,Stalemate,43000,27000,31000,23000,112,1,0
4318,P2,26000,80000,22000,40000,94,0,0
4319,Stalemate,30000,27000,22000,19000,112,1,1
4320,P2,31000,76000,23000,40000,95,0,0
4321,Stalemate,43000,50000,39000,38000,112,1,1
4322,Stalemate,43000,28000,39000,16000,112,1,0
4323,P1,60000,41000,40000,29000,97,0,0
4324,Stalemate,45000,47000,37000,39000,112,1,0
4325,Stalemate,40000,47000,32000,39000,112,1,0
4326,P1,68000,7000,40000,7000,97,0,1
4327,Stalemate,28000,47000,20000,39000,112,1,0
4328,P2,37000,84000,37000,40000,56,0,0
4329,Stalemate,41000,51000,37000,39000,112,1,0
4330,Stalemate,24000,40000,20000,28000,112,1,0
4331,P1,68000,35000,40000,31000,53,0,0
4332,Stalemate,21000,43000,13000,35000,112,1,0
4333,Stalemate,42000,35000,30000,31000,112,1,0
4334,P1,68000,10000,40000,6000,63,0,1
4335,P2,4000,88000,0,40000,62,0,1
4336,Stalemate,4000,37000,0,25000,112,1,1
4337,P1,76000,19000,40000,15000,71,0,0
4338,Stalemate,50000,19000,38000,15000,112,1,1
4339,Stalemate,43000,17000,31000,13000,112,1,1
4340,Stalemate,30000,25000,22000,17000,112,1,0
4341,P1,60000,34000,40000,26000,67,0,0
4342,Stalemate,31000,39000,27000,27000,112,1,0
4343,Stalemate,50000,42000,38000,38000,112,1,0
4344,Stalemate,35000,33000,23000,29000,112,1,0
4345,Stalemate,30000,35000,26000,23000,112,1,1
4346,Stalemate,25000,40000,17000,32000,112,1,1
4347,P2,31000,64000,27000,40000,92,0,0
4348,Stalemate,46000,24000,38000,16000,112,1,0
4349,P2,19000,56000,19000,40000,50,0,1
4350,P2,38000,68000,34000,40000,98,0,1
4351,Stalemate,36000,39000,8000,39000,112,1,1
4352,Stalemate,30000,36000,26000,24000,112,1,0
4353,Stalemate,26000,12000,22000,0,112,1,1
4354,Stalemate,46000,34000,38000,26000,112,1,1
4355,Stalemate,33000,41000,33000,13000,112,1,0
4356,Stalemate,33000,37000,21000,33000,112,1,0
4357,Stalemate,20000,50000,16000,38000,112,1,0
4358,Stalemate,35000,36000,23000,32000,112,1,0
4359,Stalemate,45000,38000,33000,34000,112,1,0
4360,Stalemate,16000,21000,12000,9000,112,1,1
4361,Stalemate,42000,37000,34000,29000,112,1,0
4362,P1,64000,24000,40000,16000,73,0,0
4363,P2,23000,60000,15000,40000,70,0,0
4364,P2,37000,68000,33000,40000,94,0,0
4365,Stalemate,51000,40000,39000,36000,112,1,1
4366,P1,60000,36000,40000,32000,89,0,1
4367,P2,16000,60000,12000,40000,48,0,1
4368,Stalemate,24000,24000,16000,16000,112,1,0
4369,Stalemate,47000,28000,39000,20000,112,1,1
4370,Stalemate,48000,41000,36000,37000,112,1,0
4371,P1,68000,35000,40000,35000,81,0,1
4372,Stalemate,50000,22000,38000,18000,112,1,0
4373,Stalemate,12000,44000,12000,16000,112,1,0
4374,P2,20000,64000,20000,40000,58,0,1
4375,Stalemate,36000,40000,28000,32000,112,1,0
4376,P2,18000,64000,14000,40000,64,0,1
4377,P2,8000,60000,4000,40000,48,0,1
4378,P2,34000,68000,30000,40000,80,0,0
4379,P2,26000,60000,18000,40000,72,0,0
4380,P1,80000,0,40000,0,47,0,1
4381,Stalemate,22000,26000,14000,18000,112,1,0
4382,Stalemate,41000,37000,37000,25000,112,1,0
4383,P2,33000,80000,29000,40000,94,0,0
4384,Stalemate,33000,43000,29000,31000,112,1,0
4385,P2,17000,68000,17000,40000,56,0,0
4386,Stalemate,35000,23000,23000,19000,112,1,1
4387,Stalemate,46000,46000,38000,38000,112,1,0
4388,Stalemate,37000,27000,33000,15000,112,1,1
4389,Stalemate,20000,11000,12000,3000,112,1,1
4390,Stalemate,33000,45000,25000,37000,112,1,0
4391,Stalemate,19000,51000,15000,39000,112,1,0
4392,Stalemate,21000,25000,17000,13000,112,1,0
4393,P1,80000,0,40000,0,35,0,1
4394,Stalemate,39000,22000,31000,14000,112,1,0
4395,Stalemate,18000,9000,6000,5000,112,1,0
4396,Stalemate,9000,47000,5000,35000,112,1,0
4397,P2,11000,84000,11000,40000,86,0,1
4398,P1,64000,32000,40000,28000,45,0,0
4399,P1,68000,26000,40000,22000,91,0,1
4400,P1,84000,16000,40000,16000,73,0,0
4401,Stalemate,29000,37000,25000,25000,112,1,0
4402,Stalemate,43000,48000,39000,36000,112,1,0
4403,P2,9000,96000,9000,40000,76,0,0
4404,P1,56000,33000,40000,25000,77,0,0
4405,P1,64000,24000,40000,24000,81,0,0
4406,Stalemate,26000,66000,26000,38000,112,1,0
4407,P2,10000,68000,6000,40000,84,0,1
4408,Stalemate,38000,30000,26000,26000,112,1,1
4409,Stalemate,26000,34000,22000,22000,112,1,0
4410,Stalemate,22000,18000,10000,14000,112,1,0
4411,Stalemate,51000,29000,39000,25000,112,1,0
4412,Stalemate,23000,8000,15000,0,112,1,0
4413,P2,39000,76000,31000,40000,100,0,0
4414,Stalemate,10000,22000,6000,10000,112,1,1
4415,Stalemate,38000,21000,30000,13000,112,1,0
4416,Stalemate,51000,29000,39000,25000,112,1,0
4417,P1,68000,18000,40000,14000,91,0,0
4418,P1,64000,15000,40000,11000,91,0,0
4419,Stalemate,41000,37000,37000,25000,112,1,0
4420,Stalemate,14000,55000,14000,27000,112,1,0
4421,P2,43000,64000,39000,40000,80,0,1
4422,P2,23000,76000,15000,40000,94,0,0
4423,P2,39000,68000,35000,40000,74,0,0
4424,P2,29000,68000,25000,40000,78,0,1
4425,P1,60000,47000,40000,39000,97,0,0
4426,P1,68000,5000,40000,5000,61,0,1
4427,Stalemate,42000,40000,38000,28000,112,1,0
4428,Stalemate,33000,23000,29000,11000,112,1,0
4429,P1,84000,31000,40000,31000,65,0,0
4430,Stalemate,33000,27000,21000,23000,112,1,0
4431,Stalemate,34000,46000,26000,38000,112,1,0
4432,P1,68000,19000,40000,15000,77,0,0
4433,Stalemate,21000,51000,17000,39000,112,1,0
4434,P1,64000,39000,40000,35000,69,0,0
4435,P2,41000,64000,37000,40000,72,0,0
4436,P2,19000,68000,15000,40000,90,0,0
4437,Stalemate,23000,66000,23000,38000,112,1,1
4438,Stalemate,65000,28000,37000,28000,112,1,0
4439,P1,80000,13000,40000,13000,61,0,0
4440,P1,60000,4000,40000,4000,43,0,1
4441,Stalemate,19000,24000,11000,16000,112,1,0
4442,P2,20000,68000,16000,40000,88,0,1
4443,P2,32000,76000,24000,40000,100,0,0
4444,P2,50000,60000,38000,40000,80,0,0
4445,P1,64000,36000,40000,32000,85,0,0
4446,Stalemate,50000,28000,38000,24000,112,1,0
4447,P2,41000,60000,37000,40000,84,0,0
4448,P1,64000,12000,40000,12000,79,0,0
4449,P1,68000,17000,40000,13000,89,0,0
4450,Stalemate,24000,40000,20000,28000,112,1,0
4451,Stalemate,38000,41000,26000,37000,112,1,0
4452,P1,68000,29000,40000,25000,51,0,0
4453,Stalemate,25000,48000,25000,20000,112,1,0
4454,Stalemate,33000,43000,25000,35000,112,1,0
4455,Stalemate,41000,42000,29000,38000,112,1,0
4456,Stalemate,41000,41000,33000,33000,112,1,0
4457,P1,60000,35000,40000,27000,61,0,0
4458,Stalemate,27000,44000,23000,32000,112,1,0
4459,Stalemate,41000,43000,29000,39000,112,1,0
4460,P2,14000,96000,14000,40000,57,0,1
4461,Stalemate,30000,8000,22000,0,112,1,0
4462,P1,84000,34000,40000,34000,79,0,0
4463,Stalemate,47000,45000,39000,37000,112,1,0
4464,Stalemate,14000,45000,6000,37000,112,1,0
4465,Stalemate,12000,39000,4000,31000,112,1,0
4466,P1,80000,2000,40000,2000,57,0,1
4467,P2,17000,72000,13000,40000,62,0,0
4468,Stalemate,26000,25000,22000,13000,112,1,0
4469,P1,64000,33000,40000,25000,49,0,0
4470,Stalemate,51000,39000,39000,35000,112,1,0
4471,Stalemate,4000,34000,0,22000,112,1,1
4472,Stalemate,26000,32000,18000,24000,112,1,1
4473,P2,19000,64000,11000,40000,72,0,0
4474,P1,68000,30000,40000,26000,75,0,0
4475,Stalemate,48000,17000,36000,13000,112,1,0
4476,Stalemate,45000,24000,37000,16000,112,1,0
4477,P2,31000,64000,23000,40000,90,0,0
4478,P1,72000,42000,40000,30000,69,0,0
4479,Stalemate,18000,46000,10000,38000,112,1,0
4480,P1,64000,19000,40000,15000,73,0,0
4481,P2,26000,56000,14000,40000,78,0,1
4482,P2,31000,64000,23000,40000,60,0,0
4483,P2,25000,84000,25000,40000,80,0,0
4484,P2,9000,68000,5000,40000,68,0,1
4485,Stalemate,26000,35000,14000,31000,112,1,1
4486,Stalemate,31000,46000,23000,38000,112,1,0
4487,Stalemate,50000,28000,38000,24000,112,1,0
4488,P1,72000,51000,40000,39000,93,0,0
4489,Stalemate,29000,41000,25000,29000,112,1,0
4490,P2,30000,68000,26000,40000,50,0,0
4491,Stalemate,32000,57000,32000,29000,112,1,0
4492,P2,27000,68000,23000,40000,98,0,1
4493,P1,56000,51000,40000,39000,73,0,1
4494,P2,20000,60000,12000,40000,62,0,0
4495,Stalemate,27000,13000,19000,5000,112,1,1
4496,Stalemate,36000,42000,24000,38000,112,1,0
4497,Stalemate,45000,19000,37000,11000,112,1,0
4498,P1,60000,27000,40000,23000,45,0,0
4499,Stalemate,16000,33000,8000,25000,112,1,0
4500,Stalemate,7000,45000,7000,17000,112,1,1
4501,P1,60000,24000,40000,24000,43,0,0
4502,P1,68000,19000,40000,15000,61,0,1
4503,P1,64000,5000,40000,5000,43,0,1
4504,P2,37000,72000,33000,40000,74,0,1
4505,Stalemate,34000,39000,26000,31000,112,1,1
4506,Stalemate,51000,39000,39000,35000,112,1,0
4507,P2,45000,84000,33000,40000,100,0,0
4508,P2,38000,56000,26000,40000,72,0,0
4509,P1,68000,14000,40000,10000,65,0,0
4510,Stalemate,16000,25000,4000,21000,112,1,0
4511,P2,25000,60000,21000,40000,70,0,0
4512,P2,44000,64000,36000,40000,76,0,1
4513,Stalemate,31000,50000,27000,38000,112,1,1
4514,Stalemate,26000,51000,22000,39000,112,1,0
4515,Stalemate,18000,17000,10000,9000,112,1,0
4516,Stalemate,65000,13000,37000,13000,112,1,1
4517,P2,40000,60000,28000,40000,74,0,0
4518,Stalemate,42000,34000,30000,30000,112,1,0
4519,P1,116000,0,40000,0,65,0,1
4520,Stalemate,35000,36000,27000,28000,112,1,0
4521,Stalemate,44000,26000,32000,22000,112,1,1
4522,P1,84000,8000,40000,0,99,0,1
4523,P1,64000,20000,40000,12000,75,0,0
4524,P2,13000,68000,9000,40000,84,0,0
4525,P1,80000,42000,40000,38000,83,0,0
4526,Stalemate,15000,33000,3000,29000,112,1,0
4527,P1,64000,26000,40000,18000,83,0,0
4528,Stalemate,46000,22000,38000,14000,112,1,0
4529,P1,64000,17000,40000,13000,49,0,1
4530,Stalemate,1000,56000,1000,28000,112,1,1
4531,P2,32000,80000,28000,40000,94,0,0
4532,Stalemate,37000,44000,33000,32000,112,1,0
4533,Stalemate,39000,50000,35000,38000,112,1,0
4534,P2,37000,68000,37000,40000,58,0,0
4535,P1,64000,19000,40000,15000,67,0,0
4536,Stalemate,18000,46000,10000,38000,112,1,0
4537,Stalemate,27000,45000,19000,37000,112,1,1
4538,P2,15000,64000,7000,40000,86,0,0
4539,Stalemate,63000,35000,35000,35000,112,1,0
4540,Stalemate,8000,35000,0,27000,112,1,0
4541,Stalemate,17000,50000,13000,38000,112,1,0
4542,Stalemate,31000,28000,19000,24000,112,1,1
4543,Stalemate,8000,49000,4000,37000,112,1,1
4544,Stalemate,36000,35000,28000,27000,112,1,0
4545,Stalemate,59000,38000,31000,38000,112,1,0
4546,Stalemate,49000,26000,37000,22000,112,1,0
4547,Stalemate,46000,26000,34000,22000,112,1,1
4548,Stalemate,39000,15000,27000,11000,112,1,0
4549,Stalemate,25000,43000,21000,31000,112,1,0
4550,P2,42000,64000,38000,40000,58,0,0
4551,Stalemate,43000,22000,35000,14000,112,1,0
4552,P1,64000,47000,40000,39000,95,0,0
4553,P1,64000,9000,40000,5000,77,0,0
4554,Stalemate,24000,43000,12000,39000,112,1,0
4555,Stalemate,30000,14000,22000,6000,112,1,0
4556,P2,30000,84000,18000,40000,91,0,0
4557,P1,60000,34000,40000,22000,81,0,0
4558,P2,12000,60000,8000,40000,64,0,1
4559,Stalemate,32000,14000,20000,10000,112,1,0
4560,Stalemate,30000,35000,22000,27000,112,1,0
4561,Stalemate,42000,36000,38000,24000,112,1,1
4562,P2,8000,84000,8000,40000,60,0,1
4563,P2,27000,64000,19000,40000,76,0,0
4564,Stalemate,18000,65000,18000,37000,112,1,0
4565,P2,2000,64000,2000,40000,66,0,0
4566,P1,64000,8000,40000,4000,47,0,0
4567,Stalemate,29000,43000,17000,39000,112,1,1
4568,Stalemate,51000,26000,39000,22000,112,1,0
4569,Stalemate,51000,36000,39000,32000,112,1,0
4570,Stalemate,38000,27000,30000,19000,112,1,1
4571,P1,64000,14000,40000,6000,73,0,0
4572,P2,17000,60000,5000,40000,48,0,0
4573,P1,64000,25000,40000,21000,91,0,0
4574,Stalemate,46000,41000,38000,33000,112,1,0
4575,Stalemate,40000,24000,32000,16000,112,1,0
4576,Stalemate,42000,20000,30000,16000,112,1,0
4577,P1,60000,21000,40000,13000,71,0,0
4578,P2,2000,64000,2000,40000,52,0,1
4579,Stalemate,51000,42000,39000,38000,112,1,0
4580,P2,31000,68000,31000,40000,68,0,1
4581,P2,28000,68000,24000,40000,94,0,1
4582,Stalemate,42000,37000,30000,33000,112,1,0
4583,Stalemate,12000,4000,0,0,112,1,0
4584,Stalemate,32000,30000,24000,22000,112,1,0
4585,P2,18000,60000,18000,40000,52,0,0
4586,Stalemate,24000,23000,16000,15000,112,1,1
4587,P2,19000,60000,11000,40000,66,0,0
4588,P1,84000,13000,40000,13000,91,0,0
4589,Stalemate,39000,29000,27000,25000,112,1,1
4590,Stalemate,39000,38000,27000,34000,112,1,0
4591,Stalemate,43000,46000,39000,34000,112,1,0
4592,P1,80000,18000,40000,14000,71,0,0
4593,Stalemate,38000,31000,30000,23000,112,1,0
4594,Stalemate,43000,38000,39000,26000,112,1,0
4595,P1,60000,20000,40000,20000,75,0,0
4596,Stalemate,9000,67000,9000,39000,112,1,1
4597,P1,60000,11000,40000,7000,65,0,0
4598,Stalemate,49000,37000,37000,33000,112,1,0
4599,P1,80000,31000,40000,31000,49,0,0
4600,Stalemate,41000,16000,33000,8000,112,1,1
4601,P1,60000,49000,40000,37000,95,0,1
4602,P2,17000,64000,13000,40000,58,0,1
4603,P1,56000,29000,40000,17000,85,0,0
4604,Stalemate,47000,13000,39000,5000,112,1,1
4605,P2,26000,76000,22000,40000,50,0,0
4606,P2,20000,64000,20000,40000,56,0,0
4607,P1,84000,21000,40000,21000,81,0,0
4608,P1,60000,18000,40000,14000,65,0,1
4609,Stalemate,38000,31000,30000,23000,112,1,1
4610,P2,51000,60000,39000,40000,98,0,0
4611,P1,80000,20000,40000,16000,81,0,0
4612,P1,68000,37000,40000,33000,75,0,0
4613,Stalemate,37000,42000,33000,30000,112,1,0
4614,Stalemate,22000,34000,14000,26000,112,1,0
4615,P1,60000,26000,40000,22000,85,0,0
4616,P1,64000,21000,40000,17000,49,0,1
4617,Stalemate,35000,29000,27000,21000,112,1,0
4618,P1,60000,32000,40000,20000,79,0,0
4619,Stalemate,21000,28000,13000,20000,112,1,0
4620,Stalemate,33000,47000,25000,39000,112,1,1
4621,P2,40000,60000,36000,40000,40,0,0
4622,P2,29000,68000,25000,40000,84,0,1
4623,P2,28000,80000,24000,40000,84,0,1
4624,Stalemate,51000,26000,39000,22000,112,1,1
4625,Stalemate,50000,20000,38000,16000,112,1,0
4626,P2,20000,60000,12000,40000,74,0,0
4627,Stalemate,39000,41000,35000,29000,112,1,1
4628,Stalemate,29000,60000,29000,32000,112,1,0
4629,Stalemate,42000,32000,38000,20000,112,1,0
4630,P2,11000,68000,7000,40000,60,0,1
4631,Stalemate,52000,35000,24000,35000,112,1,0
4632,Stalemate,31000,43000,19000,39000,112,1,0
4633,P2,15000,76000,11000,40000,72,0,1
4634,Stalemate,51000,37000,39000,33000,112,1,0
4635,Stalemate,43000,37000,35000,29000,112,1,0
4636,Stalemate,38000,21000,30000,13000,112,1,0
4637,Stalemate,36000,47000,32000,35000,112,1,0
4638,P2,8000,60000,4000,40000,78,0,0
4639,Stalemate,12000,28000,0,24000,112,1,0
4640,Stalemate,41000,31000,33000,23000,112,1,0
4641,Stalemate,39000,47000,31000,39000,112,1,1
4642,P2,16000,64000,12000,40000,68,0,1
4643,Stalemate,40000,26000,32000,18000,112,1,1
4644,Stalemate,12000,19000,8000,7000,112,1,1
4645,Stalemate,51000,22000,39000,18000,112,1,0
4646,P2,25000,60000,13000,40000,58,0,1
4647,Stalemate,51000,37000,39000,33000,112,1,0
4648,Stalemate,23000,36000,15000,28000,112,1,0
4649,Stalemate,43000,41000,31000,37000,112,1,0
4650,P2,29000,60000,17000,40000,98,0,0
4651,Stalemate,16000,33000,8000,25000,112,1,0
4652,Stalemate,39000,47000,31000,39000,112,1,0
4653,P1,60000,46000,40000,34000,97,0,0
4654,Stalemate,21000,44000,13000,36000,112,1,0
4655,Stalemate,27000,42000,23000,30000,112,1,0
4656,Stalemate,36000,30000,24000,26000,112,1,1
4657,Stalemate,38000,43000,34000,31000,112,1,0
4658,Stalemate,33000,64000,33000,36000,112,1,1
4659,Stalemate,42000,28000,38000,16000,112,1,0
4660,P1,56000,34000,40000,30000,51,0,0
4661,Stalemate,30000,65000,30000,37000,112,1,1
4662,P1,60000,45000,40000,33000,87,0,0
4663,Stalemate,42000,42000,30000,38000,112,1,0
4664,P2,12000,76000,8000,40000,84,0,1
4665,Stalemate,26000,23000,22000,11000,112,1,0
4666,P2,32000,60000,24000,40000,60,0,0
4667,P1,64000,16000,40000,8000,85,0,0
4668,P1,68000,27000,40000,23000,79,0,0
4669,P2,13000,64000,13000,40000,32,0,0
4670,P2,23000,84000,23000,40000,52,0,0
4671,P2,12000,68000,8000,40000,94,0,0
4672,P2,38000,76000,30000,40000,100,0,1
4673,P2,17000,64000,17000,40000,40,0,0
4674,P1,68000,9000,40000,9000,83,0,0
4675,Stalemate,32000,36000,24000,28000,112,1,0
4676,Stalemate,43000,27000,35000,19000,112,1,0
4677,Stalemate,43000,15000,31000,11000,112,1,1
4678,Stalemate,51000,32000,39000,28000,112,1,0
4679,Stalemate,34000,22000,22000,18000,112,1,0
4680,P1,64000,47000,40000,39000,99,0,0
4681,Stalemate,35000,37000,27000,29000,112,1,1
4682,Stalemate,46000,20000,34000,16000,112,1,0
4683,Stalemate,45000,21000,37000,13000,112,1,0
4684,P2,44000,64000,36000,40000,88,0,0
4685,Stalemate,31000,20000,23000,12000,112,1,0
4686,P2,9000,68000,9000,40000,64,0,0
4687,Stalemate,67000,12000,39000,12000,112,1,0
4688,P2,16000,64000,16000,40000,40,0,0
4689,P2,46000,64000,38000,40000,94,0,0
4690,Stalemate,51000,43000,39000,39000,112,1,0
4691,Stalemate,45000,15000,37000,7000,112,1,0
4692,P1,64000,14000,40000,10000,61,0,1
4693,Stalemate,50000,34000,38000,30000,112,1,0
4694,P1,80000,28000,40000,24000,99,0,0
4695,Stalemate,35000,41000,31000,17000,111,1,1
4696,P1,64000,35000,40000,27000,73,0,1
4697,Stalemate,27000,26000,19000,18000,112,1,1
4698,P2,35000,64000,31000,40000,72,0,1
4699,Stalemate,19000,47000,15000,35000,112,1,0
4700,Stalemate,37000,24000,25000,20000,112,1,0
4701,P1,80000,24000,40000,24000,69,0,0
4702,P2,26000,64000,18000,40000,92,0,0
4703,P1,84000,33000,40000,33000,79,0,1
4704,P1,60000,19000,40000,15000,71,0,0
4705,P2,17000,60000,17000,40000,62,0,0
4706,P1,64000,47000,40000,39000,77,0,0
4707,P2,11000,64000,7000,40000,56,0,1
4708,Stalemate,18000,15000,14000,3000,112,1,1
4709,P2,15000,68000,15000,40000,74,0,1
4710,Stalemate,43000,49000,39000,37000,112,1,0
4711,Stalemate,36000,36000,24000,32000,112,1,0
4712,P1,60000,29000,40000,25000,39,0,0
4713,P1,64000,22000,40000,22000,65,0,0
4714,Stalemate,37000,5000,25000,1000,112,1,1
4715,Stalemate,18000,67000,18000,39000,112,1,1
4716,Stalemate,18000,15000,10000,7000,112,1,1
4717,Stalemate,40000,13000,28000,9000,112,1,1
4718,P2,26000,64000,18000,40000,58,0,0
4719,P2,40000,76000,32000,40000,100,0,0
4720,Stalemate,28000,30000,20000,22000,112,1,1
4721,P2,35000,84000,35000,40000,82,0,1
4722,P2,51000,60000,39000,40000,98,0,0
4723,Stalemate,50000,20000,38000,16000,112,1,0
4724,Stalemate,51000,36000,39000,32000,112,1,0
4725,P2,22000,68000,18000,40000,98,0,0
4726,P2,37000,60000,29000,40000,68,0,0
4727,P1,64000,8000,40000,8000,37,0,0
4728,Stalemate,20000,32000,16000,8000,111,1,0
4729,P1,84000,4000,40000,0,61,0,1
4730,Stalemate,43000,39000,39000,27000,112,1,0
4731,P2,39000,64000,31000,40000,98,0,0
4732,P2,23000,56000,23000,40000,54,0,1
4733,P2,42000,64000,34000,40000,82,0,0
4734,P2,8000,64000,8000,40000,52,0,0
4735,P1,60000,33000,40000,25000,61,0,1
4736,P1,68000,23000,40000,23000,83,0,1
4737,P1,56000,14000,40000,14000,21,0,0
4738,Stalemate,26000,12000,18000,4000,112,1,0
4739,Stalemate,18000,35000,10000,27000,112,1,0
4740,Stalemate,42000,36000,30000,32000,112,1,1
4741,P2,12000,64000,4000,40000,98,0,1
4742,Stalemate,45000,19000,33000,15000,112,1,0
4743,Stalemate,51000,43000,39000,39000,112,1,1
4744,P1,64000,11000,40000,11000,37,0,0
4745,Stalemate,45000,47000,37000,39000,112,1,1
4746,P1,64000,41000,40000,33000,57,0,1
4747,P2,43000,68000,39000,40000,96,0,1
4748,Stalemate,27000,47000,19000,39000,112,1,0
4749,P2,22000,60000,18000,40000,66,0,1
4750,Stalemate,50000,42000,38000,38000,112,1,0
4751,Stalemate,37000,43000,25000,39000,112,1,0
4752,Stalemate,41000,51000,37000,39000,112,1,0
4753,Stalemate,41000,36000,37000,24000,112,1,0
4754,Stalemate,42000,31000,34000,23000,112,1,0
4755,P2,21000,68000,17000,40000,98,0,0
4756,Stalemate,34000,17000,26000,9000,112,1,1
4757,P1,64000,28000,40000,20000,53,0,0
4758,Stalemate,40000,42000,36000,30000,112,1,0
4759,Stalemate,62000,29000,34000,29000,112,1,0
4760,Stalemate,38000,30000,38000,2000,112,1,0
4761,Stalemate,43000,49000,39000,37000,112,1,1
4762,Stalemate,49000,43000,37000,39000,112,1,1
4763,Stalemate,18000,47000,10000,39000,112,1,1
4764,P2,0,76000,0,40000,50,0,1
4765,P2,20000,60000,12000,40000,72,0,0
4766,P1,60000,42000,40000,38000,63,0,0
4767,P1,84000,1000,40000,1000,91,0,1
4768,P1,72000,34000,40000,22000,91,0,0
4769,Stalemate,33000,6000,21000,2000,112,1,1
4770,Stalemate,33000,42000,25000,34000,112,1,0
4771,Stalemate,43000,47000,39000,35000,112,1,1
4772,Stalemate,49000,19000,37000,15000,112,1,0
4773,Stalemate,18000,47000,10000,39000,112,1,0
4774,P2,50000,68000,22000,40000,102,0,0
4775,Stalemate,54000,19000,26000,19000,112,1,1
4776,P1,80000,21000,40000,17000,83,0,0
4777,Stalemate,39000,40000,27000,36000,112,1,0
4778,Stalemate,17000,42000,9000,34000,112,1,1
4779,Stalemate,17000,10000,5000,6000,112,1,0
4780,P1,60000,36000,40000,28000,77,0,0
4781,P1,64000,30000,40000,22000,71,0,0
4782,Stalemate,23000,48000,19000,36000,112,1,0
4783,Stalemate,51000,13000,39000,9000,112,1,0
4784,Stalemate,44000,9000,32000,5000,112,1,0
4785,Stalemate,43000,46000,35000,38000,112,1,1
4786,Stalemate,25000,15000,21000,3000,112,1,0
4787,P1,60000,18000,40000,14000,45,0,0
4788,Stalemate,66000,8000,38000,8000,112,1,1
4789,Stalemate,20000,33000,12000,25000,112,1,0
4790,P2,0,88000,0,40000,50,0,1
4791,Stalemate,21000,67000,21000,39000,112,1,1
4792,Stalemate,44000,35000,36000,27000,112,1,0
4793,Stalemate,65000,14000,37000,14000,112,1,0
4794,P2,19000,64000,11000,40000,86,0,0
4795,Stalemate,44000,30000,36000,22000,112,1,0
4796,P2,49000,60000,37000,40000,94,0,0
4797,Stalemate,43000,32000,39000,20000,112,1,0
4798,Stalemate,50000,30000,38000,26000,112,1,0
4799,Stalemate,32000,19000,24000,11000,112,1,0
4800,P1,60000,40000,40000,28000,75,0,0
4801,P1,76000,26000,40000,22000,99,0,1
4802,P2,16000,76000,12000,40000,66,0,0
4803,Stalemate,33000,37000,29000,25000,112,1,0
4804,Stalemate,25000,43000,21000,31000,112,1,0
4805,P1,68000,16000,40000,12000,99,0,0
4806,Stalemate,43000,16000,39000,4000,112,1,0
4807,Stalemate,20000,67000,20000,39000,112,1,0
4808,P1,60000,51000,40000,39000,91,0,0
4809,P2,19000,68000,15000,40000,46,0,0
4810,P1,68000,18000,40000,18000,59,0,1
4811,Stalemate,51000,13000,39000,9000,112,1,0
4812,Stalemate,34000,41000,22000,37000,112,1,0
4813,Stalemate,14000,8000,2000,4000,112,1,1
4814,Stalemate,35000,18000,23000,14000,112,1,0
4815,Stalemate,20000,50000,16000,38000,112,1,1
4816,Stalemate,8000,43000,0,35000,112,1,1
4817,P2,13000,96000,13000,40000,86,0,1
4818,Stalemate,36000,21000,28000,13000,112,1,1
4819,P1,60000,20000,40000,8000,41,0,0
4820,P2,35000,68000,31000,40000,88,0,0
4821,P1,56000,47000,40000,39000,67,0,1
4822,Stalemate,24000,14000,20000,2000,112,1,1
4823,P1,64000,27000,40000,23000,83,0,1
4824,Stalemate,41000,27000,29000,23000,112,1,0
4825,Stalemate,34000,19000,26000,11000,112,1,0
4826,P2,11000,68000,11000,40000,60,0,1
4827,P1,60000,24000,40000,20000,53,0,1
4828,P2,12000,60000,4000,40000,78,0,0
4829,P2,33000,96000,33000,40000,100,0,0
4830,P2,4000,76000,0,40000,32,0,1
4831,Stalemate,11000,49000,7000,37000,112,1,0
4832,P1,68000,16000,40000,12000,87,0,0
4833,P2,32000,80000,28000,40000,66,0,0
4834,Stalemate,14000,41000,10000,29000,112,1,1
4835,P2,22000,68000,22000,40000,90,0,0
4836,Stalemate,32000,24000,24000,16000,112,1,0
4837,Stalemate,36000,38000,28000,30000,112,1,0
4838,Stalemate,45000,18000,33000,14000,112,1,0
4839,Stalemate,29000,44000,25000,32000,112,1,1
4840,P1,88000,0,40000,0,67,0,1
4841,Stalemate,26000,7000,14000,3000,112,1,1
4842,P1,76000,22000,40000,14000,91,0,1
4843,P2,42000,60000,30000,40000,66,0,0
4844,P1,64000,22000,40000,22000,45,0,1
4845,P1,68000,4000,40000,4000,53,0,0
4846,P1,80000,24000,40000,24000,89,0,1
4847,P1,64000,46000,40000,38000,83,0,0
4848,P1,64000,24000,40000,16000,71,0,0
4849,P1,84000,25000,40000,25000,81,0,0
4850,P1,68000,4000,40000,4000,77,0,1
4851,Stalemate,53000,29000,25000,29000,112,1,0
4852,P1,64000,8000,40000,4000,53,0,0
4853,P1,76000,18000,40000,14000,81,0,0
4854,Stalemate,17000,46000,9000,38000,112,1,1
4855,P1,60000,13000,40000,13000,45,0,1
4856,Stalemate,14000,30000,6000,22000,112,1,0
4857,P1,60000,25000,40000,17000,93,0,1
4858,P1,64000,21000,40000,17000,39,0,0
4859,Stalemate,16000,43000,12000,31000,112,1,0
4860,Stalemate,26000,35000,18000,27000,112,1,0
4861,Stalemate,39000,40000,31000,32000,112,1,0
4862,Stalemate,31000,49000,27000,37000,112,1,1
4863,Stalemate,30000,26000,18000,22000,112,1,0
4864,P2,30000,76000,26000,40000,80,0,0
4865,P2,27000,60000,23000,40000,80,0,1
4866,P1,68000,31000,40000,27000,73,0,0
4867,P2,24000,68000,24000,40000,56,0,0
4868,P2,46000,64000,38000,40000,98,0,1
4869,P2,39000,64000,35000,40000,86,0,1
4870,P2,33000,60000,29000,40000,74,0,1
4871,P2,8000,80000,0,40000,80,0,1
4872,Stalemate,62000,27000,34000,27000,112,1,0
4873,Stalemate,25000,37000,17000,29000,112,1,0
4874,Stalemate,34000,9000,26000,1000,112,1,0
4875,P2,43000,64000,35000,40000,80,0,0
4876,P2,18000,64000,14000,40000,76,0,0
4877,P2,39000,76000,31000,40000,90,0,0
4878,Stalemate,23000,36000,19000,24000,112,1,1
4879,P1,64000,23000,40000,15000,81,0,1
4880,Stalemate,34000,46000,26000,38000,112,1,1
4881,Stalemate,25000,51000,21000,39000,112,1,0
4882,P1,64000,24000,40000,20000,35,0,1
4883,P1,68000,23000,40000,19000,83,0,0
4884,P2,16000,68000,8000,40000,62,0,1
4885,P1,60000,31000,40000,19000,79,0,1
4886,P1,68000,31000,40000,27000,99,0,1
4887,P2,20000,64000,16000,40000,62,0,0
4888,Stalemate,26000,51000,22000,39000,112,1,0
4889,P1,64000,15000,40000,15000,89,0,0
4890,P2,14000,64000,6000,40000,58,0,0
4891,P2,4000,64000,4000,40000,60,0,0
4892,Stalemate,23000,47000,15000,39000,112,1,0
4893,P1,60000,22000,40000,14000,41,0,1
4894,P2,28000,68000,28000,40000,80,0,0
4895,P1,68000,40000,40000,36000,85,0,0
4896,Stalemate,41000,45000,33000,37000,112,1,0
4897,P1,64000,43000,40000,35000,97,0,0
4898,P2,34000,68000,34000,40000,48,0,1
4899,Stalemate,46000,14000,38000,6000,112,1,1
4900,P2,8000,68000,4000,40000,84,0,0
4901,P1,64000,14000,40000,6000,75,0,0
4902,Stalemate,43000,31000,35000,23000,112,1,0
4903,P1,60000,39000,40000,35000,63,0,0
4904,Stalemate,36000,22000,32000,10000,112,1,1
4905,P1,68000,23000,40000,23000,61,0,0
4906,Stalemate,10000,51000,6000,39000,112,1,0
4907,P2,22000,68000,18000,40000,86,0,0
4908,Stalemate,7000,30000,3000,18000,112,1,0
4909,P2,27000,68000,23000,40000,86,0,0
4910,Stalemate,24000,38000,12000,34000,112,1,1
4911,P2,37000,64000,29000,40000,96,0,0
4912,Stalemate,43000,38000,31000,34000,112,1,0
4913,P2,14000,80000,10000,40000,98,0,0
4914,P2,13000,64000,13000,40000,36,0,0
4915,P2,30000,64000,22000,40000,90,0,0
4916,P2,4000,76000,4000,40000,75,0,0
4917,Stalemate,50000,33000,38000,29000,112,1,0
4918,Stalemate,67000,39000,39000,39000,112,1,0
4919,P1,68000,26000,40000,22000,59,0,0
4920,Stalemate,51000,38000,39000,34000,112,1,0
4921,Stalemate,43000,32000,35000,24000,112,1,0
4922,P2,33000,68000,29000,40000,98,0,0
4923,P2,18000,60000,18000,40000,54,0,0
4924,Stalemate,45000,44000,37000,36000,112,1,1
4925,P1,68000,19000,40000,15000,85,0,0
4926,Stalemate,34000,4000,22000,0,112,1,0
4927,Stalemate,45000,27000,33000,23000,112,1,0
4928,Stalemate,24000,33000,20000,21000,112,1,0
4929,P1,68000,29000,40000,25000,79,0,0
4930,Stalemate,51000,29000,23000,29000,112,1,1
4931,P1,64000,18000,40000,10000,61,0,0
4932,Stalemate,36000,30000,24000,26000,112,1,0
4933,P1,68000,18000,40000,14000,95,0,0
4934,Stalemate,38000,51000,34000,39000,112,1,0
4935,Stalemate,40000,48000,36000,36000,112,1,0
4936,Stalemate,42000,41000,34000,33000,112,1,0
4937,Stalemate,38000,53000,38000,25000,112,1,0
4938,Stalemate,61000,11000,33000,11000,112,1,0
4939,P2,25000,64000,21000,40000,76,0,1
4940,Stalemate,18000,39000,10000,31000,112,1,0
4941,Stalemate,32000,28000,24000,20000,112,1,0
4942,P1,68000,30000,40000,26000,83,0,0
4943,Stalemate,33000,33000,25000,25000,112,1,0
4944,Stalemate,44000,45000,36000,37000,112,1,0
4945,Stalemate,38000,35000,30000,27000,112,1,0
4946,P2,23000,80000,19000,40000,89,0,0
4947,P2,14000,68000,10000,40000,88,0,0
4948,P2,46000,60000,38000,40000,64,0,0
4949,Stalemate,9000,51000,5000,39000,112,1,1
4950,Stalemate,36000,36000,28000,28000,112,1,1
4951,Stalemate,51000,40000,39000,36000,112,1,0
4952,Stalemate,51000,34000,39000,30000,112,1,1
4953,Stalemate,41000,38000,33000,30000,112,1,1
4954,Stalemate,44000,18000,36000,10000,112,1,0
4955,P1,64000,28000,40000,20000,79,0,0
4956,Stalemate,30000,12000,26000,0,112,1,1
4957,Stalemate,50000,26000,38000,22000,112,1,0
4958,Stalemate,42000,26000,34000,18000,112,1,1
4959,P1,68000,18000,40000,14000,71,0,1
4960,Stalemate,14000,51000,10000,39000,112,1,1
4961,Stalemate,24000,47000,16000,39000,112,1,0
4962,Stalemate,29000,16000,21000,8000,112,1,1
4963,Stalemate,16000,17000,4000,13000,112,1,1
4964,P1,64000,45000,40000,25000,86,0,1
4965,P1,60000,40000,40000,36000,57,0,0
4966,Stalemate,24000,47000,16000,39000,112,1,0
4967,P2,47000,64000,39000,40000,84,0,0
4968,Stalemate,39000,12000,27000,8000,112,1,0
4969,P2,11000,84000,11000,40000,58,0,1
4970,P1,68000,35000,40000,31000,63,0,0
4971,P2,38000,72000,26000,40000,92,0,0
4972,P2,27000,60000,23000,40000,66,0,1
4973,Stalemate,46000,46000,38000,38000,112,1,1
4974,Stalemate,49000,26000,37000,22000,112,1,0
4975,P2,10000,68000,10000,40000,54,0,0
4976,Stalemate,35000,50000,31000,38000,112,1,0
4977,Stalemate,39000,46000,31000,38000,112,1,0
4978,Stalemate,4000,44000,0,32000,112,1,0
4979,Stalemate,39000,47000,31000,39000,112,1,0
4980,P1,96000,22000,40000,22000,85,0,1
4981,Stalemate,29000,19000,17000,15000,112,1,0
4982,P1,60000,13000,40000,9000,63,0,0
4983,P2,38000,60000,26000,40000,88,0,0
4984,Stalemate,25000,28000,17000,20000,112,1,1
4985,Stalemate,40000,49000,36000,37000,112,1,0
4986,P1,80000,20000,40000,16000,91,0,0
4987,Stalemate,34000,26000,26000,18000,112,1,1
4988,Stalemate,31000,25000,27000,13000,112,1,0
4989,Stalemate,35000,28000,31000,16000,112,1,1
4990,P2,8000,92000,0,40000,66,0,0
4991,Stalemate,45000,42000,33000,38000,112,1,1
4992,Stalemate,64000,17000,36000,17000,112,1,0
4993,P1,68000,24000,40000,20000,69,0,0
4994,Stalemate,48000,18000,36000,14000,112,1,0
4995,P2,22000,76000,14000,40000,76,0,0
4996,P1,64000,33000,40000,33000,91,0,1
4997,P1,68000,29000,40000,29000,69,0,1
4998,Stalemate,41000,35000,37000,23000,112,1,0
4999,Stalemate,20000,28000,12000,20000,112,1,1
5000,Stalemate,47000,30000,39000,22000,112,1,0
5001,Stalemate,20000,44000,16000,32000,112,1,0
5002,Stalemate,37000,15000,25000,11000,112,1,0
5003,Stalemate,33000,30000,25000,22000,112,1,1
5004,P1,100000,4000,40000,0,71,0,0
5005,Stalemate,49000,33000,37000,29000,112,1,0
5006,P2,43000,60000,31000,40000,54,0,0
5007,P2,50000,72000,38000,40000,94,0,1
5008,P2,29000,60000,21000,40000,64,0,0
5009,Stalemate,13000,30000,5000,22000,112,1,0
5010,Stalemate,5000,42000,1000,30000,112,1,1
5011,Stalemate,22000,18000,14000,10000,112,1,0
5012,P1,68000,43000,40000,39000,93,0,1
5013,Stalemate,33000,24000,29000,12000,112,1,1
5014,P2,11000,60000,11000,40000,46,0,0
5015,P2,15000,68000,15000,40000,64,0,0
5016,Stalemate,37000,64000,37000,36000,112,1,0
5017,Stalemate,38000,41000,26000,37000,112,1,1
5018,P1,64000,24000,40000,24000,29,0,0
5019,P1,64000,42000,40000,34000,95,0,0
5020,P2,36000,64000,32000,40000,84,0,0
5021,Stalemate,33000,11000,25000,3000,112,1,0
5022,Stalemate,47000,18000,39000,10000,112,1,1
5023,P1,68000,32000,40000,28000,91,0,1
5024,Stalemate,38000,23000,26000,19000,112,1,0
5025,Stalemate,19000,47000,11000,39000,112,1,1
5026,Stalemate,23000,67000,23000,39000,112,1,1
5027,Stalemate,13000,31000,9000,19000,112,1,1
5028,Stalemate,46000,26000,38000,18000,112,1,0
5029,P1,60000,39000,40000,31000,79,0,0
5030,P1,64000,26000,40000,26000,41,0,0
5031,Stalemate,43000,35000,35000,27000,112,1,0
5032,Stalemate,46000,38000,34000,34000,112,1,0
5033,P1,64000,31000,40000,27000,85,0,1
5034,Stalemate,43000,35000,15000,35000,112,1,0
5035,P2,41000,64000,33000,40000,98,0,0
5036,Stalemate,33000,39000,21000,35000,112,1,1
5037,P2,24000,60000,20000,40000,68,0,0
5038,P2,46000,64000,38000,40000,98,0,1
5039,Stalemate,46000,25000,38000,17000,112,1,0
5040,P2,30000,84000,30000,40000,94,0,0
5041,Stalemate,45000,31000,37000,23000,112,1,0
5042,P1,60000,4000,40000,4000,47,0,0
5043,Stalemate,39000,14000,31000,6000,112,1,0
5044,Stalemate,56000,24000,28000,24000,112,1,0
5045,Stalemate,28000,43000,24000,31000,112,1,0
5046,P2,43000,68000,39000,40000,98,0,1
5047,Stalemate,13000,32000,9000,20000,112,1,0
5048,Stalemate,67000,31000,39000,31000,112,1,0
5049,Stalemate,29000,63000,29000,35000,112,1,0
5050,Stalemate,42000,34000,34000,26000,112,1,0
5051,P2,32000,68000,28000,40000,76,0,0
5052,P1,60000,21000,40000,21000,59,0,1
5053,P1,64000,19000,40000,11000,79,0,1
5054,P2,30000,68000,26000,40000,92,0,0
5055,P1,64000,36000,40000,36000,53,0,0
5056,P2,27000,76000,27000,40000,46,0,0
5057,P1,64000,16000,40000,12000,89,0,0
5058,Stalemate,35000,43000,27000,35000,112,1,1
5059,P2,35000,60000,27000,40000,80,0,0
5060,Stalemate,44000,18000,32000,14000,112,1,0
5061,Stalemate,41000,30000,33000,22000,112,1,1
5062,Stalemate,40000,20000,12000,20000,112,1,0
5063,P1,64000,45000,40000,37000,93,0,1
5064,Stalemate,48000,19000,36000,15000,112,1,1
5065,Stalemate,19000,23000,11000,15000,112,1,0
5066,P2,33000,68000,29000,40000,96,0,0
5067,P1,84000,38000,40000,38000,99,0,0
5068,Stalemate,50000,25000,38000,21000,112,1,0
5069,Stalemate,43000,50000,39000,26000,111,1,0
5070,Stalemate,29000,39000,21000,31000,112,1,0
5071,P2,28000,80000,24000,40000,100,0,1
5072,P2,10000,60000,2000,40000,44,0,0
5073,Stalemate,34000,31000,30000,19000,112,1,0
5074,Stalemate,35000,33000,27000,25000,112,1,0
5075,Stalemate,16000,29000,8000,21000,112,1,0
5076,P1,60000,34000,40000,22000,71,0,0
5077,P1,60000,37000,40000,25000,83,0,0
5078,Stalemate,3000,64000,3000,36000,112,1,0
5079,Stalemate,46000,35000,34000,31000,112,1,0
5080,Stalemate,27000,37000,23000,25000,112,1,0
5081,P1,76000,26000,40000,18000,95,0,0
5082,P1,56000,35000,40000,23000,93,0,0
5083,P2,23000,60000,19000,40000,56,0,1
5084,Stalemate,13000,17000,5000,9000,112,1,1
5085,P1,64000,11000,40000,7000,81,0,1
5086,P2,11000,64000,7000,40000,74,0,0
5087,Stalemate,43000,38000,39000,26000,112,1,0
5088,P1,64000,40000,40000,32000,89,0,0
5089,P2,35000,60000,27000,40000,70,0,0
5090,P1,68000,25000,40000,21000,83,0,0
5091,P2,26000,76000,18000,40000,67,0,0
5092,P2,26000,60000,18000,40000,40,0,0
5093,Stalemate,67000,22000,39000,22000,112,1,0
5094,Stalemate,34000,33000,30000,21000,112,1,0
5095,Stalemate,67000,39000,39000,39000,112,1,0
5096,Stalemate,51000,27000,39000,23000,112,1,1
5097,P2,11000,60000,11000,40000,66,0,1
5098,Stalemate,29000,39000,17000,35000,112,1,1
5099,Stalemate,46000,38000,34000,34000,112,1,0
5100,P2,29000,76000,21000,40000,100,0,1
5101,P1,68000,36000,40000,32000,81,0,1
5102,Stalemate,40000,26000,28000,22000,112,1,0
5103,Stalemate,44000,30000,36000,22000,112,1,0
5104,P1,64000,27000,40000,23000,87,0,0
5105,Stalemate,27000,31000,19000,23000,112,1,0
5106,P2,11000,64000,11000,40000,40,0,1
5107,P2,33000,64000,25000,40000,98,0,0
5108,Stalemate,18000,6000,6000,2000,112,1,0
5109,Stalemate,32000,38000,28000,26000,112,1,0
5110,P2,8000,76000,4000,40000,80,0,0
5111,Stalemate,28000,44000,24000,32000,112,1,1
5112,P2,40000,72000,28000,40000,86,0,0
5113,Stalemate,35000,20000,27000,12000,112,1,0
5114,Stalemate,45000,28000,37000,20000,112,1,0
5115,Stalemate,44000,47000,36000,39000,112,1,0
5116,Stalemate,46000,23000,38000,15000,112,1,0
5117,Stalemate,33000,30000,29000,18000,112,1,0
5118,Stalemate,33000,47000,25000,39000,112,1,0
5119,Stalemate,16000,27000,12000,15000,112,1,0
5120,P1,104000,0,40000,0,79,0,1
5121,Stalemate,62000,25000,34000,25000,112,1,1
5122,P1,76000,12000,40000,12000,47,0,1
5123,P1,60000,27000,40000,23000,81,0,1
5124,Stalemate,48000,17000,36000,13000,112,1,0
5125,Stalemate,33000,43000,21000,39000,112,1,0
5126,P1,64000,21000,40000,17000,49,0,1
5127,Stalemate,51000,30000,39000,26000,112,1,0
5128,Stalemate,43000,51000,39000,39000,112,1,1
5129,Stalemate,34000,43000,22000,39000,112,1,0
5130,P2,36000,84000,36000,40000,82,0,0
5131,P1,84000,13000,40000,13000,67,0,0
5132,P1,60000,33000,40000,25000,77,0,0
5133,Stalemate,51000,41000,39000,37000,112,1,0
5134,P2,15000,68000,11000,40000,92,0,1
5135,P2,35000,76000,27000,40000,102,0,0
5136,Stalemate,39000,33000,35000,21000,112,1,0
5137,Stalemate,35000,49000,31000,37000,112,1,0
5138,Stalemate,47000,37000,39000,29000,112,1,0
5139,P1,68000,18000,40000,14000,49,0,1
5140,Stalemate,20000,21000,16000,9000,112,1,1
5141,P2,27000,68000,23000,40000,74,0,1
5142,P1,84000,18000,40000,18000,31,0,0
5143,Stalemate,15000,66000,15000,38000,112,1,1
5144,Stalemate,29000,43000,17000,39000,112,1,0
5145,P2,10000,92000,6000,40000,102,0,1
5146,Stalemate,22000,49000,18000,37000,112,1,1
5147,Stalemate,10000,33000,6000,21000,112,1,1
5148,P2,23000,60000,19000,40000,50,0,0
5149,Stalemate,47000,32000,35000,28000,112,1,0
5150,Stalemate,43000,31000,31000,27000,112,1,0
5151,Stalemate,49000,41000,37000,37000,112,1,0
5152,Stalemate,23000,19000,19000,7000,112,1,0
5153,P2,15000,96000,15000,40000,100,0,0
5154,Stalemate,35000,24000,23000,20000,112,1,0
5155,Stalemate,47000,25000,39000,17000,112,1,0
5156,Stalemate,47000,44000,39000,36000,112,1,0
5157,P2,36000,80000,32000,40000,80,0,0
5158,P1,64000,31000,40000,27000,85,0,1
5159,Stalemate,47000,28000,39000,20000,112,1,1
5160,Stalemate,31000,40000,23000,32000,112,1,0
5161,P1,64000,13000,40000,5000,99,0,0
5162,Stalemate,13000,10000,5000,2000,112,1,0
5163,Stalemate,42000,47000,34000,39000,112,1,0
5164,P2,24000,76000,20000,40000,84,0,0
5165,Stalemate,9000,43000,1000,35000,112,1,1
5166,P1,64000,54000,40000,34000,80,0,0
5167,P2,10000,60000,6000,40000,68,0,0
5168,P2,30000,68000,26000,40000,86,0,0
5169,P2,43000,80000,39000,40000,100,0,0
5170,Stalemate,30000,28000,18000,24000,112,1,1
5171,Stalemate,35000,32000,23000,28000,112,1,0
5172,P1,64000,24000,40000,20000,45,0,1
5173,P1,60000,51000,40000,39000,91,0,0
5174,Stalemate,51000,40000,39000,36000,112,1,0
5175,P2,27000,80000,23000,40000,97,0,0
5176,P1,68000,22000,40000,18000,99,0,1
5177,P2,44000,76000,36000,40000,76,0,0
5178,Stalemate,51000,13000,39000,9000,112,1,1
5179,P1,64000,45000,40000,37000,77,0,0
5180,P2,24000,64000,16000,40000,76,0,0
5181,Stalemate,42000,31000,30000,27000,112,1,0
5182,Stalemate,31000,24000,19000,20000,112,1,1
5183,P1,60000,35000,40000,27000,71,0,0
5184,P2,12000,64000,12000,40000,46,0,0
5185,Stalemate,49000,43000,37000,39000,112,1,1
5186,P2,20000,60000,12000,40000,44,0,0
5187,Stalemate,43000,50000,39000,38000,112,1,0
5188,Stalemate,27000,46000,23000,34000,112,1,0
5189,P1,72000,37000,40000,29000,57,0,0
5190,Stalemate,38000,20000,26000,16000,112,1,1
5191,Stalemate,30000,39000,18000,35000,112,1,1
5192,P1,64000,42000,40000,38000,69,0,0
5193,Stalemate,32000,39000,24000,31000,112,1,0
5194,P1,68000,33000,40000,29000,65,0,0
5195,Stalemate,18000,26000,10000,18000,112,1,0
5196,P1,64000,12000,40000,4000,83,0,0
5197,P1,80000,19000,40000,15000,93,0,0
5198,P1,80000,21000,40000,17000,91,0,0
5199,Stalemate,34000,47000,26000,39000,112,1,0
5200,Stalemate,47000,36000,39000,28000,112,1,1
5201,P2,14000,68000,14000,40000,64,0,1
5202,P1,64000,17000,40000,9000,81,0,1
5203,P2,20000,76000,16000,40000,48,0,0
5204,Stalemate,22000,49000,18000,37000,112,1,0
5205,P1,64000,43000,40000,35000,97,0,0
5206,Stalemate,33000,30000,29000,18000,112,1,0
5207,P1,80000,42000,40000,38000,83,0,0
5208,P2,7000,64000,7000,40000,42,0,0
5209,P1,60000,20000,40000,16000,59,0,0
5210,Stalemate,42000,25000,38000,13000,112,1,0
5211,Stalemate,44000,32000,32000,28000,112,1,0
5212,Stalemate,33000,21000,25000,13000,112,1,0
5213,P2,9000,60000,5000,40000,86,0,1
5214,Stalemate,24000,16000,12000,12000,112,1,1
5215,Stalemate,37000,31000,29000,23000,112,1,1
5216,P2,23000,68000,23000,40000,76,0,1
5217,P1,68000,5000,40000,1000,71,0,0
5218,P2,39000,68000,35000,40000,66,0,0
5219,P1,64000,26000,40000,18000,81,0,0
5220,P1,68000,32000,40000,28000,99,0,1
5221,P1,60000,21000,40000,13000,61,0,0
5222,P2,33000,64000,25000,40000,68,0,0
5223,Stalemate,37000,35000,29000,27000,112,1,0
5224,P2,42000,60000,34000,40000,68,0,1
5225,P1,64000,33000,40000,29000,53,0,0
5226,Stalemate,33000,31000,25000,23000,112,1,0
5227,P1,68000,26000,40000,22000,95,0,0
5228,P1,84000,8000,40000,0,67,0,1
5229,P2,27000,64000,23000,40000,66,0,1
5230,Stalemate,40000,46000,32000,38000,112,1,0
5231,Stalemate,43000,47000,35000,39000,112,1,1
5232,P2,9000,60000,1000,40000,56,0,0
5233,Stalemate,17000,47000,9000,39000,112,1,0
5234,Stalemate,31000,44000,23000,36000,112,1,1
5235,P2,42000,80000,38000,40000,100,0,1
5236,Stalemate,6000,24000,2000,12000,112,1,0
5237,P1,64000,13000,40000,9000,47,0,1
5238,P2,19000,60000,7000,40000,90,0,0
5239,Stalemate,17000,41000,5000,37000,112,1,0
5240,Stalemate,42000,51000,38000,39000,112,1,1
5241,Stalemate,39000,35000,27000,31000,112,1,0
5242,Stalemate,37000,34000,25000,30000,112,1,0
5243,P2,20000,60000,12000,40000,68,0,0
5244,Stalemate,33000,42000,21000,38000,112,1,0
5245,Stalemate,41000,42000,29000,38000,112,1,1
5246,Stalemate,20000,29000,16000,17000,112,1,1
5247,Stalemate,46000,23000,34000,19000,112,1,0
5248,P1,56000,27000,40000,19000,61,0,0
5249,P1,64000,23000,40000,15000,49,0,0
5250,Stalemate,51000,31000,39000,27000,112,1,0
5251,P2,23000,76000,23000,40000,58,0,0
5252,Stalemate,51000,35000,39000,31000,112,1,1
5253,Stalemate,47000,47000,39000,39000,112,1,0
5254,Stalemate,36000,43000,28000,35000,112,1,1
5255,Stalemate,51000,11000,39000,7000,112,1,0
5256,P2,18000,84000,18000,40000,74,0,1
5257,P2,0,88000,0,40000,72,0,1
5258,Stalemate,40000,19000,32000,11000,112,1,0
5259,P1,60000,51000,40000,39000,91,0,0
5260,Stalemate,27000,20000,23000,8000,112,1,0
5261,P1,60000,6000,40000,2000,39,0,0
5262,P2,4000,84000,0,40000,78,0,1
5263,Stalemate,42000,28000,38000,16000,112,1,1
5264,P1,64000,36000,40000,28000,91,0,0
5265,P2,30000,60000,18000,40000,80,0,0
5266,P1,60000,32000,40000,28000,65,0,1
5267,P1,76000,1000,40000,1000,65,0,0
5268,Stalemate,24000,30000,20000,18000,112,1,1
5269,Stalemate,24000,44000,20000,32000,112,1,1
5270,P1,64000,22000,40000,14000,85,0,1
5271,Stalemate,40000,16000,28000,12000,112,1,1
5272,P1,60000,25000,40000,13000,63,0,0
5273,P1,64000,32000,40000,24000,83,0,0
5274,P1,60000,33000,40000,21000,79,0,0
5275,P1,64000,40000,40000,36000,67,0,1
5276,Stalemate,43000,13000,39000,1000,112,1,0
5277,Stalemate,14000,22000,10000,10000,112,1,1
5278,P1,64000,30000,40000,22000,79,0,0
5279,P1,64000,37000,40000,29000,89,0,0
5280,P1,76000,32000,40000,24000,91,0,0
5281,P1,80000,10000,40000,6000,93,0,0
5282,Stalemate,45000,39000,37000,31000,112,1,0
5283,P2,14000,60000,10000,40000,46,0,0
5284,P1,64000,16000,40000,8000,55,0,0
5285,P2,44000,60000,36000,40000,70,0,0
5286,Stalemate,50000,21000,38000,17000,112,1,1
5287,P2,28000,64000,20000,40000,92,0,1
5288,P1,64000,23000,40000,19000,55,0,0
5289,P1,68000,18000,40000,14000,69,0,1
5290,P1,84000,4000,40000,0,57,0,0
5291,Stalemate,29000,41000,21000,33000,112,1,1
5292,P2,47000,64000,39000,40000,94,0,0
5293,Stalemate,8000,26000,0,18000,112,1,0
5294,Stalemate,26000,46000,18000,26000,111,1,0
5295,P2,13000,96000,13000,40000,84,0,1
5296,P2,19000,84000,19000,40000,94,0,0
5297,P1,64000,44000,40000,36000,95,0,0
5298,P2,31000,60000,23000,40000,96,0,0
5299,Stalemate,25000,19000,21000,7000,112,1,0
5300,P2,26000,60000,14000,40000,96,0,0
5301,P1,68000,43000,40000,39000,93,0,1
5302,Stalemate,45000,24000,37000,16000,112,1,0
5303,Stalemate,42000,24000,34000,16000,112,1,0
5304,P2,26000,68000,22000,40000,96,0,0
5305,P1,64000,28000,40000,24000,87,0,1
5306,P2,11000,68000,11000,40000,54,0,0
5307,P1,60000,36000,40000,28000,65,0,0
5308,P2,28000,76000,20000,40000,78,0,1
5309,P1,80000,42000,40000,38000,93,0,0
5310,Stalemate,27000,50000,23000,26000,111,1,1
5311,P2,29000,76000,21000,40000,100,0,0
5312,Stalemate,43000,43000,35000,35000,112,1,0
5313,P2,35000,76000,27000,40000,100,0,1
5314,P1,72000,39000,40000,27000,95,0,0
5315,Stalemate,41000,51000,37000,39000,112,1,0
5316,P1,68000,37000,40000,33000,97,0,0
5317,P1,60000,33000,40000,25000,43,0,0
5318,P2,21000,64000,17000,40000,40,0,0
5319,P1,64000,27000,40000,23000,91,0,1
5320,Stalemate,34000,41000,22000,37000,112,1,1
5321,Stalemate,42000,19000,30000,15000,112,1,0
5322,P2,32000,64000,28000,40000,72,0,1
5323,Stalemate,43000,51000,39000,39000,112,1,1
5324,Stalemate,26000,36000,14000,32000,112,1,0
5325,P1,56000,37000,40000,33000,67,0,0
5326,Stalemate,30000,30000,22000,22000,112,1,0
5327,Stalemate,12000,25000,0,21000,112,1,1
5328,P2,37000,68000,37000,40000,70,0,0
5329,P1,64000,35000,40000,27000,93,0,0
5330,P2,43000,68000,39000,40000,76,0,0
5331,P2,17000,64000,9000,40000,68,0,0
5332,Stalemate,50000,12000,38000,8000,112,1,1
5333,Stalemate,20000,18000,8000,14000,112,1,0
5334,P2,4000,84000,0,40000,90,0,0
5335,Stalemate,30000,31000,26000,19000,112,1,0
5336,Stalemate,42000,46000,38000,34000,112,1,1
5337,P2,27000,68000,27000,40000,82,0,0
5338,P1,68000,11000,40000,7000,93,0,1
5339,P1,80000,25000,40000,25000,63,0,0
5340,P1,76000,17000,40000,9000,81,0,1
5341,P1,64000,24000,40000,16000,91,0,0
5342,Stalemate,22000,33000,22000,5000,112,1,1
5343,Stalemate,39000,43000,35000,31000,112,1,0
5344,P1,60000,18000,40000,14000,47,0,0
5345,P1,72000,47000,40000,35000,71,0,0
5346,P1,60000,32000,40000,28000,65,0,1
5347,Stalemate,43000,44000,39000,32000,112,1,0
5348,Stalemate,21000,43000,17000,31000,112,1,1
5349,Stalemate,20000,39000,16000,27000,112,1,1
5350,Stalemate,29000,26000,21000,18000,112,1,1
5351,Stalemate,43000,33000,31000,29000,112,1,0
5352,P2,14000,68000,14000,40000,74,0,0
5353,Stalemate,25000,38000,17000,30000,112,1,1
5354,Stalemate,35000,37000,27000,29000,112,1,0
5355,Stalemate,8000,32000,0,24000,112,1,1
5356,P1,64000,34000,40000,30000,81,0,0
5357,Stalemate,39000,33000,31000,25000,112,1,0
5358,P1,64000,37000,40000,29000,91,0,0
5359,P2,46000,64000,38000,40000,80,0,0
5360,Stalemate,51000,40000,39000,36000,112,1,0
5361,Stalemate,35000,16000,31000,4000,112,1,0
5362,Stalemate,20000,27000,8000,23000,112,1,1
5363,P2,7000,64000,7000,40000,74,0,0
5364,P1,60000,43000,40000,39000,73,0,0
5365,P2,20000,64000,12000,40000,86,0,0
5366,P1,68000,33000,40000,29000,73,0,0
5367,P1,76000,35000,40000,27000,81,0,0
5368,Stalemate,61000,17000,33000,17000,112,1,1
5369,P1,60000,12000,40000,8000,47,0,1
5370,P2,42000,76000,34000,40000,90,0,0
5371,P2,40000,64000,32000,40000,84,0,1
5372,Stalemate,42000,23000,34000,15000,112,1,1
5373,Stalemate,50000,24000,38000,20000,112,1,1
5374,Stalemate,56000,37000,28000,37000,112,1,1
5375,P2,35000,60000,27000,40000,80,0,0
5376,P1,64000,26000,40000,18000,95,0,0
5377,Stalemate,48000,21000,36000,17000,112,1,0
5378,Stalemate,16000,39000,4000,35000,112,1,1
5379,P1,64000,7000,40000,7000,47,0,0
5380,Stalemate,8000,25000,0,17000,112,1,1
5381,Stalemate,29000,35000,17000,31000,112,1,0
5382,P1,68000,26000,40000,22000,81,0,1
5383,P1,60000,22000,40000,14000,91,0,1
5384,Stalemate,67000,26000,39000,26000,112,1,0
5385,Stalemate,47000,45000,39000,37000,112,1,1
5386,P1,64000,28000,40000,24000,53,0,1
5387,Stalemate,26000,41000,18000,33000,112,1,0
5388,P1,64000,37000,40000,29000,99,0,0
5389,P2,29000,64000,25000,40000,86,0,0
5390,Stalemate,39000,32000,27000,28000,112,1,1
5391,Stalemate,46000,36000,38000,28000,112,1,0
5392,Stalemate,34000,63000,34000,35000,112,1,0
5393,Stalemate,11000,51000,7000,39000,112,1,0
5394,P1,56000,5000,40000,5000,51,0,1
5395,Stalemate,46000,32000,38000,24000,112,1,0
5396,P1,64000,27000,40000,19000,93,0,0
5397,P1,60000,20000,40000,16000,57,0,1
5398,Stalemate,39000,19000,27000,15000,112,1,0
5399,P1,76000,13000,40000,13000,61,0,1
5400,P1,64000,13000,40000,5000,47,0,0
5401,P1,60000,19000,40000,7000,97,0,1
5402,P1,60000,33000,40000,25000,51,0,0
5403,Stalemate,32000,51000,28000,39000,112,1,0
5404,Stalemate,42000,50000,38000,38000,112,1,0
5405,Stalemate,37000,39000,29000,31000,112,1,0
5406,P1,60000,50000,40000,38000,95,0,0
5407,P1,60000,26000,40000,22000,69,0,0
5408,P1,60000,29000,40000,17000,81,0,0
5409,Stalemate,60000,23000,32000,23000,112,1,0
5410,P2,31000,80000,31000,40000,88,0,1
5411,Stalemate,48000,32000,36000,28000,112,1,0
5412,Stalemate,24000,63000,20000,39000,111,1,0
5413,Stalemate,39000,23000,31000,15000,112,1,0
5414,Stalemate,34000,4000,22000,0,112,1,0
5415,P2,10000,64000,6000,40000,58,0,1
5416,P1,80000,12000,40000,0,73,0,0
5417,P1,72000,14000,40000,6000,75,0,0
5418,Stalemate,23000,48000,19000,36000,112,1,1
5419,P1,68000,2000,40000,2000,79,0,1
5420,Stalemate,30000,18000,18000,14000,112,1,0
5421,Stalemate,56000,10000,28000,10000,112,1,0
5422,P1,68000,22000,40000,22000,81,0,0
5423,Stalemate,39000,9000,31000,1000,112,1,1
5424,Stalemate,47000,46000,39000,38000,112,1,0
5425,Stalemate,11000,31000,7000,19000,112,1,0
5426,P2,22000,60000,14000,40000,84,0,0
5427,P2,19000,68000,19000,40000,70,0,0
5428,Stalemate,29000,45000,21000,37000,112,1,1
5429,P2,24000,64000,20000,40000,88,0,0
5430,P1,68000,38000,40000,34000,99,0,0
5431,Stalemate,36000,26000,28000,18000,112,1,0
5432,P1,68000,42000,40000,38000,97,0,0
5433,Stalemate,36000,27000,28000,19000,112,1,1
5434,P1,64000,37000,40000,29000,83,0,0
5435,Stalemate,17000,47000,9000,39000,112,1,0
5436,Stalemate,43000,33000,39000,21000,112,1,0
5437,Stalemate,36000,46000,32000,34000,112,1,1
5438,Stalemate,26000,38000,22000,26000,112,1,0
5439,Stalemate,47000,14000,39000,6000,112,1,1
5440,P1,64000,19000,40000,15000,59,0,0
5441,Stalemate,26000,25000,14000,21000,112,1,0
5442,P2,19000,64000,15000,40000,86,0,1
5443,P1,64000,27000,40000,19000,47,0,0
5444,Stalemate,27000,40000,15000,36000,112,1,0
5445,P2,37000,60000,29000,40000,86,0,0
5446,Stalemate,21000,41000,13000,33000,112,1,0
5447,Stalemate,46000,37000,38000,29000,112,1,0
5448,Stalemate,51000,41000,39000,37000,112,1,1
5449,Stalemate,5000,43000,5000,15000,112,1,0
5450,Stalemate,32000,45000,24000,37000,112,1,1
5451,Stalemate,67000,6000,39000,6000,112,1,0
5452,Stalemate,49000,41000,37000,37000,112,1,0
5453,Stalemate,17000,25000,9000,17000,112,1,1
5454,P2,40000,76000,36000,40000,80,0,0
5455,Stalemate,31000,46000,23000,38000,112,1,0
5456,P1,68000,29000,40000,25000,93,0,1
5457,Stalemate,17000,53000,17000,25000,112,1,0
5458,Stalemate,28000,32000,24000,20000,112,1,0
5459,Stalemate,34000,29000,30000,17000,112,1,0
5460,Stalemate,12000,24000,0,20000,112,1,1
5461,Stalemate,15000,47000,7000,39000,112,1,1
5462,Stalemate,23000,37000,15000,29000,112,1,1
5463,P2,34000,68000,30000,40000,54,0,0
5464,Stalemate,19000,44000,15000,32000,112,1,1
5465,P1,64000,29000,40000,25000,65,0,1
5466,Stalemate,28000,35000,20000,27000,112,1,0
5467,Stalemate,10000,35000,2000,27000,112,1,0
5468,P2,35000,64000,31000,40000,68,0,0
5469,Stalemate,33000,47000,25000,39000,112,1,0
5470,Stalemate,44000,22000,32000,18000,112,1,0
5471,P1,84000,20000,40000,20000,77,0,0
5472,Stalemate,45000,40000,33000,36000,112,1,0
5473,P1,60000,42000,40000,30000,93,0,0
5474,Stalemate,40000,42000,32000,34000,112,1,0
5475,P1,64000,15000,40000,15000,37,0,1
5476,P1,64000,18000,40000,18000,57,0,0
5477,P2,5000,64000,1000,40000,94,0,0
5478,Stalemate,44000,4000,32000,0,112,1,0
5479,P2,26000,64000,18000,40000,62,0,1
5480,Stalemate,46000,34000,34000,30000,112,1,0
5481,Stalemate,24000,37000,12000,33000,112,1,0
5482,P2,50000,60000,38000,40000,94,0,0
5483,P2,28000,96000,28000,40000,94,0,0
5484,P1,64000,37000,40000,17000,76,0,1
5485,Stalemate,22000,10000,14000,2000,112,1,1
5486,Stalemate,47000,9000,39000,1000,112,1,0
5487,P1,64000,19000,40000,11000,81,0,0
5488,P1,76000,38000,40000,34000,57,0,0
5489,P1,60000,35000,40000,23000,55,0,0
5490,Stalemate,46000,19000,34000,15000,112,1,0
5491,Stalemate,33000,34000,21000,30000,112,1,1
5492,Stalemate,46000,43000,38000,35000,112,1,0
5493,P2,13000,60000,9000,40000,58,0,1
5494,Stalemate,66000,30000,38000,30000,112,1,0
5495,P2,30000,60000,18000,40000,92,0,0
5496,Stalemate,19000,29000,11000,21000,112,1,1
5497,P2,26000,68000,26000,40000,80,0,0
5498,P1,68000,28000,40000,24000,59,0,1
5499,Stalemate,45000,28000,37000,20000,112,1,0
5500,Stalemate,25000,34000,21000,22000,112,1,1
5501,Stalemate,30000,29000,22000,21000,112,1,0
5502,P2,47000,56000,19000,40000,86,0,0
5503,P1,60000,19000,40000,15000,49,0,0
5504,Stalemate,32000,31000,24000,23000,112,1,1
5505,P2,38000,64000,30000,40000,72,0,0
5506,Stalemate,24000,39000,16000,31000,112,1,1
5507,Stalemate,38000,51000,34000,39000,112,1,0
5508,P2,19000,72000,7000,40000,100,0,0
5509,P1,64000,22000,40000,14000,77,0,0
5510,P2,27000,60000,19000,40000,36,0,0
5511,P2,45000,60000,37000,40000,84,0,0
5512,P1,64000,33000,40000,25000,59,0,0
5513,P2,38000,76000,30000,40000,86,0,0
5514,Stalemate,50000,43000,38000,39000,112,1,0
5515,Stalemate,5000,45000,5000,17000,112,1,0
5516,Stalemate,39000,21000,27000,17000,112,1,0
5517,P1,64000,32000,40000,24000,81,0,0
5518,P2,50000,72000,38000,40000,82,0,0
5519,P1,64000,19000,40000,15000,57,0,0
5520,Stalemate,46000,21000,38000,13000,112,1,0
5521,Stalemate,51000,17000,39000,13000,112,1,0
5522,P1,68000,24000,40000,20000,91,0,1
5523,P1,60000,43000,40000,39000,71,0,0
5524,P1,56000,40000,40000,32000,53,0,0
5525,Stalemate,28000,42000,20000,34000,112,1,1
5526,P1,68000,5000,40000,1000,55,0,0
5527,Stalemate,46000,15000,34000,11000,112,1,1
5528,P1,64000,26000,40000,18000,69,0,1
5529,Stalemate,67000,15000,39000,15000,112,1,0
5530,Stalemate,36000,43000,24000,39000,112,1,0
5531,Stalemate,31000,46000,23000,38000,112,1,0
5532,Stalemate,39000,53000,31000,33000,111,1,0
5533,Stalemate,51000,42000,39000,38000,112,1,0
5534,P1,60000,51000,40000,39000,95,0,0
5535,Stalemate,31000,40000,23000,32000,112,1,1
5536,Stalemate,31000,47000,23000,39000,112,1,0
5537,Stalemate,22000,47000,14000,39000,112,1,0
5538,Stalemate,42000,8000,34000,0,112,1,1
5539,Stalemate,42000,23000,38000,11000,112,1,0
5540,Stalemate,51000,21000,39000,17000,112,1,1
5541,Stalemate,35000,20000,27000,12000,112,1,0
5542,Stalemate,19000,23000,15000,11000,112,1,0
5543,P1,56000,36000,40000,24000,73,0,0
5544,Stalemate,30000,66000,30000,38000,112,1,0
5545,P1,60000,44000,40000,36000,89,0,0
5546,Stalemate,15000,49000,11000,37000,112,1,0
5547,Stalemate,36000,19000,28000,11000,112,1,0
5548,P2,35000,76000,27000,40000,100,0,0
5549,Stalemate,39000,43000,27000,39000,112,1,0
5550,Stalemate,19000,24000,15000,12000,112,1,0
5551,Stalemate,8000,45000,0,37000,112,1,0
5552,Stalemate,23000,42000,15000,34000,112,1,1
5553,P2,28000,68000,28000,40000,74,0,0
5554,P2,16000,84000,16000,40000,86,0,0
5555,P1,64000,32000,40000,32000,73,0,0
5556,Stalemate,47000,31000,39000,23000,112,1,1
5557,P2,25000,64000,21000,40000,44,0,0
5558,P1,88000,4000,40000,0,79,0,0
5559,Stalemate,36000,37000,24000,33000,112,1,0
5560,P1,68000,12000,40000,12000,77,0,1
5561,Stalemate,33000,38000,29000,26000,112,1,0
5562,Stalemate,27000,35000,19000,27000,112,1,0
5563,P1,80000,22000,40000,22000,57,0,0
5564,P1,68000,11000,40000,7000,75,0,0
5565,Stalemate,35000,42000,23000,38000,112,1,0
5566,P2,31000,64000,23000,40000,72,0,1
5567,Stalemate,23000,26000,11000,22000,112,1,0
5568,Stalemate,0,57000,0,29000,112,1,1
5569,Stalemate,38000,16000,26000,12000,112,1,0
5570,P2,32000,68000,28000,40000,88,0,0
5571,Stalemate,34000,46000,26000,38000,112,1,0
5572,P2,31000,80000,27000,40000,100,0,1
5573,P2,5000,84000,5000,40000,72,0,1
5574,P1,68000,37000,40000,33000,97,0,1
5575,Stalemate,24000,22000,16000,14000,112,1,1
5576,Stalemate,46000,33000,38000,25000,112,1,0
5577,Stalemate,42000,47000,34000,39000,112,1,0
5578,Stalemate,47000,43000,39000,35000,112,1,0
5579,P1,64000,12000,40000,8000,83,0,1
5580,Stalemate,33000,17000,29000,5000,112,1,1
5581,Stalemate,34000,25000,22000,21000,112,1,0
5582,Stalemate,46000,24000,38000,16000,112,1,0
5583,Stalemate,32000,47000,24000,39000,112,1,0
5584,P1,84000,25000,40000,25000,79,0,1
5585,P2,14000,64000,14000,40000,44,0,1
5586,Stalemate,42000,21000,38000,9000,112,1,0
5587,P1,64000,32000,40000,32000,61,0,0
5588,Stalemate,37000,32000,29000,24000,112,1,0
5589,Stalemate,32000,56000,32000,28000,112,1,0
5590,P1,68000,27000,40000,23000,91,0,0
5591,P1,60000,40000,40000,32000,83,0,0
5592,Stalemate,36000,28000,32000,16000,112,1,1
5593,Stalemate,18000,21000,10000,13000,112,1,1
5594,P2,47000,64000,39000,40000,90,0,0
5595,Stalemate,29000,18000,17000,14000,112,1,0
5596,P2,18000,64000,14000,40000,60,0,1
5597,P2,23000,68000,19000,40000,84,0,0
5598,P2,31000,60000,19000,40000,46,0,0
5599,Stalemate,47000,15000,35000,11000,112,1,0
5600,Stalemate,50000,20000,38000,16000,112,1,0
5601,Stalemate,17000,47000,13000,35000,112,1,1
5602,P1,64000,22000,40000,14000,95,0,0
5603,Stalemate,49000,12000,37000,8000,112,1,1
5604,P1,104000,0,40000,0,85,0,1
5605,Stalemate,44000,28000,36000,20000,112,1,0
5606,P2,25000,60000,21000,40000,58,0,0
5607,Stalemate,37000,27000,29000,19000,112,1,0
5608,Stalemate,27000,37000,15000,33000,112,1,0
5609,Stalemate,25000,46000,17000,38000,112,1,1
5610,P1,68000,11000,40000,7000,75,0,1
5611,P2,29000,76000,21000,40000,87,0,0
5612,Stalemate,41000,32000,33000,24000,112,1,1
5613,Stalemate,17000,47000,9000,39000,112,1,0
5614,P2,28000,60000,20000,40000,92,0,1
5615,P1,64000,39000,40000,35000,59,0,0
5616,Stalemate,49000,43000,37000,39000,112,1,0
5617,Stalemate,28000,67000,28000,39000,112,1,1
5618,Stalemate,23000,58000,23000,30000,112,1,0
5619,Stalemate,23000,49000,23000,21000,112,1,1
5620,P1,64000,12000,40000,4000,79,0,0
5621,Stalemate,24000,31000,12000,27000,112,1,0
5622,P1,68000,17000,40000,17000,81,0,0
5623,P1,68000,41000,40000,25000,74,0,0
5624,P1,84000,4000,40000,0,51,0,1
5625,Stalemate,29000,28000,17000,24000,112,1,0
5626,P1,64000,15000,40000,15000,57,0,0
5627,Stalemate,51000,21000,39000,17000,112,1,0
5628,P1,64000,24000,40000,16000,91,0,0
5629,P2,66000,56000,38000,40000,92,0,0
5630,P2,45000,64000,37000,40000,68,0,0
5631,P2,32000,80000,28000,40000,100,0,0
5632,P1,60000,7000,40000,7000,47,0,0
5633,Stalemate,37000,37000,29000,29000,112,1,0
5634,P2,32000,64000,28000,40000,84,0,0
5635,Stalemate,28000,26000,24000,14000,112,1,0
5636,Stalemate,24000,50000,20000,38000,112,1,0
5637,P2,40000,64000,36000,40000,68,0,1
5638,Stalemate,42000,47000,38000,35000,112,1,1
5639,P2,22000,64000,18000,40000,66,0,1
5640,Stalemate,43000,28000,35000,20000,112,1,0
5641,Stalemate,47000,39000,39000,31000,112,1,0
5642,Stalemate,43000,27000,31000,23000,112,1,0
5643,P2,24000,60000,24000,40000,76,0,0
5644,Stalemate,39000,22000,31000,14000,112,1,0
5645,P1,64000,34000,40000,30000,73,0,0
5646,P1,76000,39000,40000,31000,99,0,0
5647,P2,26000,60000,18000,40000,94,0,0
5648,P1,56000,23000,40000,23000,55,0,0
5649,Stalemate,41000,48000,37000,36000,112,1,1
5650,P2,34000,60000,26000,40000,68,0,1
5651,P2,24000,56000,16000,40000,66,0,0
5652,Stalemate,46000,34000,38000,26000,112,1,0
5653,P2,4000,68000,4000,40000,78,0,0
5654,P1,64000,42000,40000,34000,67,0,0
5655,Stalemate,43000,46000,35000,38000,112,1,0
5656,P1,68000,16000,40000,16000,49,0,1
5657,Stalemate,25000,62000,25000,34000,112,1,0
5658,Stalemate,43000,47000,35000,39000,112,1,1
5659,Stalemate,36000,34000,32000,22000,112,1,1
5660,Stalemate,43000,38000,39000,26000,112,1,0
5661,P1,64000,37000,40000,29000,65,0,0
5662,P1,68000,24000,40000,24000,73,0,0
5663,P1,68000,5000,40000,1000,79,0,0
5664,Stalemate,32000,48000,28000,36000,112,1,0
5665,Stalemate,37000,18000,25000,14000,112,1,0
5666,P2,19000,80000,15000,40000,98,0,0
5667,P2,5000,68000,5000,40000,72,0,0
5668,Stalemate,31000,30000,23000,22000,112,1,1
5669,P2,46000,64000,38000,40000,94,0,0
5670,P1,64000,32000,40000,24000,89,0,0
5671,P2,33000,64000,25000,40000,90,0,0
5672,Stalemate,43000,23000,39000,11000,112,1,1
5673,P2,19000,60000,19000,40000,42,0,0
5674,P2,39000,72000,31000,40000,90,0,0
5675,Stalemate,65000,28000,37000,28000,112,1,0
5676,Stalemate,41000,20000,29000,16000,112,1,0
5677,Stalemate,40000,43000,28000,39000,112,1,0
5678,P1,68000,33000,40000,29000,93,0,0
5679,Stalemate,65000,9000,37000,9000,112,1,1
5680,P1,68000,26000,40000,22000,87,0,0
5681,P2,35000,64000,31000,40000,80,0,0
5682,P1,64000,35000,40000,35000,67,0,1
5683,Stalemate,33000,39000,21000,35000,112,1,0
5684,P2,11000,68000,7000,40000,84,0,0
5685,Stalemate,51000,32000,39000,28000,112,1,0
5686,P2,38000,64000,30000,40000,74,0,0
5687,Stalemate,40000,33000,32000,25000,112,1,1
5688,Stalemate,25000,9000,13000,5000,112,1,0
5689,Stalemate,33000,8000,25000,0,112,1,0
5690,P2,36000,64000,28000,40000,80,0,0
5691,P1,68000,16000,40000,16000,47,0,1
5692,Stalemate,34000,46000,26000,38000,112,1,1
5693,P1,60000,47000,40000,39000,75,0,0
5694,Stalemate,11000,45000,3000,37000,112,1,1
5695,P1,60000,24000,40000,16000,69,0,0
5696,P1,68000,12000,40000,8000,99,0,0
5697,P2,51000,60000,39000,40000,62,0,0
5698,Stalemate,47000,22000,39000,14000,112,1,0
5699,Stalemate,25000,36000,17000,28000,112,1,0
5700,P1,64000,17000,40000,13000,85,0,0
5701,P2,20000,72000,16000,40000,70,0,1
5702,P1,60000,19000,40000,11000,67,0,0
5703,P2,12000,60000,12000,40000,54,0,1
5704,Stalemate,47000,17000,39000,9000,112,1,0
5705,Stalemate,47000,30000,39000,22000,112,1,1
5706,Stalemate,41000,51000,37000,39000,112,1,0
5707,P1,60000,44000,40000,36000,77,0,0
5708,Stalemate,41000,49000,37000,37000,112,1,1
5709,Stalemate,22000,27000,14000,19000,112,1,1
5710,Stalemate,24000,47000,16000,39000,112,1,0
5711,P1,68000,9000,40000,9000,81,0,1
5712,P2,25000,64000,17000,40000,96,0,0
5713,Stalemate,29000,44000,21000,36000,112,1,1
5714,Stalemate,43000,49000,39000,37000,112,1,0
5715,Stalemate,30000,40000,18000,36000,112,1,0
5716,Stalemate,33000,47000,25000,39000,112,1,1
5717,P1,84000,5000,40000,5000,99,0,0
5718,P1,80000,10000,40000,6000,89,0,0
5719,Stalemate,47000,44000,39000,36000,112,1,1
5720,Stalemate,19000,34000,11000,26000,112,1,1
5721,Stalemate,26000,24000,18000,16000,112,1,1
5722,P1,60000,29000,40000,21000,77,0,0
5723,P1,60000,20000,40000,12000,51,0,0
5724,P1,84000,29000,40000,29000,67,0,0
5725,P2,5000,84000,5000,40000,88,0,0
5726,Stalemate,38000,48000,34000,24000,111,1,1
5727,P1,68000,19000,40000,15000,99,0,0
5728,Stalemate,37000,11000,25000,7000,112,1,0
5729,Stalemate,7000,44000,3000,32000,112,1,0
5730,P1,68000,15000,40000,11000,75,0,1
5731,Stalemate,29000,44000,25000,32000,112,1,1
5732,P2,42000,60000,30000,40000,88,0,0
5733,P2,21000,64000,17000,40000,60,0,1
5734,P1,64000,38000,40000,30000,59,0,0
5735,P2,46000,64000,38000,40000,88,0,0
5736,Stalemate,40000,32000,28000,28000,112,1,0
5737,P2,30000,64000,26000,40000,74,0,1
5738,Stalemate,43000,39000,31000,35000,112,1,0
5739,Stalemate,30000,11000,18000,7000,112,1,0
5740,Stalemate,29000,22000,17000,18000,112,1,0
5741,Stalemate,27000,38000,15000,34000,112,1,1
5742,P1,60000,39000,40000,27000,75,0,0
5743,P1,64000,38000,40000,34000,81,0,0
5744,P1,64000,35000,40000,31000,55,0,1
5745,Stalemate,12000,43000,8000,31000,112,1,0
5746,Stalemate,35000,47000,27000,39000,112,1,0
5747,P1,64000,18000,40000,10000,61,0,0
5748,P1,60000,44000,40000,32000,99,0,0
5749,P1,64000,10000,40000,6000,69,0,0
5750,P1,56000,24000,40000,20000,51,0,0
5751,P1,64000,1000,40000,1000,89,0,0
5752,P1,64000,33000,40000,25000,95,0,0
5753,Stalemate,29000,40000,17000,36000,112,1,0
5754,Stalemate,23000,33000,23000,5000,112,1,0
5755,Stalemate,18000,34000,6000,30000,112,1,0
5756,Stalemate,26000,48000,22000,36000,112,1,0
5757,Stalemate,39000,29000,35000,17000,112,1,0
5758,P2,19000,68000,19000,40000,54,0,0
5759,Stalemate,20000,39000,12000,31000,112,1,0
5760,Stalemate,44000,41000,36000,33000,112,1,0
5761,Stalemate,31000,11000,23000,3000,112,1,1
5762,P2,34000,64000,30000,40000,68,0,0
5763,Stalemate,39000,20000,31000,12000,112,1,0
5764,P2,38000,60000,30000,40000,82,0,0
5765,P1,64000,17000,40000,13000,65,0,0
5766,P2,4000,84000,4000,40000,82,0,1
5767,Stalemate,47000,36000,39000,28000,112,1,0
5768,Stalemate,6000,66000,6000,38000,112,1,0
5769,P2,15000,60000,11000,40000,34,0,0
5770,P2,34000,64000,30000,40000,76,0,0
5771,P1,60000,22000,40000,14000,83,0,0
5772,P1,60000,35000,40000,27000,57,0,1
5773,Stalemate,38000,51000,34000,39000,112,1,1
5774,P1,64000,24000,40000,20000,73,0,0
5775,P2,15000,64000,11000,40000,50,0,1
5776,Stalemate,19000,47000,15000,35000,112,1,0
5777,Stalemate,44000,37000,32000,33000,112,1,0
5778,P1,64000,40000,40000,32000,87,0,0
5779,P2,20000,80000,20000,40000,61,0,1
5780,Stalemate,17000,47000,13000,35000,112,1,1
5781,P2,22000,56000,18000,40000,48,0,0
5782,Stalemate,36000,46000,28000,38000,112,1,0
5783,P2,32000,60000,24000,40000,76,0,0
5784,Stalemate,47000,16000,39000,8000,112,1,0
5785,Stalemate,21000,48000,17000,36000,112,1,0
5786,P2,46000,60000,34000,40000,98,0,1
5787,Stalemate,37000,30000,29000,22000,112,1,0
5788,Stalemate,64000,17000,36000,17000,112,1,0
5789,Stalemate,43000,51000,39000,39000,112,1,0
5790,Stalemate,30000,47000,22000,39000,112,1,0
5791,Stalemate,43000,28000,35000,20000,112,1,0
5792,P1,56000,23000,40000,23000,37,0,1
5793,P2,19000,64000,11000,40000,84,0,0
5794,Stalemate,33000,40000,25000,32000,112,1,0
5795,Stalemate,17000,29000,9000,21000,112,1,0
5796,P1,64000,11000,40000,3000,71,0,0
5797,Stalemate,34000,46000,30000,34000,112,1,0
5798,P1,84000,21000,40000,21000,57,0,0
5799,P2,8000,60000,4000,40000,52,0,0
5800,P1,96000,23000,40000,23000,89,0,1
5801,P2,42000,68000,38000,40000,86,0,1
5802,Stalemate,32000,21000,20000,17000,112,1,0
5803,P1,68000,41000,40000,37000,85,0,0
5804,Stalemate,30000,43000,22000,35000,112,1,0
5805,Stalemate,28000,30000,24000,18000,112,1,1
5806,Stalemate,45000,25000,37000,17000,112,1,1
5807,Stalemate,47000,16000,39000,8000,112,1,0
5808,P2,38000,84000,38000,40000,92,0,1
5809,Stalemate,39000,51000,35000,39000,112,1,1
5810,P1,60000,25000,40000,13000,59,0,1
5811,Stalemate,37000,24000,25000,20000,112,1,0
5812,Stalemate,42000,46000,34000,38000,112,1,0
5813,Stalemate,37000,54000,37000,26000,112,1,1
5814,Stalemate,24000,37000,20000,25000,112,1,1
5815,P2,16000,60000,8000,40000,66,0,0
5816,P1,72000,32000,40000,24000,87,0,1
5817,Stalemate,49000,23000,37000,19000,112,1,1
5818,Stalemate,41000,41000,37000,29000,112,1,0
5819,Stalemate,60000,30000,32000,30000,112,1,1
5820,Stalemate,51000,43000,39000,39000,112,1,0
5821,Stalemate,25000,22000,21000,10000,112,1,1
5822,P2,26000,56000,14000,40000,76,0,1
5823,Stalemate,46000,24000,38000,16000,112,1,0
5824,Stalemate,32000,8000,24000,0,112,1,0
5825,Stalemate,24000,14000,20000,2000,112,1,0
5826,P1,64000,11000,40000,11000,45,0,0
5827,P1,68000,18000,40000,14000,85,0,1
5828,P1,60000,18000,40000,14000,37,0,0
5829,P2,30000,72000,22000,40000,88,0,0
5830,P2,45000,56000,33000,40000,76,0,0
5831,Stalemate,34000,20000,30000,8000,112,1,0
5832,Stalemate,45000,11000,37000,3000,112,1,0
5833,Stalemate,18000,18000,10000,10000,112,1,1
5834,P1,60000,20000,40000,16000,31,0,0
5835,P1,64000,31000,40000,11000,86,0,1
5836,P1,64000,22000,40000,14000,73,0,0
5837,P1,56000,25000,40000,17000,75,0,0
5838,Stalemate,33000,40000,25000,32000,112,1,1
5839,Stalemate,28000,30000,24000,18000,112,1,1
5840,Stalemate,49000,20000,37000,16000,112,1,1
5841,P2,23000,88000,15000,40000,100,0,0
5842,P2,33000,64000,25000,40000,82,0,1
5843,P2,7000,84000,7000,40000,80,0,0
5844,P1,60000,19000,40000,11000,87,0,0
5845,P2,27000,84000,27000,40000,98,0,0
5846,P1,68000,9000,40000,9000,61,0,0
5847,Stalemate,47000,44000,39000,36000,112,1,1
5848,Stalemate,51000,42000,39000,38000,112,1,0
5849,P2,21000,64000,13000,40000,68,0,0
5850,Stalemate,41000,31000,33000,23000,112,1,0
5851,Stalemate,50000,43000,38000,39000,112,1,0
5852,Stalemate,51000,14000,39000,10000,112,1,0
5853,Stalemate,35000,16000,27000,8000,112,1,0
5854,P2,23000,64000,15000,40000,98,0,0
5855,Stalemate,37000,34000,29000,26000,112,1,0
5856,P1,68000,36000,40000,32000,79,0,1
5857,Stalemate,37000,29000,33000,17000,112,1,1
5858,Stalemate,54000,31000,34000,23000,111,1,1
5859,Stalemate,51000,22000,39000,18000,112,1,0
5860,P2,10000,68000,10000,40000,72,0,0
5861,P1,64000,30000,40000,22000,81,0,0
5862,P2,35000,60000,27000,40000,58,0,0
5863,P1,68000,26000,40000,26000,73,0,0
5864,Stalemate,12000,55000,12000,27000,112,1,1
5865,Stalemate,35000,20000,27000,12000,112,1,0
5866,P1,60000,6000,40000,2000,71,0,1
5867,Stalemate,13000,39000,9000,27000,112,1,0
5868,Stalemate,51000,38000,39000,22000,111,1,1
5869,P1,64000,33000,40000,25000,97,0,0
5870,Stalemate,31000,45000,23000,37000,112,1,1
5871,Stalemate,51000,38000,39000,34000,112,1,0
5872,P1,80000,19000,40000,15000,101,0,0
5873,P2,31000,68000,31000,40000,78,0,0
5874,P1,60000,23000,40000,11000,89,0,1
5875,P1,64000,35000,40000,27000,91,0,1
5876,Stalemate,12000,35000,8000,23000,112,1,0
5877,Stalemate,29000,30000,17000,26000,112,1,0
5878,Stalemate,26000,26000,22000,14000,112,1,0
5879,Stalemate,25000,47000,21000,35000,112,1,0
5880,Stalemate,50000,19000,38000,15000,112,1,0
5881,Stalemate,48000,36000,36000,32000,112,1,0
5882,Stalemate,41000,33000,13000,33000,112,1,0
5883,P1,60000,24000,40000,20000,79,0,0
5884,Stalemate,12000,24000,8000,12000,112,1,1
5885,Stalemate,45000,35000,37000,27000,112,1,1
5886,Stalemate,45000,47000,37000,39000,112,1,1
5887,Stalemate,15000,43000,7000,35000,112,1,0
5888,Stalemate,14000,43000,6000,35000,112,1,1
5889,Stalemate,20000,67000,20000,39000,112,1,0
5890,P1,64000,19000,40000,19000,71,0,0
5891,Stalemate,26000,41000,22000,29000,112,1,0
5892,Stalemate,42000,34000,38000,22000,112,1,1
5893,Stalemate,22000,19000,10000,15000,112,1,1
5894,Stalemate,18000,43000,10000,35000,112,1,0
5895,P1,60000,26000,40000,22000,33,0,0
5896,P1,60000,27000,40000,19000,83,0,0
5897,P2,23000,76000,15000,40000,62,0,0
5898,P2,20000,64000,16000,40000,84,0,0
5899,Stalemate,47000,43000,35000,39000,112,1,0
5900,Stalemate,25000,37000,17000,29000,112,1,1
5901,Stalemate,33000,44000,25000,36000,112,1,0
5902,Stalemate,30000,51000,26000,39000,112,1,0
5903,P2,10000,76000,2000,40000,88,0,0
5904,P2,39000,64000,31000,40000,76,0,0
5905,P1,60000,11000,40000,7000,77,0,0
5906,P2,41000,60000,29000,40000,94,0,0
5907,P1,64000,14000,40000,10000,83,0,1
5908,Stalemate,50000,3000,22000,3000,112,1,0
5909,P2,37000,64000,33000,40000,82,0,0
5910,P2,20000,68000,16000,40000,70,0,0
5911,Stalemate,38000,16000,30000,8000,112,1,0
5912,P2,45000,60000,33000,40000,76,0,0
5913,Stalemate,28000,67000,28000,39000,112,1,1
5914,Stalemate,46000,35000,18000,35000,112,1,0
5915,P1,60000,15000,40000,7000,73,0,0
5916,Stalemate,29000,37000,21000,29000,112,1,0
5917,Stalemate,15000,42000,7000,34000,112,1,0
5918,Stalemate,26000,31000,22000,19000,112,1,0
5919,Stalemate,31000,14000,23000,6000,112,1,0
5920,P1,84000,15000,40000,15000,59,0,0
5921,Stalemate,17000,43000,13000,31000,112,1,0
5922,Stalemate,33000,51000,29000,39000,112,1,0
5923,Stalemate,25000,65000,25000,37000,112,1,0
5924,Stalemate,45000,47000,37000,39000,112,1,0
5925,P2,5000,60000,1000,40000,40,0,0
5926,Stalemate,31000,61000,31000,33000,112,1,0
5927,P1,76000,10000,40000,6000,71,0,1
5928,Stalemate,38000,45000,30000,37000,112,1,0
5929,P1,76000,37000,40000,37000,79,0,1
5930,P1,76000,35000,40000,27000,93,0,0
5931,P1,68000,14000,40000,10000,75,0,1
5932,Stalemate,15000,34000,7000,26000,112,1,0
5933,P2,8000,92000,0,40000,68,0,1
5934,Stalemate,5000,41000,1000,29000,112,1,1
5935,Stalemate,28000,40000,24000,28000,112,1,0
5936,Stalemate,47000,27000,39000,19000,112,1,1
5937,P1,64000,7000,40000,7000,59,0,0
5938,Stalemate,36000,55000,24000,39000,111,1,0
5939,Stalemate,46000,27000,34000,23000,112,1,0
5940,P2,30000,84000,30000,40000,98,0,0
5941,P2,6000,80000,2000,40000,98,0,0
5942,P2,21000,64000,21000,40000,56,0,0
5943,Stalemate,42000,39000,34000,31000,112,1,0
5944,P2,29000,64000,21000,40000,38,0,0
5945,Stalemate,20000,14000,12000,6000,112,1,1
5946,P2,36000,60000,24000,40000,86,0,0
5947,Stalemate,38000,34000,34000,22000,112,1,0
5948,P1,72000,19000,40000,7000,101,0,0
5949,Stalemate,50000,40000,38000,36000,112,1,0
5950,P2,22000,80000,18000,40000,100,0,0
5951,Stalemate,11000,32000,7000,20000,112,1,0
5952,P1,64000,23000,40000,19000,71,0,0
5953,P1,72000,12000,40000,12000,47,0,0
5954,P2,34000,60000,22000,40000,88,0,0
5955,Stalemate,19000,47000,11000,39000,112,1,0
5956,Stalemate,17000,38000,9000,30000,112,1,0
5957,Stalemate,46000,25000,34000,21000,112,1,0
5958,Stalemate,45000,13000,37000,5000,112,1,0
5959,Stalemate,37000,20000,29000,12000,112,1,0
5960,P2,4000,88000,0,40000,80,0,0
5961,P1,64000,24000,40000,24000,77,0,1
5962,Stalemate,27000,46000,19000,38000,112,1,0
5963,Stalemate,16000,8000,8000,0,112,1,0
5964,Stalemate,38000,43000,30000,35000,112,1,0
5965,Stalemate,33000,46000,25000,38000,112,1,0
5966,P2,26000,64000,18000,40000,86,0,0
5967,P1,72000,21000,40000,9000,79,0,0
5968,P2,47000,64000,39000,40000,82,0,0
5969,Stalemate,35000,47000,27000,39000,112,1,1
5970,Stalemate,47000,28000,39000,20000,112,1,1
5971,P1,60000,8000,40000,4000,53,0,1
5972,P2,22000,60000,18000,40000,72,0,0
5973,P2,36000,64000,28000,40000,82,0,0
5974,Stalemate,39000,19000,31000,11000,112,1,0
5975,P1,68000,42000,40000,38000,79,0,0
5976,Stalemate,47000,38000,39000,30000,112,1,0
5977,P2,47000,56000,39000,40000,78,0,0
5978,P2,21000,80000,17000,40000,92,0,0
5979,Stalemate,61000,38000,33000,38000,112,1,0
5980,Stalemate,59000,39000,31000,39000,112,1,0
5981,Stalemate,43000,38000,39000,26000,112,1,0
5982,P2,35000,76000,31000,40000,58,0,0
5983,P1,60000,8000,40000,4000,33,0,0
5984,P1,80000,12000,40000,8000,99,0,0
5985,Stalemate,30000,38000,26000,26000,112,1,1
5986,P1,68000,40000,40000,36000,87,0,0
5987,Stalemate,28000,51000,24000,39000,112,1,0
5988,P2,30000,60000,22000,40000,88,0,1
5989,P1,64000,36000,40000,28000,99,0,0
5990,P1,68000,23000,40000,19000,63,0,0
5991,P1,64000,27000,40000,19000,97,0,0
5992,Stalemate,46000,41000,38000,33000,112,1,0
5993,Stalemate,35000,49000,31000,37000,112,1,0
5994,P1,64000,23000,40000,15000,95,0,0
5995,P2,29000,64000,21000,40000,96,0,0
5996,P2,34000,56000,26000,40000,74,0,0
5997,P2,13000,68000,13000,40000,56,0,1
5998,Stalemate,4000,27000,0,15000,112,1,1
5999,Stalemate,55000,38000,27000,38000,112,1,0
6000,P1,64000,47000,40000,39000,99,0,0
6001,Stalemate,29000,28000,21000,20000,112,1,0
6002,P1,64000,20000,40000,16000,53,0,0
6003,Stalemate,38000,58000,38000,30000,112,1,1
6004,P1,60000,30000,40000,22000,67,0,0
6005,P1,64000,26000,40000,22000,47,0,1
6006,Stalemate,44000,42000,36000,34000,112,1,0
6007,P2,30000,64000,26000,40000,92,0,0
6008,Stalemate,43000,31000,31000,27000,112,1,0
6009,P1,60000,34000,40000,22000,43,0,0
6010,P2,26000,68000,26000,40000,72,0,1
6011,P1,64000,12000,40000,8000,97,0,0
6012,Stalemate,21000,51000,17000,39000,112,1,0
6013,Stalemate,43000,30000,39000,18000,112,1,0
6014,P1,84000,4000,40000,0,57,0,1
6015,Stalemate,12000,63000,12000,35000,112,1,0
6016,Stalemate,61000,26000,33000,26000,112,1,0
6017,Stalemate,23000,24000,15000,16000,112,1,0
6018,Stalemate,40000,42000,36000,30000,112,1,0
6019,P2,16000,64000,12000,40000,80,0,1
6020,P2,36000,68000,32000,40000,78,0,0
6021,Stalemate,12000,47000,4000,39000,112,1,1
6022,Stalemate,38000,43000,34000,31000,112,1,0
6023,Stalemate,40000,50000,36000,38000,112,1,0
6024,P1,68000,41000,40000,37000,83,0,0
6025,Stalemate,39000,27000,31000,19000,112,1,0
6026,Stalemate,47000,43000,39000,35000,112,1,0
6027,Stalemate,50000,15000,38000,11000,112,1,1
6028,P2,8000,76000,4000,40000,82,0,0
6029,Stalemate,43000,24000,39000,12000,112,1,0
6030,Stalemate,17000,40000,5000,36000,112,1,0
6031,Stalemate,11000,13000,3000,5000,112,1,1
6032,P2,26000,68000,22000,40000,76,0,0
6033,P2,37000,60000,25000,40000,84,0,0
6034,P1,68000,34000,40000,30000,97,0,0
6035,P2,41000,60000,37000,40000,76,0,0
6036,Stalemate,33000,27000,25000,19000,112,1,1
6037,Stalemate,18000,49000,14000,37000,112,1,0
6038,P1,60000,32000,40000,20000,89,0,0
6039,P1,64000,19000,40000,11000,93,0,1
6040,P2,45000,64000,37000,40000,92,0,0
6041,Stalemate,47000,38000,39000,30000,112,1,1
6042,Stalemate,36000,45000,28000,37000,112,1,0
6043,P2,44000,64000,36000,40000,78,0,0
6044,P2,21000,76000,13000,40000,72,0,0
6045,P1,76000,30000,40000,22000,89,0,0
6046,Stalemate,31000,44000,27000,32000,112,1,0
6047,P1,68000,42000,40000,38000,87,0,0
6048,Stalemate,39000,42000,31000,34000,112,1,0
6049,P2,40000,56000,28000,40000,60,0,0
6050,Stalemate,62000,38000,34000,38000,112,1,0
6051,Stalemate,47000,27000,19000,27000,112,1,0
6052,Stalemate,28000,51000,24000,39000,112,1,1
6053,P1,64000,47000,40000,39000,89,0,0
6054,Stalemate,8000,39000,0,31000,112,1,1
6055,P1,84000,20000,40000,20000,73,0,0
6056,Stalemate,44000,13000,32000,9000,112,1,1
6057,Stalemate,40000,37000,32000,29000,112,1,0
6058,P1,64000,24000,40000,16000,43,0,0
6059,P2,24000,64000,24000,40000,78,0,1
6060,Stalemate,29000,36000,21000,28000,112,1,0
6061,Stalemate,64000,34000,36000,34000,112,1,0
6062,P2,18000,80000,14000,40000,98,0,0
6063,P1,64000,34000,40000,26000,89,0,0
6064,Stalemate,51000,23000,39000,19000,112,1,0
6065,P1,64000,25000,40000,21000,45,0,0
6066,Stalemate,17000,44000,13000,32000,112,1,0
6067,P2,28000,60000,16000,40000,80,0,0
6068,Stalemate,47000,46000,39000,38000,112,1,1
6069,P1,76000,26000,40000,18000,67,0,0
6070,P2,7000,84000,7000,40000,72,0,1
6071,P2,3000,84000,3000,40000,58,0,0
6072,Stalemate,32000,28000,24000,20000,112,1,0
6073,P1,60000,36000,40000,24000,97,0,0
6074,P1,60000,20000,40000,12000,69,0,0
6075,Stalemate,49000,32000,37000,28000,112,1,0
6076,Stalemate,43000,31000,39000,19000,112,1,0
6077,Stalemate,51000,29000,23000,29000,112,1,0
6078,P2,8000,68000,8000,40000,38,0,0
6079,Stalemate,34000,29000,22000,25000,112,1,0
6080,Stalemate,28000,6000,16000,2000,112,1,0
6081,Stalemate,12000,28000,0,24000,112,1,1
6082,P2,32000,68000,28000,40000,96,0,0
6083,P1,60000,23000,40000,11000,95,0,0
6084,P2,47000,76000,39000,40000,76,0,0
6085,P1,60000,23000,40000,19000,43,0,1
6086,P2,11000,76000,7000,40000,80,0,0
6087,P1,64000,23000,40000,23000,87,0,0
6088,P2,18000,60000,6000,40000,86,0,0
6089,Stalemate,42000,23000,38000,11000,112,1,0
6090,P2,42000,60000,34000,40000,76,0,1
6091,Stalemate,39000,51000,35000,39000,112,1,0
6092,Stalemate,20000,20000,16000,8000,112,1,1
6093,Stalemate,47000,47000,39000,39000,112,1,0
6094,P2,11000,64000,11000,40000,54,0,1
6095,Stalemate,14000,67000,14000,39000,112,1,0
6096,P2,17000,64000,13000,40000,66,0,0
6097,P1,68000,19000,40000,19000,53,0,0
6098,P1,64000,20000,40000,20000,53,0,0
6099,P1,84000,14000,40000,14000,69,0,1
6100,Stalemate,37000,27000,33000,15000,112,1,0
6101,P2,32000,60000,24000,40000,70,0,0
6102,P2,40000,68000,36000,40000,64,0,0
6103,P2,37000,68000,33000,40000,68,0,1
6104,Stalemate,22000,52000,14000,32000,111,1,0
6105,P2,34000,68000,30000,40000,82,0,0
6106,P1,76000,24000,40000,16000,93,0,0
6107,Stalemate,21000,32000,17000,20000,112,1,0
6108,Stalemate,67000,33000,39000,33000,112,1,0
6109,P1,68000,12000,40000,12000,47,0,1
6110,P2,27000,60000,15000,40000,92,0,0
6111,Stalemate,34000,39000,26000,31000,112,1,1
6112,Stalemate,43000,29000,31000,25000,112,1,0
6113,Stalemate,43000,47000,35000,39000,112,1,0
6114,Stalemate,45000,27000,37000,19000,112,1,0
6115,P1,76000,41000,40000,37000,75,0,0
6116,Stalemate,27000,43000,23000,31000,112,1,0
6117,P2,35000,60000,23000,40000,88,0,0
6118,Stalemate,41000,29000,37000,17000,112,1,0
6119,P2,22000,60000,18000,40000,62,0,0
6120,Stalemate,47000,44000,39000,36000,112,1,0
6121,Stalemate,33000,47000,25000,39000,112,1,0
6122,P1,56000,50000,40000,38000,69,0,0
6123,Stalemate,37000,23000,29000,15000,112,1,1
6124,Stalemate,36000,15000,28000,7000,112,1,0
6125,Stalemate,11000,49000,7000,37000,112,1,1
6126,P1,76000,18000,40000,14000,81,0,1
6127,Stalemate,21000,50000,17000,38000,112,1,0
6128,Stalemate,25000,41000,17000,33000,112,1,1
6129,Stalemate,17000,25000,9000,17000,112,1,1
6130,Stalemate,41000,21000,37000,9000,112,1,0
6131,P2,39000,60000,31000,40000,70,0,0
6132,Stalemate,30000,32000,22000,24000,112,1,0
6133,Stalemate,46000,15000,34000,11000,112,1,0
6134,P1,76000,24000,40000,20000,59,0,0
6135,Stalemate,36000,42000,24000,38000,112,1,0
6136,P2,7000,60000,7000,40000,74,0,0
6137,Stalemate,27000,47000,19000,39000,112,1,0
6138,Stalemate,22000,12000,14000,4000,112,1,1
6139,Stalemate,31000,51000,27000,39000,112,1,0
6140,Stalemate,46000,36000,38000,28000,112,1,0
6141,P2,28000,60000,20000,40000,64,0,1
6142,Stalemate,39000,23000,31000,15000,112,1,0
6143,P2,39000,64000,31000,40000,94,0,1
6144,P2,43000,60000,35000,40000,58,0,0
6145,Stalemate,36000,43000,24000,39000,112,1,0
6146,Stalemate,11000,64000,11000,36000,112,1,0
6147,P2,22000,64000,22000,40000,68,0,0
6148,Stalemate,41000,45000,33000,37000,112,1,0
6149,Stalemate,50000,23000,38000,19000,112,1,1
6150,P1,60000,30000,40000,18000,97,0,0
6151,Stalemate,17000,41000,9000,33000,112,1,0
6152,P1,60000,20000,40000,12000,51,0,0
6153,P1,76000,1000,40000,1000,69,0,0
6154,Stalemate,14000,41000,10000,29000,112,1,0
6155,P2,26000,64000,22000,40000,82,0,0
6156,P1,60000,32000,40000,32000,61,0,1
6157,Stalemate,50000,40000,38000,36000,112,1,1
6158,P2,13000,60000,9000,40000,34,0,0
6159,Stalemate,22000,47000,14000,39000,112,1,0
6160,P1,60000,27000,40000,15000,93,0,0
6161,Stalemate,51000,37000,39000,33000,112,1,0
6162,P1,64000,35000,40000,31000,65,0,0
6163,Stalemate,51000,35000,39000,31000,112,1,0
6164,P2,17000,56000,9000,40000,50,0,0
6165,Stalemate,60000,36000,32000,36000,112,1,0
6166,Stalemate,31000,27000,23000,19000,112,1,0
6167,Stalemate,51000,34000,39000,30000,112,1,0
6168,Stalemate,45000,34000,33000,30000,112,1,0
6169,P2,20000,64000,16000,40000,52,0,0
6170,Stalemate,30000,43000,22000,35000,112,1,0
6171,Stalemate,10000,25000,2000,17000,112,1,1
6172,P1,68000,29000,40000,25000,61,0,0
6173,P1,68000,15000,40000,11000,85,0,1
6174,P1,60000,24000,40000,20000,49,0,0
6175,Stalemate,31000,22000,23000,14000,112,1,1
6176,Stalemate,27000,46000,23000,34000,112,1,1
6177,Stalemate,39000,45000,35000,33000,112,1,1
6178,P2,23000,68000,19000,40000,92,0,1
6179,P2,32000,72000,24000,40000,60,0,1
6180,P1,80000,24000,40000,20000,79,0,0
6181,Stalemate,38000,38000,34000,26000,112,1,0
6182,P1,60000,32000,40000,24000,85,0,0
6183,Stalemate,30000,40000,22000,32000,112,1,0
6184,Stalemate,23000,48000,19000,36000,112,1,1
6185,P2,51000,60000,39000,40000,96,0,0
6186,Stalemate,15000,36000,11000,24000,112,1,1
6187,P2,17000,64000,9000,40000,98,0,0
6188,Stalemate,25000,43000,17000,35000,112,1,0
6189,P1,60000,14000,40000,10000,51,0,1
6190,P1,64000,37000,40000,29000,93,0,0
6191,Stalemate,39000,22000,31000,14000,112,1,1
6192,P2,20000,68000,16000,40000,84,0,0
6193,P2,34000,68000,34000,40000,78,0,0
6194,Stalemate,43000,48000,39000,36000,112,1,0
6195,Stalemate,49000,30000,37000,26000,112,1,0
6196,Stalemate,47000,17000,39000,9000,112,1,0
6197,Stalemate,37000,32000,33000,20000,112,1,1
6198,P2,13000,68000,13000,40000,36,0,0
6199,P2,24000,80000,20000,40000,82,0,1
6200,Stalemate,42000,41000,30000,37000,112,1,0
6201,Stalemate,9000,35000,5000,23000,112,1,0
6202,Stalemate,28000,40000,20000,32000,112,1,0
6203,P1,84000,0,40000,0,67,0,1
6204,Stalemate,35000,40000,27000,32000,112,1,0
6205,P1,60000,17000,40000,9000,39,0,0
6206,Stalemate,42000,46000,34000,38000,112,1,0
6207,P2,19000,68000,15000,40000,62,0,0
6208,Stalemate,46000,27000,38000,19000,112,1,1
6209,P2,21000,60000,9000,40000,46,0,0
6210,Stalemate,43000,38000,39000,26000,112,1,0
6211,Stalemate,43000,45000,35000,37000,112,1,0
6212,Stalemate,36000,29000,32000,17000,112,1,0
6213,P2,40000,56000,32000,40000,66,0,1
6214,Stalemate,45000,26000,37000,18000,112,1,1
6215,Stalemate,14000,67000,14000,39000,112,1,0
6216,P1,60000,13000,40000,9000,93,0,1
6217,P1,64000,17000,40000,9000,83,0,0
6218,Stalemate,45000,36000,33000,32000,112,1,0
6219,Stalemate,39000,9000,27000,5000,112,1,0
6220,Stalemate,46000,46000,38000,38000,112,1,1
6221,Stalemate,35000,45000,31000,33000,112,1,0
6222,Stalemate,36000,21000,28000,13000,112,1,0
6223,Stalemate,26000,51000,22000,39000,112,1,0
6224,P1,68000,9000,40000,9000,57,0,1
6225,Stalemate,38000,23000,34000,11000,112,1,0
6226,P2,19000,84000,19000,40000,80,0,0
6227,Stalemate,21000,37000,13000,29000,112,1,0
6228,P1,60000,45000,40000,37000,97,0,0
6229,P2,35000,64000,35000,40000,56,0,0
6230,Stalemate,34000,8000,22000,4000,112,1,0
6231,P2,47000,64000,39000,40000,88,0,0
6232,P2,36000,64000,32000,40000,64,0,1
6233,P2,25000,76000,21000,40000,76,0,0
6234,Stalemate,28000,44000,24000,32000,112,1,0
6235,Stalemate,59000,26000,31000,26000,112,1,1
6236,Stalemate,23000,27000,11000,23000,112,1,0
6237,P1,88000,0,40000,0,59,0,1
6238,Stalemate,21000,47000,17000,35000,112,1,0
6239,Stalemate,27000,36000,19000,28000,112,1,0
6240,P2,14000,64000,10000,40000,48,0,0
6241,P2,21000,64000,13000,40000,78,0,0
6242,P2,21000,64000,17000,40000,36,0,0
6243,P1,64000,8000,40000,8000,65,0,0
6244,P1,60000,28000,40000,20000,57,0,0
6245,P1,64000,22000,40000,18000,77,0,0
6246,Stalemate,39000,42000,27000,38000,112,1,0
6247,P1,68000,15000,40000,11000,95,0,1
6248,Stalemate,24000,36000,16000,28000,112,1,0
6249,P2,29000,64000,25000,40000,74,0,0
6250,P2,0,84000,0,40000,54,0,1
6251,Stalemate,16000,42000,12000,30000,112,1,0
6252,Stalemate,22000,38000,18000,26000,112,1,0
6253,Stalemate,24000,21000,16000,13000,112,1,0
6254,P2,23000,72000,11000,40000,99,0,0
6255,P1,60000,50000,40000,38000,95,0,1
6256,P1,64000,18000,40000,14000,63,0,1
6257,Stalemate,20000,25000,16000,13000,112,1,0
6258,P2,15000,60000,11000,40000,62,0,0
6259,Stalemate,50000,24000,38000,20000,112,1,0
6260,Stalemate,38000,27000,10000,27000,112,1,0
6261,Stalemate,18000,51000,14000,39000,112,1,1
6262,P1,56000,67000,40000,39000,87,0,0
6263,P1,64000,25000,40000,17000,93,0,1
6264,Stalemate,21000,17000,13000,9000,112,1,0
6265,P1,60000,28000,40000,24000,91,0,0
6266,P1,76000,14000,40000,6000,87,0,0
6267,P2,8000,80000,0,40000,76,0,1
6268,P1,64000,24000,40000,24000,53,0,0
6269,Stalemate,44000,38000,32000,34000,112,1,0
6270,Stalemate,50000,39000,38000,35000,112,1,1
6271,Stalemate,19000,47000,15000,35000,112,1,1
6272,P2,25000,96000,25000,40000,100,0,1
6273,Stalemate,32000,37000,24000,29000,112,1,1
6274,P2,8000,68000,4000,40000,92,0,1
6275,P1,64000,14000,40000,6000,65,0,0
6276,Stalemate,28000,30000,20000,22000,112,1,0
6277,Stalemate,43000,27000,39000,15000,112,1,1
6278,Stalemate,25000,44000,17000,36000,112,1,0
6279,Stalemate,6000,67000,6000,39000,112,1,1
6280,P2,5000,76000,1000,40000,44,0,0
6281,Stalemate,22000,27000,10000,23000,112,1,1
6282,Stalemate,16000,23000,8000,3000,111,1,0
6283,Stalemate,39000,60000,39000,32000,112,1,0
6284,P1,80000,35000,40000,31000,99,0,0
6285,Stalemate,26000,21000,22000,9000,112,1,1
6286,Stalemate,25000,22000,17000,14000,112,1,0
6287,P1,64000,14000,40000,14000,47,0,0
6288,Stalemate,43000,31000,39000,19000,112,1,1
6289,P2,27000,76000,19000,40000,88,0,0
6290,P1,64000,31000,40000,31000,83,0,0
6291,Stalemate,45000,20000,33000,16000,112,1,0
6292,Stalemate,50000,23000,38000,19000,112,1,1
6293,Stalemate,33000,20000,25000,12000,112,1,0
6294,Stalemate,18000,39000,10000,31000,112,1,0
6295,Stalemate,23000,42000,15000,34000,112,1,0
6296,P1,76000,34000,40000,26000,63,0,0
6297,P2,29000,68000,29000,40000,74,0,0
6298,P2,26000,68000,22000,40000,54,0,0
6299,Stalemate,28000,42000,20000,34000,112,1,0
6300,P1,64000,13000,40000,9000,89,0,1
6301,Stalemate,11000,42000,3000,34000,112,1,1
6302,Stalemate,50000,29000,38000,25000,112,1,0
6303,Stalemate,28000,46000,20000,38000,112,1,0
6304,Stalemate,45000,21000,37000,13000,112,1,0
6305,P2,10000,64000,2000,40000,90,0,0
6306,P2,33000,76000,29000,40000,69,0,0
6307,P2,42000,64000,34000,40000,98,0,0
6308,P1,60000,29000,40000,17000,57,0,0
6309,P1,60000,47000,40000,39000,97,0,0
6310,P2,9000,64000,5000,40000,90,0,0
6311,Stalemate,49000,43000,37000,39000,112,1,0
6312,P2,11000,64000,11000,40000,60,0,0
6313,P1,64000,16000,40000,16000,49,0,0
6314,P1,60000,18000,40000,10000,75,0,1
6315,P1,64000,20000,40000,12000,57,0,0
6316,Stalemate,47000,19000,39000,11000,112,1,0
6317,Stalemate,38000,29000,30000,21000,112,1,1
6318,P1,76000,17000,40000,9000,89,0,1
6319,P2,22000,64000,22000,40000,62,0,1
6320,P1,60000,45000,40000,37000,93,0,0
6321,Stalemate,24000,37000,16000,29000,112,1,0
6322,Stalemate,51000,27000,39000,23000,112,1,1
6323,P2,23000,60000,19000,40000,88,0,0
6324,Stalemate,8000,43000,0,35000,112,1,1
6325,P2,25000,80000,25000,40000,94,0,1
6326,P2,14000,60000,6000,40000,58,0,0
6327,P1,80000,31000,40000,27000,95,0,0
6328,Stalemate,38000,9000,30000,1000,112,1,0
6329,Stalemate,13000,28000,9000,16000,112,1,0
6330,P1,76000,15000,40000,11000,89,0,1
6331,P2,20000,64000,12000,40000,92,0,0
6332,Stalemate,39000,35000,31000,27000,112,1,1
6333,Stalemate,51000,20000,39000,16000,112,1,0
6334,Stalemate,13000,65000,13000,37000,112,1,0
6335,P2,31000,68000,27000,40000,96,0,0
6336,Stalemate,49000,42000,37000,38000,112,1,0
6337,P2,33000,68000,29000,40000,88,0,1
6338,P1,60000,41000,40000,29000,99,0,0
6339,Stalemate,67000,29000,39000,29000,112,1,0
6340,Stalemate,51000,37000,39000,33000,112,1,0
6341,Stalemate,36000,47000,28000,39000,112,1,0
6342,Stalemate,18000,32000,10000,24000,112,1,1
6343,Stalemate,38000,45000,30000,37000,112,1,0
6344,P1,64000,33000,40000,25000,65,0,0
6345,P1,68000,34000,40000,30000,95,0,1
6346,P1,68000,26000,40000,26000,91,0,0
6347,P1,64000,31000,40000,23000,79,0,0
6348,Stalemate,19000,24000,11000,16000,112,1,1
6349,Stalemate,24000,74000,24000,34000,111,1,1
6350,Stalemate,17000,67000,17000,39000,112,1,1
6351,Stalemate,28000,43000,20000,35000,112,1,0
6352,Stalemate,20000,51000,16000,39000,112,1,0
6353,Stalemate,39000,46000,31000,38000,112,1,0
6354,Stalemate,42000,27000,38000,15000,112,1,0
6355,Stalemate,17000,47000,9000,39000,112,1,1
6356,Stalemate,43000,11000,35000,3000,112,1,0
6357,Stalemate,50000,15000,38000,11000,112,1,0
6358,P1,68000,14000,40000,14000,65,0,0
6359,Stalemate,41000,28000,29000,24000,112,1,1
6360,P2,39000,60000,27000,40000,98,0,0
6361,Stalemate,28000,42000,16000,38000,112,1,1
6362,Stalemate,38000,67000,38000,39000,112,1,0
6363,Stalemate,43000,20000,31000,16000,112,1,0
6364,P1,60000,50000,40000,38000,91,0,0
6365,Stalemate,21000,50000,17000,38000,112,1,0
6366,P1,72000,39000,40000,27000,89,0,0
6367,Stalemate,37000,51000,37000,23000,112,1,0
6368,Stalemate,43000,12000,31000,8000,112,1,0
6369,P2,27000,76000,19000,40000,52,0,0
6370,Stalemate,66000,11000,38000,11000,112,1,1
6371,P1,56000,51000,40000,39000,85,0,0
6372,Stalemate,34000,31000,30000,19000,112,1,0
6373,P1,60000,15000,40000,7000,55,0,0
6374,P2,3000,60000,3000,40000,40,0,1
6375,P1,64000,22000,40000,14000,99,0,0
6376,Stalemate,40000,4000,28000,0,112,1,1
6377,Stalemate,21000,45000,17000,33000,112,1,0
6378,P2,46000,76000,38000,40000,100,0,0
6379,Stalemate,51000,37000,39000,33000,112,1,0
6380,P1,64000,33000,40000,29000,89,0,1
6381,P2,18000,84000,18000,40000,82,0,0
6382,Stalemate,37000,40000,33000,28000,112,1,0
6383,P1,56000,38000,40000,30000,85,0,0
6384,Stalemate,5000,67000,5000,39000,112,1,1
6385,P1,64000,16000,40000,12000,59,0,1
6386,Stalemate,47000,36000,39000,28000,112,1,0
6387,P1,60000,25000,40000,25000,47,0,0
6388,Stalemate,21000,12000,17000,0,112,1,1
6389,Stalemate,47000,47000,39000,39000,112,1,0
6390,Stalemate,36000,26000,28000,18000,112,1,1
6391,Stalemate,34000,44000,26000,36000,112,1,0
6392,Stalemate,47000,31000,39000,23000,112,1,0
6393,Stalemate,39000,44000,35000,32000,112,1,1
6394,Stalemate,32000,43000,20000,39000,112,1,0
6395,Stalemate,47000,14000,39000,6000,112,1,1
6396,Stalemate,41000,9000,29000,5000,112,1,1
6397,Stalemate,27000,43000,23000,31000,112,1,0
6398,Stalemate,55000,20000,27000,20000,112,1,0
6399,Stalemate,25000,8000,17000,0,112,1,1
6400,Stalemate,36000,41000,28000,33000,112,1,1
6401,P1,64000,28000,40000,20000,85,0,0
6402,Stalemate,29000,33000,17000,29000,112,1,1
6403,P2,6000,84000,6000,40000,96,0,0
6404,P2,35000,64000,35000,40000,72,0,0
6405,P1,84000,4000,40000,0,49,0,0
6406,P1,68000,1000,40000,1000,63,0,1
6407,Stalemate,18000,16000,14000,4000,112,1,0
6408,Stalemate,36000,19000,24000,15000,112,1,1
6409,Stalemate,33000,30000,25000,22000,112,1,0
6410,P1,68000,28000,40000,24000,93,0,0
6411,Stalemate,26000,27000,14000,23000,112,1,0
6412,Stalemate,47000,35000,39000,27000,112,1,0
6413,Stalemate,34000,49000,30000,37000,112,1,0
6414,Stalemate,26000,45000,18000,37000,112,1,0
6415,P1,64000,7000,40000,7000,75,0,0
6416,P2,33000,80000,29000,40000,100,0,1
6417,P1,64000,12000,40000,12000,53,0,1
6418,P1,68000,6000,40000,2000,93,0,1
6419,P2,38000,60000,26000,40000,56,0,1
6420,Stalemate,46000,46000,38000,38000,112,1,1
6421,P2,22000,64000,14000,40000,90,0,0
6422,P2,15000,76000,7000,40000,100,0,0
6423,Stalemate,31000,26000,23000,18000,112,1,1
6424,Stalemate,33000,18000,25000,10000,112,1,0
6425,P2,0,80000,0,40000,56,0,1
6426,P2,16000,72000,4000,40000,90,0,0
6427,Stalemate,36000,32000,28000,24000,112,1,1
6428,Stalemate,29000,37000,25000,25000,112,1,1
6429,P2,43000,80000,39000,40000,100,0,0
6430,Stalemate,25000,49000,25000,21000,112,1,0
6431,P1,68000,14000,40000,10000,95,0,0
6432,Stalemate,31000,36000,23000,28000,112,1,0
6433,P1,60000,19000,40000,11000,75,0,1
6434,P2,1000,60000,1000,40000,58,0,1
6435,Stalemate,46000,33000,34000,29000,112,1,0
6436,Stalemate,32000,30000,28000,18000,112,1,0
6437,P1,68000,23000,40000,19000,73,0,1
6438,Stalemate,40000,33000,32000,25000,112,1,1
6439,P2,17000,64000,17000,40000,62,0,0
6440,P2,14000,64000,14000,40000,70,0,0
6441,P1,84000,20000,40000,20000,89,0,1
6442,Stalemate,39000,34000,27000,30000,112,1,1
6443,P2,33000,60000,29000,40000,74,0,0
6444,Stalemate,10000,50000,6000,38000,112,1,0
6445,P2,7000,68000,3000,40000,86,0,0
6446,P1,60000,40000,40000,36000,77,0,0
6447,P2,46000,76000,38000,40000,86,0,0
6448,Stalemate,49000,26000,37000,22000,112,1,0
6449,Stalemate,42000,31000,34000,23000,112,1,1
6450,Stalemate,43000,45000,39000,33000,112,1,0
6451,Stalemate,39000,64000,39000,36000,112,1,0
6452,P1,68000,36000,40000,32000,73,0,0
6453,P1,60000,39000,40000,31000,79,0,0
6454,P1,64000,6000,40000,6000,57,0,0
6455,P2,35000,76000,27000,40000,102,0,0
6456,P2,8000,80000,0,40000,50,0,1
6457,P2,16000,68000,12000,40000,96,0,0
6458,P1,64000,38000,40000,30000,77,0,0
6459,P2,35000,60000,31000,40000,64,0,0
6460,Stalemate,25000,30000,13000,26000,112,1,0
6461,Stalemate,4000,48000,0,36000,112,1,0
6462,P1,60000,3000,40000,3000,63,0,1
6463,P1,60000,18000,40000,10000,89,0,1
6464,Stalemate,24000,59000,16000,39000,111,1,1
6465,P2,18000,84000,18000,40000,96,0,0
6466,P1,64000,31000,40000,23000,97,0,1
6467,P1,84000,15000,40000,15000,99,0,1
6468,Stalemate,22000,41000,14000,33000,112,1,1
6469,P2,14000,60000,10000,40000,66,0,0
6470,P2,21000,64000,13000,40000,80,0,1
6471,P2,45000,76000,37000,40000,84,0,0
6472,P1,60000,29000,40000,25000,53,0,0
6473,Stalemate,23000,64000,23000,36000,112,1,0
6474,P1,68000,31000,40000,27000,53,0,0
6475,Stalemate,51000,33000,39000,29000,112,1,0
6476,P1,64000,26000,40000,18000,91,0,0
6477,Stalemate,40000,31000,32000,23000,112,1,0
6478,Stalemate,46000,33000,34000,29000,112,1,0
6479,P2,18000,64000,10000,40000,56,0,1
6480,P1,68000,21000,40000,17000,59,0,0
6481,Stalemate,28000,44000,24000,32000,112,1,0
6482,Stalemate,35000,41000,23000,37000,112,1,0
6483,Stalemate,37000,16000,33000,4000,112,1,0
6484,P2,39000,68000,39000,40000,94,0,1
6485,P1,80000,19000,40000,19000,93,0,1
6486,P2,15000,84000,15000,40000,80,0,1
6487,P2,10000,68000,6000,40000,92,0,0
6488,P1,64000,33000,40000,25000,83,0,0
6489,P1,84000,8000,40000,0,99,0,1
6490,P1,64000,6000,40000,6000,63,0,1
6491,P1,64000,30000,40000,30000,75,0,0
6492,P2,19000,68000,15000,40000,94,0,0
6493,Stalemate,26000,21000,18000,13000,112,1,0
6494,Stalemate,18000,27000,10000,19000,112,1,1
6495,Stalemate,28000,30000,20000,22000,112,1,0
6496,P2,14000,60000,14000,40000,34,0,1
6497,P2,32000,60000,24000,40000,68,0,0
6498,Stalemate,50000,9000,38000,5000,112,1,0
6499,P1,60000,29000,40000,21000,91,0,1
6500,Stalemate,20000,19000,16000,7000,112,1,1
6501,P2,28000,68000,24000,40000,98,0,0
6502,Stalemate,33000,36000,25000,28000,112,1,0
6503,P2,14000,64000,14000,40000,44,0,0
6504,Stalemate,36000,47000,32000,35000,112,1,0
6505,Stalemate,30000,21000,22000,13000,112,1,0
6506,P1,84000,25000,40000,25000,67,0,0
6507,Stalemate,47000,30000,39000,22000,112,1,0
6508,Stalemate,39000,51000,35000,39000,112,1,0
6509,P2,30000,60000,22000,40000,54,0,0
6510,Stalemate,29000,47000,21000,39000,112,1,0
6511,P2,20000,68000,16000,40000,62,0,1
6512,P2,16000,68000,16000,40000,66,0,0
6513,P2,24000,76000,24000,40000,66,0,0
6514,Stalemate,33000,46000,29000,34000,112,1,0
6515,P1,68000,31000,40000,27000,99,0,0
6516,P1,60000,14000,40000,10000,49,0,0
6517,Stalemate,36000,25000,28000,17000,112,1,0
6518,P1,68000,19000,40000,15000,91,0,0
6519,P1,72000,13000,40000,1000,75,0,0
6520,P2,38000,76000,30000,40000,100,0,0
6521,Stalemate,37000,31000,29000,23000,112,1,0
6522,P1,76000,39000,40000,31000,85,0,0
6523,Stalemate,37000,33000,29000,25000,112,1,0
6524,Stalemate,37000,35000,33000,23000,112,1,0
6525,Stalemate,25000,51000,21000,39000,112,1,0
6526,Stalemate,12000,35000,0,31000,112,1,1
6527,Stalemate,25000,44000,21000,32000,112,1,1
6528,P2,27000,76000,23000,40000,48,0,1
6529,Stalemate,37000,28000,25000,24000,112,1,0
6530,Stalemate,33000,46000,29000,34000,112,1,0
6531,P1,60000,16000,40000,12000,41,0,1
6532,Stalemate,35000,31000,7000,31000,112,1,0
6533,Stalemate,28000,30000,24000,18000,112,1,0
6534,Stalemate,51000,25000,39000,21000,112,1,0
6535,Stalemate,50000,26000,38000,22000,112,1,1
6536,Stalemate,12000,42000,0,38000,112,1,0
6537,Stalemate,32000,34000,28000,22000,112,1,0
6538,Stalemate,46000,20000,34000,16000,112,1,1
6539,Stalemate,38000,21000,26000,17000,112,1,1
6540,P2,25000,76000,17000,40000,68,0,0
6541,Stalemate,16000,31000,8000,23000,112,1,1
6542,Stalemate,41000,44000,37000,32000,112,1,0
6543,Stalemate,42000,44000,34000,36000,112,1,0
6544,Stalemate,25000,38000,21000,26000,112,1,0
6545,Stalemate,45000,38000,33000,34000,112,1,0
6546,Stalemate,15000,42000,11000,30000,112,1,1
6547,Stalemate,23000,28000,15000,20000,112,1,1
6548,Stalemate,19000,48000,15000,36000,112,1,0
6549,P1,76000,25000,40000,17000,99,0,0
6550,P2,42000,76000,38000,40000,86,0,0
6551,P1,60000,19000,40000,7000,97,0,0
6552,P1,80000,27000,40000,23000,83,0,0
6553,Stalemate,46000,43000,34000,39000,112,1,0
6554,Stalemate,40000,17000,28000,13000,112,1,0
6555,Stalemate,33000,55000,33000,27000,112,1,0
6556,Stalemate,42000,15000,34000,7000,112,1,0
6557,P2,29000,68000,29000,40000,94,0,0
6558,P1,88000,12000,40000,0,93,0,1
6559,Stalemate,23000,24000,19000,12000,112,1,0
6560,Stalemate,50000,21000,22000,21000,112,1,0
6561,Stalemate,44000,19000,32000,15000,112,1,0
6562,P1,76000,36000,40000,28000,85,0,0
6563,Stalemate,34000,29000,30000,17000,112,1,1
6564,Stalemate,47000,46000,39000,38000,112,1,1
6565,P2,1000,72000,1000,40000,50,0,0
6566,P1,84000,17000,40000,17000,79,0,0
6567,P2,32000,72000,24000,40000,52,0,1
6568,P1,96000,25000,40000,25000,91,0,0
6569,Stalemate,51000,17000,39000,13000,112,1,0
6570,Stalemate,30000,47000,26000,35000,112,1,1
6571,P2,36000,76000,28000,40000,92,0,0
6572,P1,60000,22000,40000,18000,71,0,0
6573,P2,36000,60000,32000,40000,66,0,0
6574,P2,7000,80000,3000,40000,100,0,1
6575,Stalemate,16000,13000,12000,1000,112,1,0
6576,P2,18000,64000,18000,40000,40,0,0
6577,Stalemate,47000,24000,39000,16000,112,1,0
6578,P1,68000,14000,40000,14000,43,0,0
6579,Stalemate,47000,26000,39000,18000,112,1,0
6580,Stalemate,21000,46000,17000,34000,112,1,0
6581,Stalemate,12000,21000,8000,9000,112,1,0
6582,P2,32000,60000,32000,40000,32,0,1
6583,P1,68000,26000,40000,22000,29,0,0
6584,P2,12000,80000,8000,40000,90,0,1
6585,P1,64000,12000,40000,8000,79,0,0
6586,P2,28000,60000,24000,40000,32,0,0
6587,Stalemate,15000,35000,15000,7000,112,1,0
6588,Stalemate,51000,16000,23000,16000,112,1,0
6589,P2,28000,64000,20000,40000,94,0,1
6590,P1,76000,6000,40000,6000,83,0,0
6591,P1,64000,20000,40000,12000,85,0,0
6592,P2,15000,64000,15000,40000,46,0,0
6593,P2,37000,64000,33000,40000,50,0,0
6594,P2,17000,60000,17000,40000,54,0,0
6595,P1,60000,33000,40000,25000,81,0,1
6596,P1,60000,38000,40000,30000,85,0,0
6597,Stalemate,19000,33000,11000,25000,112,1,1
6598,P1,56000,34000,40000,22000,71,0,0
6599,P1,68000,11000,40000,11000,73,0,1
6600,Stalemate,33000,42000,21000,38000,112,1,0
6601,P2,13000,68000,9000,40000,70,0,1
6602,Stalemate,33000,31000,25000,23000,112,1,1
6603,Stalemate,67000,25000,39000,25000,112,1,0
6604,P2,8000,84000,8000,40000,98,0,0
6605,Stalemate,31000,50000,27000,38000,112,1,0
6606,P1,64000,45000,40000,37000,85,0,0
6607,P2,46000,56000,34000,40000,76,0,0
6608,Stalemate,40000,24000,32000,16000,112,1,0
6609,P1,64000,11000,40000,11000,21,0,0
6610,Stalemate,55000,14000,27000,14000,112,1,0
6611,Stalemate,23000,20000,19000,8000,112,1,0
6612,Stalemate,35000,20000,23000,16000,112,1,0
6613,P2,32000,68000,28000,40000,86,0,0
6614,Stalemate,45000,14000,33000,10000,112,1,0
6615,P2,18000,64000,18000,40000,84,0,0
6616,Stalemate,44000,34000,32000,30000,112,1,0
6617,Stalemate,47000,31000,39000,23000,112,1,1
6618,Stalemate,15000,39000,7000,31000,112,1,1
6619,Stalemate,51000,39000,39000,35000,112,1,0
6620,P1,64000,20000,40000,12000,93,0,0
6621,P1,64000,21000,40000,17000,85,0,1
6622,P2,6000,64000,2000,40000,96,0,1
6623,Stalemate,45000,39000,37000,31000,112,1,1
6624,P1,72000,44000,40000,32000,89,0,0
6625,Stalemate,24000,47000,16000,39000,112,1,0
6626,P2,45000,60000,33000,40000,82,0,0
6627,Stalemate,15000,45000,7000,37000,112,1,0
6628,Stalemate,24000,46000,16000,38000,112,1,0
6629,P2,22000,64000,18000,40000,76,0,0
6630,Stalemate,25000,30000,13000,26000,112,1,0
6631,Stalemate,25000,31000,17000,23000,112,1,0
6632,Stalemate,30000,22000,22000,14000,112,1,0
6633,P2,24000,60000,16000,40000,90,0,0
6634,Stalemate,37000,63000,37000,35000,112,1,0
6635,Stalemate,47000,35000,35000,31000,112,1,0
6636,Stalemate,35000,24000,27000,16000,112,1,0
6637,P2,20000,64000,12000,40000,84,0,0
6638,Stalemate,46000,15000,38000,7000,112,1,1
6639,P1,68000,12000,40000,12000,59,0,0
6640,P1,64000,23000,40000,19000,83,0,0
6641,Stalemate,34000,51000,30000,39000,112,1,0
6642,Stalemate,28000,45000,24000,33000,112,1,0
6643,P2,37000,72000,25000,40000,64,0,0
6644,Stalemate,38000,47000,30000,39000,112,1,0
6645,P1,68000,34000,40000,30000,81,0,0
6646,P1,60000,13000,40000,5000,49,0,0
6647,P2,14000,64000,10000,40000,72,0,0
6648,Stalemate,21000,16000,9000,12000,112,1,0
6649,Stalemate,9000,47000,5000,35000,112,1,1
6650,Stalemate,24000,32000,20000,20000,112,1,0
6651,P1,64000,30000,40000,26000,89,0,0
6652,P2,6000,64000,6000,40000,46,0,1
6653,Stalemate,47000,16000,39000,8000,112,1,0
6654,Stalemate,33000,66000,33000,38000,112,1,0
6655,P2,28000,64000,24000,40000,56,0,0
6656,Stalemate,27000,34000,15000,30000,112,1,0
6657,P1,56000,59000,40000,31000,87,0,0
6658,P2,32000,64000,32000,40000,74,0,0
6659,P1,64000,29000,40000,21000,85,0,1
6660,P1,64000,20000,40000,16000,39,0,0
6661,Stalemate,38000,42000,30000,34000,112,1,1
6662,Stalemate,10000,42000,6000,30000,112,1,0
6663,P1,64000,22000,40000,14000,93,0,0
6664,P1,60000,16000,40000,8000,47,0,1
6665,P2,25000,64000,17000,40000,74,0,0
6666,P1,64000,35000,40000,31000,83,0,0
6667,Stalemate,46000,22000,38000,14000,112,1,0
6668,P1,56000,45000,40000,17000,81,0,0
6669,P1,64000,38000,40000,30000,81,0,0
6670,Stalemate,34000,47000,26000,39000,112,1,0
6671,Stalemate,33000,35000,21000,31000,112,1,1
6672,P2,22000,64000,18000,40000,62,0,0
6673,P1,60000,50000,40000,38000,89,0,0
6674,Stalemate,41000,4000,29000,0,112,1,1
6675,P2,39000,60000,27000,40000,90,0,0
6676,P2,30000,72000,18000,40000,102,0,0
6677,P1,84000,29000,40000,29000,65,0,1
6678,Stalemate,46000,39000,38000,31000,112,1,0
6679,P2,27000,64000,23000,40000,96,0,1
6680,Stalemate,32000,21000,20000,17000,112,1,0
6681,Stalemate,31000,17000,23000,9000,112,1,1
6682,Stalemate,61000,25000,33000,25000,112,1,1
6683,Stalemate,35000,24000,23000,20000,112,1,0
6684,Stalemate,31000,22000,23000,14000,112,1,1
6685,P2,33000,64000,33000,40000,78,0,0
6686,P2,18000,64000,14000,40000,66,0,0
6687,Stalemate,47000,40000,39000,32000,112,1,0
6688,Stalemate,46000,19000,34000,15000,112,1,1
6689,Stalemate,38000,34000,34000,22000,112,1,0
6690,P2,34000,64000,26000,40000,90,0,0
6691,Stalemate,35000,38000,27000,30000,112,1,0
6692,P2,46000,72000,34000,40000,102,0,0
6693,P2,38000,64000,30000,40000,96,0,0
6694,Stalemate,18000,50000,14000,38000,112,1,1
6695,P2,18000,60000,18000,40000,64,0,1
6696,P2,38000,64000,30000,40000,98,0,0
6697,Stalemate,28000,51000,24000,39000,112,1,0
6698,Stalemate,22000,41000,22000,13000,112,1,0
6699,Stalemate,17000,25000,13000,13000,112,1,0
6700,Stalemate,26000,18000,14000,14000,112,1,1
6701,Stalemate,28000,39000,20000,31000,112,1,0
6702,Stalemate,37000,12000,25000,8000,112,1,0
6703,Stalemate,41000,41000,33000,33000,112,1,0
6704,P2,4000,84000,0,40000,66,0,0
6705,Stalemate,43000,22000,39000,10000,112,1,0
6706,P2,4000,68000,4000,40000,48,0,1
6707,Stalemate,36000,31000,24000,27000,112,1,0
6708,Stalemate,30000,14000,22000,6000,112,1,1
6709,Stalemate,64000,16000,36000,16000,112,1,0
6710,Stalemate,18000,17000,10000,9000,112,1,0
6711,Stalemate,46000,47000,38000,39000,112,1,0
6712,P1,68000,28000,40000,24000,91,0,0
6713,Stalemate,45000,47000,37000,39000,112,1,0
6714,P2,16000,68000,12000,40000,86,0,1
6715,P2,25000,68000,21000,40000,74,0,0
6716,Stalemate,22000,40000,10000,36000,112,1,1
6717,Stalemate,18000,38000,10000,30000,112,1,0
6718,Stalemate,24000,18000,12000,14000,112,1,1
6719,P1,68000,32000,40000,28000,83,0,0
6720,P2,18000,68000,14000,40000,86,0,0
6721,Stalemate,35000,26000,27000,18000,112,1,1
6722,Stalemate,41000,13000,33000,5000,112,1,1
6723,Stalemate,25000,47000,17000,39000,112,1,0
6724,P1,64000,10000,40000,2000,99,0,0
6725,P1,96000,18000,40000,18000,87,0,0
6726,Stalemate,15000,39000,11000,27000,112,1,1
6727,P2,40000,80000,36000,40000,94,0,0
6728,Stalemate,25000,48000,21000,36000,112,1,1
6729,Stalemate,30000,45000,22000,37000,112,1,0
6730,Stalemate,22000,41000,10000,37000,112,1,0
6731,P2,29000,68000,25000,40000,70,0,0
6732,Stalemate,29000,26000,21000,18000,112,1,0
6733,Stalemate,32000,51000,28000,39000,112,1,0
6734,Stalemate,49000,36000,37000,32000,112,1,1
6735,P1,80000,29000,40000,25000,95,0,1
6736,P1,64000,9000,40000,9000,49,0,0
6737,P1,56000,40000,40000,32000,91,0,0
6738,Stalemate,28000,34000,20000,26000,112,1,0
6739,Stalemate,29000,33000,25000,21000,112,1,0
6740,Stalemate,45000,41000,37000,33000,112,1,0
6741,P1,60000,48000,40000,36000,79,0,0
6742,Stalemate,19000,44000,11000,36000,112,1,1
6743,Stalemate,67000,5000,39000,5000,112,1,0
6744,Stalemate,45000,29000,33000,25000,112,1,0
6745,Stalemate,30000,17000,22000,9000,112,1,1
6746,P2,22000,76000,22000,40000,42,0,0
6747,P2,51000,60000,39000,40000,82,0,0
6748,Stalemate,37000,46000,29000,38000,112,1,0
6749,Stalemate,31000,27000,23000,19000,112,1,0
6750,P2,38000,96000,38000,40000,100,0,0
6751,Stalemate,32000,36000,24000,28000,112,1,1
6752,Stalemate,42000,19000,34000,11000,112,1,0
6753,P1,64000,25000,40000,25000,47,0,1
6754,P1,64000,25000,40000,17000,79,0,0
6755,Stalemate,18000,38000,10000,30000,112,1,0
6756,Stalemate,51000,30000,39000,26000,112,1,1
6757,P1,68000,15000,40000,15000,63,0,1
6758,P2,11000,64000,7000,40000,58,0,1
6759,P1,64000,24000,40000,16000,93,0,0
6760,Stalemate,39000,42000,31000,34000,112,1,0
6761,Stalemate,66000,20000,38000,20000,112,1,0
6762,P1,60000,27000,40000,19000,91,0,0
6763,P1,76000,21000,40000,17000,87,0,1
6764,P1,60000,36000,40000,28000,47,0,0
6765,Stalemate,28000,31000,20000,23000,112,1,0
6766,P1,64000,36000,40000,28000,97,0,1
6767,P2,18000,60000,6000,40000,68,0,0
6768,Stalemate,45000,9000,37000,1000,112,1,0
6769,Stalemate,31000,47000,23000,39000,112,1,0
6770,P1,60000,34000,40000,26000,87,0,0
6771,P2,36000,64000,28000,40000,84,0,0
6772,P1,68000,32000,40000,28000,91,0,1
6773,P2,20000,64000,16000,40000,58,0,0
6774,Stalemate,20000,45000,12000,37000,112,1,1
6775,P1,64000,36000,40000,28000,67,0,1
6776,P1,60000,22000,40000,14000,97,0,0
6777,P2,20000,76000,16000,40000,80,0,0
6778,P1,60000,34000,40000,22000,49,0,0
6779,Stalemate,30000,31000,18000,27000,112,1,0
6780,P1,68000,24000,40000,20000,65,0,1
6781,P1,84000,12000,40000,12000,81,0,0
6782,Stalemate,51000,19000,39000,15000,112,1,0
6783,P2,12000,72000,12000,40000,56,0,1
6784,P1,64000,18000,40000,14000,69,0,0
6785,Stalemate,33000,46000,29000,34000,112,1,0
6786,Stalemate,26000,24000,22000,12000,112,1,0
6787,P1,60000,24000,40000,24000,53,0,0
6788,P1,80000,28000,40000,24000,93,0,1
6789,Stalemate,47000,24000,39000,16000,112,1,1
6790,P1,64000,12000,40000,4000,97,0,0
6791,P1,60000,9000,40000,9000,43,0,1
6792,P1,80000,28000,40000,28000,61,0,1
6793,P2,37000,60000,29000,40000,70,0,0
6794,Stalemate,27000,39000,19000,31000,112,1,1
6795,P2,33000,64000,25000,40000,94,0,0
6796,Stalemate,15000,35000,7000,27000,112,1,0
6797,Stalemate,27000,47000,19000,39000,112,1,0
6798,Stalemate,34000,42000,34000,14000,112,1,1
6799,Stalemate,49000,24000,37000,20000,112,1,0
6800,P1,84000,26000,40000,26000,97,0,0
6801,P2,42000,64000,38000,40000,70,0,0
6802,Stalemate,44000,37000,36000,29000,112,1,0
6803,P2,31000,80000,27000,40000,88,0,1
6804,P1,60000,41000,40000,29000,97,0,0
6805,P2,19000,64000,15000,40000,38,0,0
6806,Stalemate,30000,32000,18000,16000,111,1,0
6807,Stalemate,43000,43000,35000,35000,112,1,0
6808,Stalemate,18000,37000,14000,25000,112,1,0
6809,Stalemate,44000,45000,36000,37000,112,1,0
6810,Stalemate,34000,32000,22000,28000,112,1,0
6811,P1,64000,42000,40000,38000,85,0,0
6812,Stalemate,41000,19000,29000,15000,112,1,0
6813,P2,18000,60000,10000,40000,78,0,1
6814,Stalemate,38000,44000,34000,32000,112,1,0
6815,P2,26000,68000,26000,40000,88,0,1
6816,Stalemate,20000,49000,16000,37000,112,1,0
6817,Stalemate,45000,21000,37000,13000,112,1,0
6818,P1,64000,24000,40000,24000,53,0,0
6819,P2,38000,76000,38000,40000,62,0,0
6820,P1,64000,31000,40000,23000,79,0,0
6821,Stalemate,4000,37000,0,25000,112,1,1
6822,P2,22000,68000,18000,40000,48,0,1
6823,P2,36000,68000,32000,40000,94,0,0
6824,Stalemate,47000,16000,19000,16000,112,1,0
6825,P1,84000,4000,40000,0,55,0,1
6826,Stalemate,50000,30000,38000,26000,112,1,0
6827,P2,38000,76000,30000,40000,94,0,0
6828,P1,64000,41000,40000,33000,37,0,0
6829,Stalemate,34000,46000,26000,38000,112,1,1
6830,P2,43000,60000,39000,40000,80,0,0
6831,Stalemate,32000,46000,28000,34000,112,1,0
6832,Stalemate,61000,8000,33000,8000,112,1,0
6833,P1,80000,22000,40000,22000,61,0,1
6834,P2,24000,68000,20000,40000,78,0,0
6835,Stalemate,41000,50000,37000,38000,112,1,0
6836,Stalemate,43000,22000,39000,10000,112,1,1
6837,Stalemate,32000,46000,24000,38000,112,1,1
6838,Stalemate,39000,39000,31000,31000,112,1,1
6839,Stalemate,50000,19000,38000,15000,112,1,1
6840,P2,7000,68000,7000,40000,78,0,0
6841,P1,60000,11000,40000,11000,39,0,0
6842,P2,1000,68000,1000,40000,42,0,0
6843,P2,29000,60000,21000,40000,64,0,0
6844,P1,68000,6000,40000,2000,93,0,0
6845,Stalemate,28000,37000,16000,33000,112,1,0
6846,Stalemate,24000,35000,16000,27000,112,1,0
6847,Stalemate,29000,13000,21000,5000,112,1,1
6848,P2,42000,64000,34000,40000,88,0,0
6849,Stalemate,46000,35000,38000,27000,112,1,0
6850,Stalemate,39000,43000,27000,39000,112,1,1
6851,P2,32000,96000,32000,40000,90,0,0
6852,P1,64000,22000,40000,18000,91,0,1
6853,P2,31000,64000,23000,40000,82,0,0
6854,Stalemate,47000,28000,35000,24000,112,1,0
6855,P1,80000,26000,40000,26000,81,0,0
6856,P2,5000,64000,5000,40000,56,0,1
6857,Stalemate,42000,32000,38000,20000,112,1,0
6858,Stalemate,25000,49000,21000,37000,112,1,1
6859,Stalemate,36000,32000,32000,20000,112,1,0
6860,P1,76000,30000,40000,30000,69,0,0
6861,P2,37000,76000,29000,40000,100,0,0
6862,Stalemate,40000,30000,32000,22000,112,1,0
6863,Stalemate,40000,15000,32000,7000,112,1,1
6864,P2,42000,68000,38000,40000,98,0,0
6865,Stalemate,33000,47000,25000,39000,112,1,0
6866,P2,23000,64000,23000,40000,46,0,0
6867,Stalemate,51000,30000,39000,26000,112,1,0
6868,P1,60000,49000,40000,37000,77,0,0
6869,Stalemate,51000,14000,39000,10000,112,1,0
6870,Stalemate,4000,50000,0,38000,112,1,1
6871,P1,60000,37000,40000,29000,77,0,0
6872,P1,64000,10000,40000,2000,79,0,0
6873,Stalemate,35000,33000,31000,21000,112,1,0
6874,Stalemate,42000,42000,30000,38000,112,1,0
6875,P1,68000,21000,40000,17000,79,0,0
6876,P1,56000,45000,40000,37000,77,0,1
6877,P2,45000,76000,37000,40000,100,0,0
6878,P2,9000,64000,9000,40000,82,0,1
6879,Stalemate,34000,33000,22000,29000,112,1,0
6880,P2,4000,68000,4000,40000,78,0,0
6881,P1,76000,47000,40000,39000,99,0,0
6882,P1,60000,36000,40000,28000,65,0,0
6883,Stalemate,30000,67000,30000,39000,112,1,0
6884,Stalemate,37000,47000,33000,35000,112,1,0
6885,Stalemate,57000,29000,29000,29000,112,1,1
6886,Stalemate,41000,25000,37000,13000,112,1,0
6887,Stalemate,26000,47000,22000,35000,112,1,0
6888,Stalemate,13000,49000,9000,37000,112,1,0
6889,Stalemate,30000,19000,18000,15000,112,1,0
6890,P1,68000,28000,40000,24000,97,0,0
6891,P2,45000,64000,37000,40000,78,0,1
6892,Stalemate,51000,39000,39000,35000,112,1,0
6893,Stalemate,46000,47000,38000,39000,112,1,1
6894,Stalemate,42000,30000,30000,26000,112,1,1
6895,Stalemate,27000,31000,19000,23000,112,1,0
6896,Stalemate,43000,25000,39000,13000,112,1,0
6897,P2,32000,80000,28000,40000,100,0,0
6898,Stalemate,18000,50000,14000,38000,112,1,0
6899,Stalemate,67000,6000,39000,6000,112,1,0
6900,Stalemate,29000,37000,21000,29000,112,1,0
6901,Stalemate,47000,27000,39000,19000,112,1,1
6902,Stalemate,15000,21000,3000,17000,112,1,0
6903,P1,60000,21000,40000,17000,73,0,0
6904,Stalemate,38000,48000,34000,36000,112,1,0
6905,P1,64000,40000,40000,32000,53,0,0
6906,P2,44000,64000,36000,40000,84,0,0
6907,Stalemate,17000,40000,13000,28000,112,1,1
6908,P2,3000,68000,3000,40000,68,0,1
6909,Stalemate,25000,36000,21000,24000,112,1,0
6910,P1,64000,31000,40000,27000,55,0,1
6911,Stalemate,19000,30000,7000,26000,112,1,0
6912,Stalemate,34000,19000,22000,15000,112,1,1
6913,P2,28000,64000,24000,40000,94,0,0
6914,Stalemate,43000,38000,39000,26000,112,1,1
6915,P2,30000,80000,26000,40000,100,0,0
6916,P1,64000,36000,40000,28000,73,0,1
6917,Stalemate,22000,51000,18000,39000,112,1,1
6918,P1,84000,17000,40000,17000,85,0,1
6919,Stalemate,46000,28000,38000,20000,112,1,0
6920,P2,12000,60000,8000,40000,60,0,1
6921,Stalemate,26000,43000,22000,31000,112,1,1
6922,P1,80000,8000,40000,0,77,0,1
6923,Stalemate,51000,32000,39000,28000,112,1,0
6924,Stalemate,42000,41000,34000,33000,112,1,0
6925,P2,45000,60000,37000,40000,92,0,1
6926,P1,68000,23000,40000,19000,59,0,0
6927,P2,43000,68000,39000,40000,68,0,0
6928,P1,60000,40000,40000,28000,93,0,0
6929,Stalemate,28000,47000,20000,39000,112,1,0
6930,Stalemate,40000,14000,28000,10000,112,1,1
6931,Stalemate,16000,46000,8000,38000,112,1,1
6932,Stalemate,18000,22000,14000,10000,112,1,1
6933,P1,68000,15000,40000,11000,85,0,0
6934,P2,29000,64000,21000,40000,96,0,0
6935,Stalemate,31000,42000,23000,34000,112,1,0
6936,Stalemate,11000,60000,11000,32000,112,1,1
6937,P2,20000,64000,16000,40000,80,0,1
6938,P1,68000,21000,40000,17000,93,0,1
6939,Stalemate,43000,51000,39000,39000,112,1,1
6940,Stalemate,27000,29000,19000,21000,112,1,0
6941,P2,31000,64000,23000,40000,88,0,0
6942,P1,60000,51000,40000,39000,89,0,0
6943,Stalemate,32000,25000,24000,17000,112,1,0
6944,P2,25000,64000,21000,40000,48,0,0
6945,P1,68000,42000,40000,38000,85,0,0
6946,Stalemate,14000,30000,10000,18000,112,1,1
6947,Stalemate,47000,46000,39000,38000,112,1,0
6948,P1,56000,26000,40000,14000,87,0,1
6949,P1,56000,38000,40000,26000,49,0,0
6950,P1,64000,37000,40000,37000,73,0,0
6951,P1,60000,43000,40000,35000,77,0,0
6952,Stalemate,43000,18000,35000,10000,112,1,0
6953,Stalemate,39000,30000,31000,22000,112,1,1
6954,Stalemate,41000,42000,29000,38000,112,1,0
6955,P1,64000,31000,40000,23000,87,0,0
6956,P2,0,88000,0,40000,50,0,1
6957,Stalemate,44000,32000,32000,28000,112,1,1
6958,P1,64000,11000,40000,7000,69,0,0
6959,Stalemate,42000,41000,34000,33000,112,1,1
6960,P1,64000,43000,40000,35000,95,0,0
6961,Stalemate,50000,34000,38000,30000,112,1,0
6962,P2,26000,80000,26000,40000,72,0,0
6963,P2,45000,60000,37000,40000,88,0,0
6964,P2,33000,64000,25000,40000,82,0,0
6965,Stalemate,41000,50000,37000,38000,112,1,1
6966,Stalemate,47000,31000,39000,23000,112,1,1
6967,P2,12000,60000,4000,40000,46,0,0
6968,P2,13000,64000,9000,40000,82,0,0
6969,Stalemate,67000,0,39000,0,112,1,1
6970,Stalemate,47000,24000,39000,16000,112,1,0
6971,P2,4000,84000,0,40000,38,0,0
6972,P2,43000,68000,39000,40000,86,0,1
6973,Stalemate,51000,27000,39000,23000,112,1,0
6974,Stalemate,24000,27000,16000,19000,112,1,0
6975,Stalemate,25000,14000,17000,6000,112,1,1
6976,P1,60000,22000,40000,10000,75,0,0
6977,P2,47000,64000,39000,40000,96,0,0
6978,Stalemate,42000,30000,34000,22000,112,1,1
6979,P2,35000,60000,23000,40000,62,0,0
6980,Stalemate,39000,47000,31000,39000,112,1,0
6981,P1,68000,43000,40000,39000,91,0,0
6982,P1,60000,27000,40000,15000,79,0,0
6983,Stalemate,37000,50000,29000,30000,111,1,1
6984,Stalemate,32000,32000,24000,24000,112,1,0
6985,Stalemate,40000,47000,32000,39000,112,1,0
6986,Stalemate,34000,50000,30000,38000,112,1,0
6987,Stalemate,51000,30000,39000,26000,112,1,0
6988,P2,29000,64000,21000,40000,94,0,1
6989,Stalemate,39000,27000,31000,19000,112,1,0
6990,P2,36000,60000,28000,40000,62,0,0
6991,Stalemate,50000,11000,38000,7000,112,1,1
6992,Stalemate,29000,28000,25000,16000,112,1,1
6993,Stalemate,39000,50000,35000,38000,112,1,0
6994,P1,56000,19000,40000,11000,39,0,0
6995,Stalemate,40000,36000,32000,28000,112,1,0
6996,Stalemate,47000,42000,35000,38000,112,1,0
6997,Stalemate,51000,12000,39000,8000,112,1,1
6998,Stalemate,18000,44000,10000,36000,112,1,0
6999,P2,43000,60000,31000,40000,96,0,0
7000,P1,56000,61000,40000,33000,57,0,0
7001,Stalemate,18000,35000,14000,23000,112,1,0
7002,Stalemate,16000,47000,8000,39000,112,1,0
7003,Stalemate,38000,66000,38000,38000,112,1,1
7004,Stalemate,48000,27000,20000,27000,112,1,1
7005,Stalemate,17000,50000,13000,38000,112,1,1
7006,Stalemate,31000,64000,31000,36000,112,1,0
7007,Stalemate,38000,49000,34000,37000,112,1,0
7008,Stalemate,46000,32000,38000,24000,112,1,0
7009,Stalemate,40000,43000,28000,39000,112,1,0
7010,Stalemate,40000,27000,36000,15000,112,1,0
7011,Stalemate,31000,21000,19000,17000,112,1,1
7012,Stalemate,32000,41000,24000,33000,112,1,0
7013,P1,60000,33000,40000,29000,57,0,0
7014,Stalemate,19000,43000,7000,39000,112,1,1
7015,Stalemate,43000,43000,35000,35000,112,1,0
7016,P2,0,80000,0,40000,46,0,0
7017,P2,43000,92000,39000,40000,100,0,1
7018,Stalemate,29000,43000,17000,39000,112,1,0
7019,P2,30000,60000,22000,40000,80,0,0
7020,P1,64000,16000,40000,12000,53,0,1
7021,Stalemate,37000,21000,29000,13000,112,1,0
7022,Stalemate,38000,14000,26000,10000,112,1,0
7023,P2,49000,60000,37000,40000,92,0,0
7024,Stalemate,48000,42000,36000,38000,112,1,0
7025,P1,80000,16000,40000,12000,77,0,0
7026,Stalemate,16000,41000,8000,33000,112,1,0
7027,P1,60000,31000,40000,23000,87,0,0
7028,Stalemate,43000,34000,39000,22000,112,1,0
7029,Stalemate,7000,39000,3000,27000,112,1,1
7030,P1,68000,4000,40000,4000,73,0,1
7031,Stalemate,14000,35000,10000,23000,112,1,0
7032,P1,56000,21000,40000,13000,47,0,0
7033,P1,60000,26000,40000,18000,63,0,0
7034,Stalemate,45000,20000,33000,16000,112,1,1
7035,P2,43000,80000,39000,40000,100,0,0
7036,Stalemate,43000,47000,35000,39000,112,1,1
7037,P1,76000,22000,40000,14000,73,0,0
7038,Stalemate,30000,17000,22000,9000,112,1,1
7039,P2,43000,56000,31000,40000,68,0,0
7040,P2,41000,60000,29000,40000,74,0,0
7041,P1,68000,17000,40000,17000,79,0,0
7042,Stalemate,41000,46000,33000,38000,112,1,1
7043,Stalemate,19000,46000,11000,38000,112,1,0
7044,Stalemate,18000,21000,10000,13000,112,1,1
7045,P2,32000,60000,20000,40000,94,0,0
7046,P2,22000,64000,18000,40000,80,0,0
7047,P1,64000,34000,40000,26000,53,0,0
7048,Stalemate,37000,14000,33000,2000,112,1,0
7049,P1,64000,12000,40000,4000,73,0,0
7050,P1,68000,29000,40000,25000,77,0,0
7051,P2,43000,60000,39000,40000,86,0,1
7052,Stalemate,42000,36000,38000,24000,112,1,0
7053,Stalemate,24000,14000,12000,10000,112,1,0
7054,P2,6000,68000,6000,40000,62,0,1
7055,P1,60000,14000,40000,6000,39,0,1
7056,Stalemate,18000,32000,14000,20000,112,1,0
7057,P1,60000,22000,40000,14000,85,0,0
7058,Stalemate,47000,22000,39000,14000,112,1,0
7059,Stalemate,38000,31000,30000,23000,112,1,0
7060,Stalemate,31000,29000,19000,25000,112,1,1
7061,P2,28000,60000,20000,40000,76,0,0
7062,Stalemate,39000,43000,27000,39000,112,1,0
7063,P1,76000,30000,40000,26000,81,0,0
7064,Stalemate,67000,25000,39000,25000,112,1,0
7065,P2,9000,64000,1000,40000,74,0,0
7066,Stalemate,12000,16000,0,12000,112,1,1
7067,P1,60000,41000,40000,33000,71,0,0
7068,Stalemate,46000,36000,38000,28000,112,1,0
7069,P2,51000,60000,39000,40000,98,0,0
7070,Stalemate,33000,20000,25000,12000,112,1,1
7071,P2,18000,64000,14000,40000,82,0,0
7072,Stalemate,48000,4000,20000,4000,112,1,0
7073,Stalemate,42000,18000,38000,6000,112,1,0
7074,Stalemate,37000,33000,25000,29000,112,1,0
7075,Stalemate,13000,32000,9000,20000,112,1,1
7076,P2,23000,64000,15000,40000,86,0,0
7077,P2,36000,64000,28000,40000,72,0,1
7078,Stalemate,16000,13000,8000,5000,112,1,1
7079,P2,28000,96000,28000,40000,92,0,0
7080,Stalemate,48000,40000,36000,36000,112,1,0
7081,Stalemate,21000,8000,13000,0,112,1,1
7082,P1,64000,34000,40000,26000,99,0,0
7083,P2,30000,64000,22000,40000,86,0,0
7084,Stalemate,51000,38000,39000,34000,112,1,0
7085,Stalemate,43000,37000,31000,33000,112,1,0
7086,P1,60000,24000,40000,24000,63,0,0
7087,Stalemate,8000,47000,0,39000,112,1,0
7088,Stalemate,31000,40000,23000,32000,112,1,1
7089,Stalemate,33000,17000,25000,9000,112,1,0
7090,P1,68000,11000,40000,7000,71,0,0
7091,Stalemate,38000,31000,34000,19000,112,1,0
7092,Stalemate,25000,8000,17000,0,112,1,1
7093,P2,2000,60000,2000,40000,58,0,0
7094,Stalemate,8000,47000,0,39000,112,1,1
7095,P2,40000,68000,36000,40000,90,0,0
7096,P2,39000,84000,39000,40000,96,0,1
7097,Stalemate,25000,31000,17000,23000,112,1,0
7098,Stalemate,47000,26000,35000,22000,112,1,1
7099,P1,68000,42000,40000,38000,99,0,1
7100,Stalemate,4000,39000,0,27000,112,1,1
7101,Stalemate,15000,45000,7000,37000,112,1,0
7102,P1,64000,38000,40000,38000,59,0,1
7103,Stalemate,32000,44000,24000,36000,112,1,1
7104,Stalemate,47000,47000,39000,39000,112,1,0
7105,Stalemate,29000,33000,21000,25000,112,1,0
7106,Stalemate,43000,21000,35000,13000,112,1,1
7107,Stalemate,1000,66000,1000,38000,112,1,0
7108,P2,8000,68000,8000,40000,96,0,0
7109,P1,68000,33000,40000,29000,67,0,0
7110,P2,1000,84000,1000,40000,98,0,1
7111,Stalemate,32000,32000,24000,24000,112,1,0
7112,P2,28000,60000,24000,40000,78,0,0
7113,P1,60000,42000,40000,30000,95,0,0
7114,Stalemate,34000,27000,30000,15000,112,1,0
7115,Stalemate,48000,19000,36000,15000,112,1,0
7116,Stalemate,67000,10000,39000,10000,112,1,0
7117,P2,21000,64000,21000,40000,42,0,1
7118,Stalemate,45000,47000,37000,39000,112,1,0
7119,P2,13000,64000,9000,40000,90,0,0
7120,Stalemate,34000,47000,26000,39000,112,1,0
7121,Stalemate,28000,47000,20000,39000,112,1,0
7122,Stalemate,35000,27000,27000,19000,112,1,0
7123,Stalemate,36000,43000,24000,39000,112,1,0
7124,Stalemate,10000,31000,2000,23000,112,1,1
7125,Stalemate,62000,23000,34000,23000,112,1,1
7126,P2,44000,76000,36000,40000,80,0,1
7127,Stalemate,30000,56000,30000,28000,112,1,1
7128,Stalemate,28000,38000,20000,30000,112,1,0
7129,Stalemate,10000,36000,2000,28000,112,1,1
7130,P1,80000,5000,40000,5000,81,0,0
7131,Stalemate,43000,15000,35000,7000,112,1,0
7132,P2,29000,64000,25000,40000,88,0,1
7133,Stalemate,43000,36000,35000,28000,112,1,0
7134,Stalemate,40000,51000,36000,39000,112,1,0
7135,Stalemate,38000,21000,30000,13000,112,1,1
7136,P1,60000,49000,40000,37000,75,0,0
7137,P1,64000,43000,40000,35000,93,0,0
7138,P1,68000,28000,40000,24000,95,0,0
7139,Stalemate,17000,46000,9000,38000,112,1,0
7140,P1,68000,29000,40000,25000,63,0,1
7141,P2,6000,68000,2000,40000,64,0,1
7142,P2,31000,64000,31000,40000,62,0,0
7143,Stalemate,47000,11000,39000,3000,112,1,0
7144,P1,64000,43000,40000,35000,73,0,1
7145,P2,22000,60000,10000,40000,76,0,0
7146,Stalemate,47000,24000,35000,20000,112,1,0
7147,P2,30000,64000,26000,40000,64,0,0
7148,P2,33000,68000,29000,40000,98,0,0
7149,P1,56000,9000,40000,9000,35,0,1
7150,P2,13000,92000,9000,40000,100,0,1
7151,Stalemate,12000,30000,4000,22000,112,1,1
7152,Stalemate,22000,13000,10000,9000,112,1,0
7153,Stalemate,23000,47000,15000,39000,112,1,1
7154,P1,60000,40000,40000,32000,65,0,0
7155,Stalemate,34000,31000,22000,27000,112,1,0
7156,Stalemate,42000,42000,34000,34000,112,1,0
7157,Stalemate,36000,25000,28000,17000,112,1,1
7158,Stalemate,45000,17000,37000,9000,112,1,1
7159,Stalemate,18000,45000,14000,33000,112,1,1
7160,Stalemate,67000,24000,39000,24000,112,1,0
7161,Stalemate,38000,38000,34000,26000,112,1,1
7162,Stalemate,25000,42000,17000,34000,112,1,0
7163,Stalemate,34000,43000,26000,35000,112,1,0
7164,Stalemate,51000,34000,39000,30000,112,1,0
7165,Stalemate,41000,41000,29000,37000,112,1,1
7166,P1,64000,47000,40000,39000,89,0,0
7167,Stalemate,20000,20000,16000,8000,112,1,1
7168,P2,39000,60000,27000,40000,98,0,0
7169,P2,26000,60000,14000,40000,86,0,0
7170,P1,64000,12000,40000,8000,85,0,1
7171,Stalemate,37000,32000,33000,20000,112,1,0
7172,P2,20000,68000,16000,40000,88,0,1
7173,Stalemate,34000,45000,26000,37000,112,1,1
7174,P2,34000,68000,30000,40000,92,0,0
7175,Stalemate,51000,31000,39000,27000,112,1,0
7176,Stalemate,49000,39000,37000,35000,112,1,0
7177,Stalemate,47000,33000,39000,25000,112,1,0
7178,Stalemate,31000,10000,19000,6000,112,1,1
7179,Stalemate,16000,31000,8000,23000,112,1,1
7180,P1,68000,26000,40000,22000,79,0,0
7181,P2,34000,60000,26000,40000,76,0,0
7182,P1,64000,30000,40000,26000,71,0,0
7183,P2,16000,60000,12000,40000,48,0,0
7184,P2,30000,60000,22000,40000,74,0,0
7185,Stalemate,47000,36000,39000,28000,112,1,0
7186,Stalemate,46000,19000,34000,15000,112,1,0
7187,P1,68000,22000,40000,22000,79,0,0
7188,Stalemate,24000,29000,12000,25000,112,1,0
7189,P2,18000,60000,10000,40000,90,0,0
7190,P2,25000,64000,25000,40000,82,0,0
7191,P1,60000,33000,40000,21000,93,0,0
7192,Stalemate,49000,43000,37000,39000,112,1,0
7193,Stalemate,34000,33000,22000,29000,112,1,0
7194,Stalemate,23000,33000,15000,25000,112,1,0
7195,P1,64000,27000,40000,19000,99,0,1
7196,Stalemate,50000,43000,38000,39000,112,1,1
7197,Stalemate,47000,34000,39000,26000,112,1,1
7198,Stalemate,19000,47000,15000,35000,112,1,0
7199,Stalemate,33000,43000,21000,39000,112,1,0
7200,P2,41000,64000,37000,40000,46,0,1
7201,Stalemate,51000,13000,39000,9000,112,1,0
7202,Stalemate,16000,51000,12000,39000,112,1,1
7203,Stalemate,28000,51000,24000,39000,112,1,1
7204,P2,11000,72000,7000,40000,49,0,0
7205,P1,68000,24000,40000,20000,95,0,0
7206,P2,20000,76000,12000,40000,84,0,0
7207,P2,17000,64000,17000,40000,52,0,0
7208,P1,68000,23000,40000,23000,89,0,0
7209,Stalemate,60000,20000,32000,20000,112,1,0
7210,Stalemate,30000,47000,22000,39000,112,1,0
7211,P1,84000,22000,40000,22000,89,0,0
7212,Stalemate,20000,38000,12000,30000,112,1,1
7213,P2,4000,80000,0,40000,64,0,0
7214,Stalemate,37000,32000,29000,24000,112,1,0
7215,Stalemate,28000,45000,20000,37000,112,1,0
7216,P1,80000,39000,40000,35000,97,0,1
7217,P2,21000,64000,17000,40000,54,0,0
7218,Stalemate,48000,30000,20000,30000,112,1,0
7219,Stalemate,30000,35000,18000,31000,112,1,1
7220,Stalemate,41000,43000,29000,39000,112,1,0
7221,Stalemate,41000,51000,37000,39000,112,1,0
7222,Stalemate,38000,46000,30000,38000,112,1,0
7223,Stalemate,41000,37000,29000,33000,112,1,0
7224,P2,33000,60000,29000,40000,58,0,1
7225,P2,32000,76000,24000,40000,90,0,0
7226,Stalemate,37000,50000,29000,30000,111,1,0
7227,P2,33000,64000,29000,40000,94,0,0
7228,P1,64000,15000,40000,15000,65,0,0
7229,P2,26000,64000,22000,40000,94,0,0
7230,Stalemate,43000,40000,39000,28000,112,1,0
7231,P2,31000,68000,27000,40000,96,0,1
7232,Stalemate,37000,48000,33000,36000,112,1,1
7233,P1,60000,30000,40000,26000,79,0,0
7234,P2,47000,60000,35000,40000,94,0,0
7235,P1,68000,7000,40000,3000,75,0,0
7236,Stalemate,30000,41000,22000,33000,112,1,0
7237,P1,80000,36000,40000,32000,67,0,0
7238,P2,34000,64000,26000,40000,98,0,0
7239,P1,56000,41000,40000,37000,71,0,0
7240,Stalemate,37000,17000,29000,9000,112,1,0
7241,Stalemate,23000,36000,15000,28000,112,1,0
7242,Stalemate,18000,36000,14000,24000,112,1,0
7243,P2,22000,60000,10000,40000,94,0,0
7244,P2,26000,60000,18000,40000,84,0,1
7245,Stalemate,50000,15000,38000,11000,112,1,0
7246,P1,64000,17000,40000,13000,65,0,1
7247,Stalemate,38000,32000,30000,24000,112,1,0
7248,P2,16000,68000,12000,40000,96,0,0
7249,P2,19000,96000,19000,40000,98,0,1
7250,Stalemate,7000,36000,7000,8000,112,1,0
7251,Stalemate,43000,51000,39000,39000,112,1,0
7252,Stalemate,47000,43000,35000,39000,112,1,0
7253,Stalemate,27000,43000,23000,31000,112,1,1
7254,Stalemate,6000,50000,2000,38000,112,1,0
7255,Stalemate,33000,12000,25000,4000,112,1,1
7256,Stalemate,37000,44000,29000,36000,112,1,1
7257,P1,64000,8000,40000,4000,77,0,1
7258,Stalemate,38000,21000,10000,21000,112,1,0
7259,P1,76000,41000,40000,37000,65,0,0
7260,Stalemate,49000,27000,37000,23000,112,1,0
7261,Stalemate,51000,20000,39000,16000,112,1,0
7262,Stalemate,10000,63000,10000,35000,112,1,1
7263,Stalemate,49000,14000,37000,10000,112,1,1
7264,Stalemate,37000,51000,33000,39000,112,1,0
7265,P2,24000,64000,16000,40000,74,0,1
7266,P2,22000,68000,18000,40000,58,0,0
7267,Stalemate,43000,35000,39000,23000,112,1,0
7268,Stalemate,29000,41000,17000,37000,112,1,0
7269,P2,19000,64000,19000,40000,46,0,1
7270,Stalemate,29000,47000,25000,35000,112,1,0
7271,Stalemate,51000,51000,39000,35000,111,1,0
7272,Stalemate,47000,40000,39000,32000,112,1,0
7273,P2,13000,68000,13000,40000,86,0,0
7274,P2,46000,64000,38000,40000,92,0,0
7275,P1,64000,26000,40000,18000,77,0,0
7276,Stalemate,50000,12000,38000,8000,112,1,0
7277,Stalemate,36000,42000,24000,38000,112,1,0
7278,Stalemate,20000,45000,12000,37000,112,1,1
7279,P2,29000,56000,21000,40000,56,0,0
7280,Stalemate,26000,34000,18000,26000,112,1,0
7281,P1,68000,43000,40000,39000,91,0,0
7282,P1,68000,16000,40000,12000,93,0,0
7283,P1,64000,42000,40000,34000,97,0,0
7284,Stalemate,24000,42000,20000,30000,112,1,0
7285,P2,20000,84000,20000,40000,92,0,0
7286,P2,28000,64000,20000,40000,88,0,0
7287,Stalemate,30000,32000,22000,24000,112,1,0
7288,P1,72000,43000,40000,39000,67,0,0
7289,Stalemate,32000,43000,32000,15000,112,1,0
7290,Stalemate,43000,33000,39000,21000,112,1,0
7291,Stalemate,46000,42000,34000,38000,112,1,0
7292,Stalemate,21000,25000,9000,21000,112,1,1
7293,Stalemate,34000,33000,26000,25000,112,1,0
7294,Stalemate,8000,19000,4000,7000,112,1,1
7295,P1,68000,19000,40000,19000,79,0,0
7296,P1,88000,4000,40000,0,57,0,1
7297,P2,6000,60000,6000,40000,46,0,0
7298,Stalemate,43000,41000,39000,29000,112,1,1
7299,Stalemate,47000,27000,39000,19000,112,1,0
7300,P1,68000,42000,40000,38000,95,0,0
7301,Stalemate,24000,38000,20000,26000,112,1,1
7302,Stalemate,31000,32000,27000,20000,112,1,1
7303,Stalemate,39000,29000,31000,21000,112,1,0
7304,Stalemate,4000,25000,0,13000,112,1,1
7305,Stalemate,42000,24000,30000,20000,112,1,0
7306,P1,64000,24000,40000,16000,45,0,1
7307,Stalemate,34000,51000,30000,39000,112,1,0
7308,Stalemate,67000,8000,39000,8000,112,1,1
7309,P1,60000,35000,40000,23000,83,0,0
7310,Stalemate,11000,40000,7000,28000,112,1,1
7311,P1,84000,18000,40000,18000,79,0,0
7312,P1,68000,28000,40000,24000,83,0,1
7313,Stalemate,13000,20000,5000,12000,112,1,1
7314,Stalemate,43000,38000,39000,26000,112,1,0
7315,P2,11000,64000,3000,40000,66,0,0
7316,Stalemate,50000,28000,38000,24000,112,1,0
7317,P2,19000,64000,19000,40000,46,0,0
7318,P1,84000,8000,40000,0,71,0,0
7319,P2,21000,68000,17000,40000,68,0,0
7320,Stalemate,27000,47000,19000,39000,112,1,0
7321,Stalemate,44000,23000,32000,19000,112,1,1
7322,Stalemate,30000,65000,30000,37000,112,1,0
7323,Stalemate,36000,46000,28000,38000,112,1,0
7324,Stalemate,21000,28000,13000,20000,112,1,1
7325,P2,7000,60000,7000,40000,48,0,0
7326,P1,84000,14000,40000,14000,83,0,0
7327,P1,68000,15000,40000,15000,53,0,0
7328,Stalemate,35000,22000,23000,18000,112,1,0
7329,P2,47000,64000,39000,40000,98,0,0
7330,Stalemate,22000,4000,10000,0,112,1,1
7331,Stalemate,26000,40000,18000,32000,112,1,0
7332,P2,33000,64000,25000,40000,84,0,0
7333,Stalemate,44000,36000,36000,28000,112,1,0
7334,P2,22000,64000,14000,40000,80,0,0
7335,Stalemate,34000,15000,26000,7000,112,1,1
7336,P1,64000,36000,40000,28000,83,0,0
7337,Stalemate,31000,23000,27000,11000,112,1,0
7338,P1,64000,29000,40000,21000,95,0,0
7339,P2,1000,60000,1000,40000,40,0,0
7340,Stalemate,11000,31000,7000,19000,112,1,0
7341,Stalemate,42000,47000,38000,35000,112,1,1
7342,P1,64000,10000,40000,6000,77,0,1
7343,Stalemate,46000,47000,38000,39000,112,1,0
7344,Stalemate,28000,29000,16000,25000,112,1,1
7345,P1,60000,16000,40000,16000,55,0,1
7346,Stalemate,46000,47000,38000,39000,112,1,0
7347,P1,68000,43000,40000,39000,75,0,0
7348,P2,42000,92000,38000,40000,100,0,0
7349,Stalemate,47000,41000,39000,33000,112,1,0
7350,P1,60000,39000,40000,27000,83,0,1
7351,P1,56000,41000,40000,33000,83,0,1
7352,Stalemate,44000,37000,36000,29000,112,1,0
7353,Stalemate,58000,23000,30000,23000,112,1,0
7354,Stalemate,30000,51000,26000,39000,112,1,0
7355,Stalemate,18000,32000,6000,28000,112,1,0
7356,Stalemate,51000,23000,39000,19000,112,1,0
7357,Stalemate,37000,19000,25000,15000,112,1,0
7358,P2,21000,64000,13000,40000,92,0,0
7359,P1,64000,25000,40000,17000,97,0,0
7360,Stalemate,41000,47000,33000,39000,112,1,1
7361,P2,45000,64000,37000,40000,98,0,0
7362,Stalemate,47000,44000,39000,36000,112,1,0
7363,Stalemate,39000,18000,27000,14000,112,1,0
7364,P2,19000,72000,7000,40000,100,0,0
7365,P1,68000,34000,40000,30000,99,0,1
7366,P2,12000,64000,12000,40000,66,0,0
7367,Stalemate,51000,33000,39000,29000,112,1,1
7368,Stalemate,64000,27000,36000,27000,112,1,0
7369,Stalemate,20000,59000,20000,31000,112,1,0
7370,Stalemate,42000,25000,34000,17000,112,1,0
7371,Stalemate,24000,37000,16000,29000,112,1,0
7372,P2,47000,64000,39000,40000,96,0,1
7373,Stalemate,20000,27000,12000,19000,112,1,1
7374,Stalemate,4000,67000,4000,39000,112,1,0
7375,P1,84000,4000,40000,0,83,0,1
7376,Stalemate,47000,33000,39000,25000,112,1,0
7377,P1,60000,14000,40000,10000,77,0,1
7378,P2,9000,64000,5000,40000,50,0,0
7379,P2,43000,64000,39000,40000,82,0,0
7380,Stalemate,29000,51000,25000,39000,112,1,0
7381,Stalemate,43000,10000,35000,2000,112,1,0
7382,Stalemate,17000,43000,5000,39000,112,1,0
7383,Stalemate,20000,20000,12000,12000,112,1,0
7384,P2,7000,80000,7000,40000,76,0,1
7385,Stalemate,57000,11000,29000,11000,112,1,1
7386,P2,43000,64000,39000,40000,94,0,0
7387,P2,22000,64000,14000,40000,84,0,0
7388,Stalemate,47000,26000,39000,18000,112,1,1
7389,Stalemate,16000,45000,8000,37000,112,1,0
7390,Stalemate,33000,39000,29000,27000,112,1,1
7391,P1,68000,27000,40000,23000,39,0,0
7392,Stalemate,45000,45000,37000,37000,112,1,1
7393,P1,64000,44000,40000,36000,85,0,0
7394,P2,32000,64000,28000,40000,56,0,1
7395,Stalemate,42000,50000,38000,38000,112,1,0
7396,P2,34000,60000,22000,40000,94,0,0
7397,P2,26000,76000,22000,40000,78,0,0
7398,P1,68000,17000,40000,17000,75,0,1
7399,Stalemate,47000,44000,39000,36000,112,1,0
7400,P2,11000,64000,7000,40000,68,0,1
7401,P2,12000,68000,8000,40000,64,0,0
7402,Stalemate,15000,49000,11000,37000,112,1,0
7403,P2,38000,76000,30000,40000,100,0,0
7404,Stalemate,51000,7000,39000,3000,112,1,1
7405,P1,64000,40000,40000,36000,85,0,0
7406,Stalemate,67000,5000,39000,5000,112,1,0
7407,P1,60000,46000,40000,34000,85,0,0
7408,P1,60000,33000,40000,21000,83,0,0
7409,Stalemate,32000,43000,20000,39000,112,1,1
7410,Stalemate,20000,38000,12000,30000,112,1,0
7411,P2,40000,60000,28000,40000,98,0,0
7412,P1,68000,20000,40000,16000,99,0,0
7413,P1,60000,17000,40000,13000,37,0,0
7414,Stalemate,24000,14000,20000,2000,112,1,1
7415,P2,33000,64000,29000,40000,92,0,0
7416,Stalemate,47000,21000,39000,13000,112,1,1
7417,Stalemate,26000,48000,22000,36000,112,1,0
7418,Stalemate,11000,29000,7000,17000,112,1,0
7419,P2,17000,64000,13000,40000,88,0,0
7420,P1,64000,30000,40000,26000,89,0,1
7421,Stalemate,45000,31000,33000,27000,112,1,1
7422,P1,60000,17000,40000,13000,71,0,1
7423,Stalemate,34000,16000,22000,12000,112,1,0
7424,Stalemate,42000,47000,34000,39000,112,1,0
7425,P1,80000,17000,40000,17000,55,0,0
7426,Stalemate,12000,13000,4000,5000,112,1,1
7427,Stalemate,11000,38000,3000,30000,112,1,1
7428,P2,31000,80000,31000,40000,84,0,1
7429,P1,60000,32000,40000,20000,79,0,0
7430,Stalemate,28000,60000,28000,32000,112,1,0
7431,P1,80000,19000,40000,19000,93,0,1
7432,Stalemate,38000,12000,26000,8000,112,1,1
7433,P2,33000,84000,33000,40000,86,0,0
7434,P2,18000,84000,18000,40000,98,0,0
7435,P2,4000,80000,0,40000,56,0,0
7436,P1,60000,16000,40000,8000,95,0,0
7437,Stalemate,35000,42000,23000,38000,112,1,0
7438,P2,44000,72000,36000,40000,86,0,0
7439,P2,31000,60000,31000,40000,86,0,0
7440,Stalemate,42000,37000,38000,25000,112,1,0
7441,P1,56000,56000,40000,28000,85,0,0
7442,Stalemate,22000,15000,18000,3000,112,1,0
7443,P1,64000,20000,40000,20000,53,0,1
7444,P2,27000,68000,27000,40000,52,0,1
7445,Stalemate,30000,47000,22000,39000,112,1,0
7446,P2,23000,72000,15000,40000,90,0,0
7447,P1,60000,32000,40000,28000,79,0,0
7448,Stalemate,27000,51000,23000,39000,112,1,0
7449,P2,38000,64000,30000,40000,92,0,0
7450,Stalemate,47000,35000,39000,27000,112,1,1
7451,P2,27000,72000,19000,40000,94,0,0
7452,Stalemate,31000,44000,23000,36000,112,1,1
7453,Stalemate,23000,14000,19000,2000,112,1,0
7454,Stalemate,47000,31000,35000,27000,112,1,0
7455,P1,64000,28000,40000,20000,75,0,0
7456,P1,64000,25000,40000,17000,69,0,0
7457,P1,84000,4000,40000,0,65,0,1
7458,Stalemate,48000,32000,36000,28000,112,1,1
7459,P2,30000,84000,30000,40000,68,0,1
7460,P1,60000,5000,40000,1000,67,0,0
7461,P2,17000,68000,13000,40000,86,0,0
7462,Stalemate,46000,46000,38000,38000,112,1,0
7463,P2,1000,76000,1000,40000,60,0,1
7464,Stalemate,35000,19000,27000,11000,112,1,0
7465,P2,27000,60000,19000,40000,78,0,0
7466,P2,26000,64000,18000,40000,90,0,0
7467,P1,68000,19000,40000,15000,53,0,1
7468,Stalemate,24000,51000,20000,39000,112,1,0
7469,Stalemate,30000,41000,26000,29000,112,1,1
7470,P1,72000,32000,40000,20000,99,0,0
7471,Stalemate,4000,63000,0,39000,111,1,1
7472,Stalemate,34000,21000,26000,13000,112,1,0
7473,Stalemate,10000,32000,2000,24000,112,1,0
7474,P2,36000,68000,32000,40000,82,0,0
7475,Stalemate,15000,26000,7000,18000,112,1,1
7476,Stalemate,9000,24000,1000,16000,112,1,0
7477,P2,32000,72000,28000,40000,63,0,0
7478,Stalemate,26000,36000,14000,32000,112,1,0
7479,P1,68000,34000,40000,6000,101,0,0
7480,P2,25000,76000,21000,40000,68,0,0
7481,Stalemate,44000,29000,32000,25000,112,1,1
7482,Stalemate,36000,43000,24000,39000,112,1,1
7483,P2,17000,64000,9000,40000,60,0,1
7484,Stalemate,41000,31000,33000,23000,112,1,0
7485,Stalemate,32000,40000,20000,36000,112,1,0
7486,Stalemate,34000,51000,30000,39000,112,1,0
7487,Stalemate,51000,42000,39000,38000,112,1,0
7488,P1,56000,50000,40000,38000,63,0,0
7489,P1,68000,37000,40000,37000,75,0,0
7490,Stalemate,31000,79000,31000,39000,111,1,0
7491,Stalemate,18000,51000,14000,39000,112,1,1
7492,Stalemate,51000,26000,39000,22000,112,1,0
7493,Stalemate,12000,45000,8000,33000,112,1,0
7494,P2,35000,68000,35000,40000,94,0,1
7495,Stalemate,43000,39000,39000,27000,112,1,0
7496,P2,24000,60000,20000,40000,66,0,0
7497,Stalemate,22000,39000,18000,27000,112,1,0
7498,Stalemate,51000,30000,39000,26000,112,1,0
7499,P2,18000,76000,10000,40000,67,0,0
7500,P1,64000,29000,40000,25000,73,0,0
7501,Stalemate,33000,47000,29000,35000,112,1,0
7502,P2,28000,60000,20000,40000,46,0,0
7503,P1,56000,27000,40000,15000,77,0,0
7504,Stalemate,9000,46000,9000,18000,112,1,0
7505,P1,68000,29000,40000,25000,79,0,0
7506,Stalemate,42000,37000,38000,25000,112,1,1
7507,Stalemate,57000,29000,29000,29000,112,1,0
7508,Stalemate,24000,36000,20000,24000,112,1,0
7509,Stalemate,4000,67000,4000,39000,112,1,0
7510,P2,8000,80000,0,40000,72,0,1
7511,P2,38000,60000,30000,40000,76,0,0
7512,P1,60000,23000,40000,19000,87,0,1
7513,P2,9000,64000,1000,40000,72,0,0
7514,P2,29000,84000,29000,40000,92,0,0
7515,Stalemate,43000,30000,39000,18000,112,1,0
7516,Stalemate,47000,16000,39000,8000,112,1,0
7517,P2,8000,60000,8000,40000,62,0,0
7518,P2,27000,64000,19000,40000,82,0,0
7519,P2,34000,64000,30000,40000,68,0,0
7520,P1,60000,34000,40000,22000,81,0,0
7521,P1,68000,33000,40000,29000,93,0,1
7522,P1,68000,24000,40000,20000,77,0,0
7523,Stalemate,23000,12000,19000,0,112,1,1
7524,P1,60000,41000,40000,37000,75,0,1
7525,P1,68000,39000,40000,35000,69,0,1
7526,Stalemate,18000,45000,18000,17000,112,1,0
7527,Stalemate,47000,21000,39000,13000,112,1,0
7528,P1,84000,4000,40000,0,49,0,0
7529,Stalemate,34000,43000,30000,31000,112,1,0
7530,Stalemate,29000,46000,25000,34000,112,1,0
7531,Stalemate,16000,25000,12000,13000,112,1,1
7532,Stalemate,51000,38000,39000,34000,112,1,0
7533,Stalemate,33000,24000,29000,12000,112,1,1
7534,P1,64000,20000,40000,12000,73,0,0
7535,Stalemate,42000,11000,34000,3000,112,1,1
7536,Stalemate,43000,47000,35000,39000,112,1,0
7537,Stalemate,47000,47000,39000,39000,112,1,0
7538,P2,20000,68000,16000,40000,68,0,1
7539,Stalemate,19000,27000,11000,19000,112,1,0
7540,Stalemate,34000,51000,30000,39000,112,1,0
7541,Stalemate,22000,34000,18000,22000,112,1,1
7542,P1,64000,28000,40000,28000,53,0,0
7543,P1,68000,33000,40000,29000,89,0,0
7544,Stalemate,42000,43000,34000,35000,112,1,0
7545,Stalemate,33000,65000,33000,37000,112,1,0
7546,Stalemate,47000,23000,35000,19000,112,1,0
7547,Stalemate,30000,25000,18000,21000,112,1,1
7548,P2,43000,80000,39000,40000,100,0,0
7549,Stalemate,27000,36000,23000,24000,112,1,0
7550,P2,30000,60000,26000,40000,44,0,0
7551,Stalemate,12000,23000,8000,11000,112,1,0
7552,P1,76000,17000,40000,17000,51,0,0
7553,P1,64000,31000,40000,23000,87,0,0
7554,Stalemate,36000,13000,28000,5000,112,1,1
7555,P2,36000,60000,24000,40000,98,0,0
7556,Stalemate,28000,11000,16000,7000,112,1,1
7557,Stalemate,47000,38000,39000,30000,112,1,0
7558,P2,43000,68000,39000,40000,78,0,0
7559,P1,56000,43000,40000,31000,67,0,0
7560,P2,33000,64000,25000,40000,88,0,0
7561,Stalemate,59000,23000,31000,23000,112,1,0
7562,P1,76000,28000,40000,20000,101,0,0
7563,P2,46000,64000,38000,40000,96,0,0
7564,P1,64000,25000,40000,25000,71,0,0
7565,P1,56000,19000,40000,15000,73,0,0
7566,P1,64000,37000,40000,29000,91,0,0
7567,P1,60000,15000,40000,15000,75,0,0
7568,Stalemate,50000,15000,38000,11000,112,1,1
7569,Stalemate,46000,45000,38000,37000,112,1,0
7570,Stalemate,34000,36000,26000,28000,112,1,0
7571,Stalemate,41000,26000,37000,14000,112,1,1
7572,P1,68000,43000,40000,39000,81,0,0
7573,Stalemate,67000,0,39000,0,112,1,0
7574,P2,25000,64000,21000,40000,82,0,0
7575,P1,68000,35000,40000,31000,89,0,1
7576,P1,84000,9000,40000,9000,83,0,1
7577,Stalemate,50000,24000,38000,20000,112,1,0
7578,P1,96000,4000,40000,0,59,0,0
7579,Stalemate,37000,40000,25000,36000,112,1,1
7580,P2,42000,68000,38000,40000,90,0,1
7581,P2,39000,68000,39000,40000,88,0,0
7582,P1,68000,33000,40000,33000,79,0,1
7583,Stalemate,34000,46000,26000,38000,112,1,0
7584,Stalemate,41000,47000,37000,35000,112,1,1
7585,Stalemate,4000,35000,0,23000,112,1,0
7586,Stalemate,22000,42000,18000,30000,112,1,0
7587,Stalemate,41000,9000,29000,5000,112,1,1
7588,Stalemate,19000,47000,11000,39000,112,1,0
7589,Stalemate,27000,8000,19000,0,112,1,1
7590,Stalemate,10000,21000,2000,13000,112,1,0
7591,Stalemate,32000,20000,24000,12000,112,1,1
7592,P1,64000,8000,40000,4000,83,0,0
7593,P1,64000,21000,40000,13000,75,0,0
7594,Stalemate,21000,25000,13000,17000,112,1,0
7595,P2,29000,60000,25000,40000,56,0,0
7596,Stalemate,12000,41000,4000,33000,112,1,1
7597,P2,22000,96000,22000,40000,74,0,0
7598,Stalemate,51000,24000,39000,20000,112,1,1
7599,Stalemate,45000,27000,37000,19000,112,1,1
7600,P2,34000,64000,30000,40000,96,0,0
7601,Stalemate,46000,20000,34000,16000,112,1,0
7602,P2,12000,76000,4000,40000,70,0,0
7603,P2,12000,76000,4000,40000,76,0,0
7604,P2,11000,84000,11000,40000,68,0,0
7605,Stalemate,32000,49000,28000,37000,112,1,0
7606,P2,45000,64000,37000,40000,66,0,0
7607,Stalemate,26000,24000,18000,16000,112,1,0
7608,Stalemate,9000,35000,5000,23000,112,1,1
7609,P1,68000,20000,40000,20000,63,0,0
7610,P2,25000,80000,21000,40000,102,0,0
7611,Stalemate,43000,20000,39000,8000,112,1,0
7612,Stalemate,44000,35000,36000,27000,112,1,1
7613,Stalemate,42000,41000,38000,29000,112,1,0
7614,P1,68000,40000,40000,36000,69,0,0
7615,P1,68000,26000,40000,22000,79,0,0
7616,Stalemate,28000,67000,28000,39000,112,1,0
7617,Stalemate,35000,67000,35000,39000,112,1,0
7618,Stalemate,67000,37000,39000,37000,112,1,0
7619,P1,80000,41000,40000,37000,95,0,0
7620,Stalemate,17000,67000,17000,39000,112,1,1
7621,Stalemate,44000,8000,32000,4000,112,1,1
7622,Stalemate,36000,48000,32000,36000,112,1,0
7623,P2,23000,64000,15000,40000,80,0,0
7624,P1,68000,14000,40000,10000,97,0,0
7625,P1,60000,25000,40000,25000,49,0,0
7626,Stalemate,26000,47000,18000,39000,112,1,1
7627,P1,84000,32000,40000,32000,67,0,0
7628,Stalemate,44000,17000,32000,13000,112,1,1
7629,Stalemate,26000,26000,18000,18000,112,1,0
7630,P1,64000,46000,40000,38000,89,0,0
7631,Stalemate,40000,38000,36000,26000,112,1,0
7632,Stalemate,58000,25000,30000,25000,112,1,0
7633,P2,7000,56000,7000,40000,32,0,0
7634,Stalemate,42000,14000,34000,6000,112,1,1
7635,Stalemate,35000,30000,27000,22000,112,1,1
7636,P1,68000,32000,40000,28000,95,0,0
7637,P2,29000,68000,29000,40000,72,0,1
7638,P1,76000,38000,40000,30000,87,0,0
7639,Stalemate,44000,25000,36000,17000,112,1,0
7640,Stalemate,43000,39000,15000,39000,112,1,0
7641,P1,68000,29000,40000,25000,69,0,1
7642,P2,15000,68000,11000,40000,86,0,0
7643,P1,64000,13000,40000,13000,57,0,0
7644,Stalemate,67000,6000,39000,6000,112,1,0
7645,P1,60000,34000,40000,26000,41,0,0
7646,Stalemate,56000,21000,28000,21000,112,1,1
7647,P1,60000,30000,40000,18000,73,0,0
7648,Stalemate,47000,37000,39000,29000,112,1,0
7649,P1,68000,43000,40000,39000,89,0,0
7650,Stalemate,48000,36000,36000,32000,112,1,0
7651,P2,8000,68000,4000,40000,80,0,0
7652,Stalemate,45000,44000,37000,36000,112,1,0
7653,Stalemate,34000,13000,22000,9000,112,1,1
7654,P1,64000,30000,40000,22000,99,0,0
7655,P1,60000,10000,40000,6000,83,0,0
7656,Stalemate,39000,40000,31000,32000,112,1,0
7657,P2,22000,68000,18000,40000,78,0,0
7658,Stalemate,27000,16000,23000,4000,112,1,1
7659,P2,26000,60000,22000,40000,44,0,0
7660,P2,17000,64000,9000,40000,88,0,0
7661,P2,13000,84000,13000,40000,54,0,1
7662,P1,68000,31000,40000,27000,59,0,0
7663,Stalemate,41000,50000,37000,38000,112,1,0
7664,P2,5000,64000,5000,40000,74,0,0
7665,P1,84000,28000,40000,28000,93,0,0
7666,Stalemate,41000,42000,37000,30000,112,1,0
7667,P2,8000,76000,8000,40000,72,0,1
7668,Stalemate,38000,51000,34000,39000,112,1,0
7669,P2,48000,56000,20000,40000,96,0,0
7670,P2,41000,64000,37000,40000,88,0,0
7671,P2,6000,68000,2000,40000,96,0,0
7672,Stalemate,47000,22000,39000,14000,112,1,0
7673,Stalemate,42000,37000,38000,25000,112,1,0
7674,P2,0,84000,0,40000,62,0,1
7675,P1,60000,10000,40000,10000,41,0,1
7676,P2,34000,72000,22000,40000,100,0,0
7677,P2,39000,68000,35000,40000,70,0,0
7678,P2,10000,64000,6000,40000,78,0,0
7679,P1,64000,16000,40000,16000,53,0,1
7680,Stalemate,43000,51000,39000,39000,112,1,0
7681,P2,33000,64000,25000,40000,88,0,0
7682,P2,15000,76000,7000,40000,60,0,0
7683,P1,60000,15000,40000,11000,75,0,1
7684,P2,18000,64000,18000,40000,82,0,0
7685,Stalemate,16000,8000,8000,0,112,1,0
7686,Stalemate,46000,41000,34000,37000,112,1,1
7687,Stalemate,28000,30000,24000,18000,112,1,1
7688,Stalemate,26000,50000,22000,38000,112,1,0
7689,P2,12000,60000,8000,40000,66,0,1
7690,P2,18000,64000,18000,40000,72,0,0
7691,Stalemate,27000,46000,19000,38000,112,1,1
7692,P1,72000,32000,40000,20000,81,0,0
7693,Stalemate,32000,31000,20000,27000,112,1,0
7694,Stalemate,42000,24000,38000,12000,112,1,0
7695,Stalemate,18000,12000,6000,8000,112,1,0
7696,Stalemate,48000,38000,36000,34000,112,1,1
7697,P1,64000,34000,40000,30000,47,0,0
7698,P1,64000,16000,40000,8000,93,0,0
7699,P2,18000,84000,18000,40000,72,0,1
7700,P1,64000,30000,40000,22000,95,0,1
7701,Stalemate,30000,44000,26000,32000,112,1,0
7702,Stalemate,50000,26000,38000,22000,112,1,1
7703,P1,84000,31000,40000,31000,59,0,0
7704,P1,64000,29000,40000,21000,95,0,0
7705,P2,20000,64000,16000,40000,62,0,0
7706,P1,64000,46000,40000,38000,95,0,0
7707,P1,64000,29000,40000,29000,95,0,0
7708,P2,15000,60000,11000,40000,30,0,0
7709,Stalemate,40000,47000,32000,39000,112,1,0
7710,Stalemate,51000,28000,39000,24000,112,1,0
7711,Stalemate,25000,36000,17000,28000,112,1,1
7712,Stalemate,41000,30000,29000,26000,112,1,0
7713,Stalemate,45000,47000,37000,39000,112,1,0
7714,Stalemate,41000,39000,33000,31000,112,1,0
7715,P2,8000,84000,8000,40000,94,0,0
7716,P2,37000,64000,33000,40000,74,0,0
7717,Stalemate,43000,47000,35000,39000,112,1,1
7718,P2,26000,64000,18000,40000,90,0,0
7719,Stalemate,49000,9000,21000,9000,112,1,0
7720,Stalemate,40000,33000,36000,21000,112,1,0
7721,Stalemate,47000,10000,39000,2000,112,1,0
7722,Stalemate,51000,30000,39000,26000,112,1,1
7723,P1,64000,27000,40000,19000,85,0,0
7724,P1,60000,30000,40000,30000,57,0,0
7725,Stalemate,17000,18000,5000,14000,112,1,1
7726,Stalemate,49000,10000,37000,6000,112,1,0
7727,Stalemate,38000,67000,38000,39000,112,1,0
7728,P2,27000,64000,19000,40000,94,0,0
7729,Stalemate,18000,28000,10000,20000,112,1,0
7730,Stalemate,31000,23000,27000,11000,112,1,0
7731,Stalemate,42000,41000,30000,37000,112,1,0
7732,Stalemate,49000,35000,37000,31000,112,1,1
7733,P2,35000,56000,31000,40000,68,0,0
7734,Stalemate,26000,12000,18000,4000,112,1,0
7735,Stalemate,36000,50000,32000,38000,112,1,1
7736,Stalemate,30000,28000,18000,24000,112,1,1
7737,P1,84000,0,40000,0,57,0,1
7738,P2,8000,80000,0,40000,40,0,0
7739,Stalemate,24000,17000,16000,9000,112,1,0
7740,P1,60000,11000,40000,3000,39,0,0
7741,Stalemate,29000,40000,21000,32000,112,1,0
7742,Stalemate,46000,31000,34000,27000,112,1,0
7743,Stalemate,18000,57000,18000,29000,112,1,0
7744,Stalemate,49000,28000,21000,28000,112,1,0
7745,Stalemate,29000,43000,17000,39000,112,1,0
7746,Stalemate,19000,40000,15000,28000,112,1,0
7747,Stalemate,45000,46000,37000,38000,112,1,1
7748,Stalemate,43000,36000,39000,24000,112,1,0
7749,P2,19000,64000,19000,40000,56,0,0
7750,Stalemate,46000,12000,38000,4000,112,1,1
7751,P2,33000,64000,25000,40000,60,0,0
7752,Stalemate,44000,33000,32000,29000,112,1,1
7753,Stalemate,51000,23000,39000,19000,112,1,1
7754,Stalemate,33000,39000,29000,27000,112,1,0
7755,Stalemate,24000,47000,20000,35000,112,1,0
7756,Stalemate,22000,21000,14000,13000,112,1,1
7757,P1,64000,30000,40000,22000,63,0,0
7758,Stalemate,37000,49000,33000,37000,112,1,1
7759,Stalemate,44000,32000,36000,24000,112,1,0
7760,P1,60000,28000,40000,20000,85,0,0
7761,Stalemate,36000,42000,28000,34000,112,1,0
7762,Stalemate,36000,51000,32000,39000,112,1,1
7763,P2,43000,64000,35000,40000,98,0,0
7764,Stalemate,38000,32000,26000,28000,112,1,0
7765,P1,68000,14000,40000,10000,91,0,0
7766,Stalemate,33000,30000,25000,22000,112,1,0
7767,P1,64000,43000,40000,39000,71,0,0
7768,P2,34000,68000,30000,40000,90,0,0
7769,Stalemate,43000,36000,31000,32000,112,1,0
7770,P2,20000,68000,16000,40000,96,0,0
7771,Stalemate,27000,43000,23000,31000,112,1,0
7772,Stalemate,20000,51000,16000,39000,112,1,1
7773,Stalemate,16000,41000,8000,33000,112,1,0
7774,P2,42000,60000,34000,40000,78,0,0
7775,P1,64000,16000,40000,12000,53,0,1
7776,Stalemate,51000,43000,39000,39000,112,1,1
7777,P1,80000,31000,40000,27000,91,0,0
7778,P1,64000,36000,40000,28000,91,0,0
7779,P1,60000,10000,40000,2000,33,0,0
7780,Stalemate,11000,66000,11000,38000,112,1,0
7781,Stalemate,42000,8000,30000,4000,112,1,1
7782,Stalemate,67000,37000,39000,37000,112,1,0
7783,P1,64000,19000,40000,11000,83,0,0
7784,P2,24000,72000,20000,40000,70,0,0
7785,P1,68000,41000,40000,37000,97,0,0
7786,Stalemate,51000,28000,39000,24000,112,1,0
7787,P2,24000,72000,24000,40000,34,0,0
7788,P1,64000,24000,40000,20000,91,0,0
7789,P1,68000,40000,40000,36000,99,0,0
7790,P2,27000,92000,23000,40000,102,0,0
7791,P2,26000,64000,18000,40000,90,0,0
7792,Stalemate,34000,51000,30000,39000,112,1,0
7793,Stalemate,25000,9000,13000,5000,112,1,1
7794,P2,29000,76000,25000,40000,72,0,1
7795,Stalemate,30000,47000,22000,39000,112,1,0
7796,P1,68000,37000,40000,33000,85,0,0
7797,Stalemate,51000,28000,39000,24000,112,1,0
7798,Stalemate,4000,49000,0,37000,112,1,1
7799,Stalemate,50000,23000,38000,19000,112,1,1
7800,P1,64000,38000,40000,30000,83,0,0
7801,P1,68000,16000,40000,12000,83,0,0
7802,Stalemate,20000,28000,12000,20000,112,1,0
7803,P1,64000,46000,40000,38000,91,0,0
7804,P2,19000,68000,15000,40000,78,0,0
7805,P1,76000,26000,40000,26000,89,0,1
7806,P2,37000,68000,33000,40000,92,0,0
7807,P1,64000,15000,40000,11000,61,0,0
7808,Stalemate,37000,18000,25000,14000,112,1,0
7809,P2,14000,68000,14000,40000,82,0,0
7810,P2,17000,68000,13000,40000,96,0,0
7811,Stalemate,42000,19000,38000,7000,112,1,0
7812,P1,60000,35000,40000,31000,59,0,0
7813,Stalemate,21000,42000,17000,30000,112,1,1
7814,Stalemate,67000,38000,39000,38000,112,1,1
7815,Stalemate,51000,24000,39000,20000,112,1,1
7816,P1,64000,26000,40000,18000,87,0,0
7817,Stalemate,27000,28000,19000,20000,112,1,0
7818,Stalemate,31000,15000,23000,7000,112,1,0
7819,P1,60000,22000,40000,10000,77,0,0
7820,P1,68000,29000,40000,25000,87,0,0
7821,Stalemate,23000,43000,15000,35000,112,1,0
7822,Stalemate,40000,34000,36000,22000,112,1,0
7823,Stalemate,27000,42000,19000,34000,112,1,0
7824,Stalemate,24000,43000,16000,35000,112,1,0
7825,P2,23000,64000,15000,40000,80,0,1
7826,Stalemate,21000,21000,17000,9000,112,1,0
7827,P1,72000,50000,40000,38000,101,0,0
7828,Stalemate,31000,35000,23000,27000,112,1,0
7829,P2,50000,60000,38000,40000,74,0,0
7830,Stalemate,29000,47000,21000,39000,112,1,1
7831,P2,38000,64000,34000,40000,62,0,1
7832,P1,60000,34000,40000,26000,95,0,0
7833,Stalemate,25000,42000,13000,38000,112,1,0
7834,Stalemate,35000,30000,23000,26000,112,1,1
7835,P2,31000,84000,31000,40000,90,0,0
7836,P1,64000,32000,40000,28000,91,0,0
7837,Stalemate,12000,46000,8000,34000,112,1,0
7838,Stalemate,38000,21000,30000,13000,112,1,0
7839,Stalemate,37000,20000,25000,16000,112,1,1
7840,P2,31000,80000,31000,40000,58,0,0
7841,P2,25000,76000,17000,40000,100,0,0
7842,Stalemate,47000,21000,39000,13000,112,1,0
7843,P1,68000,42000,40000,38000,81,0,0
7844,P2,35000,60000,31000,40000,86,0,0
7845,P1,68000,21000,40000,17000,97,0,0
7846,Stalemate,43000,34000,31000,30000,112,1,0
7847,Stalemate,63000,28000,35000,28000,112,1,1
7848,P1,64000,35000,40000,27000,89,0,1
7849,P2,31000,68000,27000,40000,88,0,0
7850,P2,17000,60000,13000,40000,84,0,1
7851,P2,39000,60000,27000,40000,82,0,0
7852,P2,20000,64000,16000,40000,84,0,0
7853,P2,45000,64000,37000,40000,94,0,0
7854,P1,76000,12000,40000,8000,77,0,1
7855,Stalemate,34000,31000,22000,27000,112,1,0
7856,P1,64000,34000,40000,30000,71,0,0
7857,Stalemate,59000,36000,31000,36000,112,1,0
7858,P2,21000,68000,21000,40000,84,0,0
7859,Stalemate,58000,17000,30000,17000,112,1,0
7860,P2,43000,64000,35000,40000,82,0,0
7861,P2,8000,64000,4000,40000,50,0,0
7862,Stalemate,39000,39000,27000,35000,112,1,1
7863,P2,32000,56000,24000,40000,40,0,0
7864,Stalemate,49000,20000,37000,16000,112,1,1
7865,P1,64000,36000,40000,28000,99,0,0
7866,Stalemate,37000,36000,29000,28000,112,1,1
7867,P2,39000,64000,39000,40000,68,0,0
7868,P1,64000,46000,40000,38000,75,0,0
7869,P2,43000,60000,35000,40000,88,0,0
7870,Stalemate,51000,24000,39000,8000,111,1,1
7871,Stalemate,42000,47000,38000,35000,112,1,0
7872,Stalemate,23000,49000,19000,37000,112,1,0
7873,P2,33000,64000,29000,40000,90,0,0
7874,P1,84000,8000,40000,0,77,0,0
7875,Stalemate,43000,47000,39000,35000,112,1,1
7876,P2,18000,84000,18000,40000,84,0,1
7877,Stalemate,35000,44000,31000,20000,111,1,1
7878,Stalemate,24000,24000,16000,16000,112,1,0
7879,P2,21000,68000,21000,40000,96,0,0
7880,P1,64000,12000,40000,12000,85,0,0
7881,P1,76000,25000,40000,21000,71,0,0
7882,Stalemate,35000,17000,27000,9000,112,1,1
7883,Stalemate,41000,39000,33000,31000,112,1,0
7884,P1,60000,36000,40000,28000,63,0,0
7885,P1,60000,45000,40000,37000,75,0,0
7886,Stalemate,25000,24000,17000,16000,112,1,0
7887,Stalemate,32000,39000,28000,27000,112,1,0
7888,Stalemate,44000,33000,36000,25000,112,1,0
7889,Stalemate,42000,42000,30000,38000,112,1,0
7890,Stalemate,21000,19000,17000,7000,112,1,1
7891,P1,60000,31000,40000,23000,59,0,1
7892,Stalemate,17000,28000,13000,16000,112,1,1
7893,P2,8000,92000,0,40000,60,0,1
7894,P1,60000,37000,40000,25000,97,0,1
7895,P2,32000,64000,28000,40000,68,0,0
7896,P2,42000,64000,38000,40000,98,0,1
7897,Stalemate,46000,25000,38000,17000,112,1,0
7898,Stalemate,26000,23000,22000,11000,112,1,0
7899,Stalemate,40000,42000,32000,34000,112,1,1
7900,Stalemate,47000,24000,39000,16000,112,1,0
7901,Stalemate,40000,45000,32000,37000,112,1,0
7902,Stalemate,7000,64000,7000,36000,112,1,1
7903,Stalemate,12000,45000,4000,37000,112,1,1
7904,Stalemate,16000,51000,12000,39000,112,1,1
7905,P2,29000,64000,21000,40000,92,0,0
7906,P1,60000,23000,40000,19000,81,0,0
7907,Stalemate,47000,39000,35000,35000,112,1,0
7908,P1,64000,42000,40000,34000,87,0,0
7909,P2,29000,64000,21000,40000,96,0,0
7910,Stalemate,59000,21000,31000,21000,112,1,1
7911,P2,33000,68000,29000,40000,84,0,0
7912,P2,12000,64000,4000,40000,98,0,1
7913,P2,52000,56000,24000,40000,92,0,0
7914,P1,72000,43000,40000,31000,85,0,0
7915,P2,28000,76000,20000,40000,100,0,1
7916,Stalemate,47000,45000,39000,37000,112,1,0
7917,Stalemate,30000,47000,22000,39000,112,1,0
7918,P1,60000,32000,40000,24000,57,0,0
7919,Stalemate,19000,11000,11000,3000,112,1,0
7920,Stalemate,7000,50000,3000,38000,112,1,1
7921,Stalemate,44000,37000,36000,29000,112,1,1
7922,Stalemate,38000,8000,30000,0,112,1,1
7923,Stalemate,36000,17000,28000,9000,112,1,1
7924,Stalemate,47000,23000,39000,15000,112,1,0
7925,P2,22000,56000,10000,40000,96,0,0
7926,P2,12000,60000,8000,40000,80,0,1
7927,P1,60000,35000,40000,23000,97,0,0
7928,P2,26000,68000,22000,40000,96,0,0
7929,P1,80000,29000,40000,25000,79,0,0
7930,Stalemate,27000,52000,27000,24000,112,1,0
7931,Stalemate,51000,29000,39000,25000,112,1,0
7932,Stalemate,18000,47000,14000,35000,112,1,0
7933,P1,60000,21000,40000,13000,59,0,0
7934,P1,64000,19000,40000,11000,65,0,1
7935,P1,64000,9000,40000,5000,53,0,0
7936,Stalemate,38000,27000,30000,19000,112,1,0
7937,Stalemate,47000,29000,39000,21000,112,1,1
7938,Stalemate,21000,20000,17000,8000,112,1,0
7939,Stalemate,31000,14000,19000,10000,112,1,1
7940,P2,22000,84000,22000,40000,96,0,0
7941,P1,64000,25000,40000,21000,35,0,0
7942,P2,24000,76000,20000,40000,74,0,0
7943,Stalemate,51000,18000,39000,14000,112,1,0
7944,Stalemate,28000,33000,20000,25000,112,1,0
7945,Stalemate,40000,12000,36000,0,112,1,0
7946,Stalemate,30000,45000,26000,33000,112,1,0
7947,P2,47000,76000,39000,40000,98,0,1
7948,Stalemate,32000,41000,28000,29000,112,1,0
7949,Stalemate,10000,51000,6000,39000,112,1,1
7950,Stalemate,42000,31000,34000,23000,112,1,0
7951,P1,76000,33000,40000,25000,87,0,0
7952,P2,21000,64000,17000,40000,76,0,0
7953,Stalemate,46000,39000,38000,31000,112,1,1
7954,P2,29000,60000,21000,40000,60,0,0
7955,P1,56000,23000,40000,15000,29,0,0
7956,Stalemate,45000,42000,33000,38000,112,1,0
7957,Stalemate,47000,46000,39000,38000,112,1,1
7958,Stalemate,42000,13000,34000,5000,112,1,0
7959,P2,35000,60000,23000,40000,98,0,0
7960,P1,80000,12000,40000,8000,61,0,1
7961,P1,72000,41000,40000,33000,67,0,0
7962,P2,36000,56000,28000,40000,56,0,0
7963,P2,14000,64000,10000,40000,74,0,1
7964,P1,84000,10000,40000,10000,79,0,0
7965,Stalemate,35000,33000,23000,29000,112,1,0
7966,P2,34000,60000,30000,40000,48,0,0
7967,Stalemate,21000,18000,9000,14000,112,1,0
7968,P1,64000,43000,40000,35000,95,0,0
7969,Stalemate,22000,35000,10000,31000,112,1,1
7970,Stalemate,67000,33000,39000,33000,112,1,0
7971,P1,60000,35000,40000,31000,55,0,0
7972,Stalemate,32000,51000,28000,39000,112,1,0
7973,Stalemate,36000,24000,32000,12000,112,1,0
7974,Stalemate,40000,24000,36000,12000,112,1,0
7975,Stalemate,8000,44000,0,36000,112,1,0
7976,P2,12000,68000,12000,40000,42,0,0
7977,Stalemate,35000,16000,31000,4000,112,1,0
7978,Stalemate,51000,23000,39000,19000,112,1,0
7979,Stalemate,51000,43000,39000,39000,112,1,0
7980,Stalemate,43000,29000,31000,25000,112,1,0
7981,P1,60000,35000,40000,23000,47,0,0
7982,P1,68000,38000,40000,34000,89,0,0
7983,Stalemate,26000,51000,22000,39000,112,1,1
7984,Stalemate,15000,22000,7000,14000,112,1,1
7985,Stalemate,51000,29000,39000,25000,112,1,0
7986,P2,38000,68000,34000,40000,68,0,0
7987,P2,23000,64000,15000,40000,82,0,0
7988,P1,64000,23000,40000,23000,61,0,0
7989,P1,68000,4000,40000,4000,65,0,0
7990,Stalemate,43000,46000,35000,38000,112,1,1
7991,Stalemate,41000,46000,33000,38000,112,1,0
7992,P2,15000,64000,11000,40000,44,0,0
7993,Stalemate,26000,46000,18000,38000,112,1,0
7994,P1,96000,19000,40000,19000,89,0,1
7995,Stalemate,15000,41000,11000,29000,112,1,0
7996,P2,4000,88000,0,40000,96,0,1
7997,P1,64000,47000,40000,39000,89,0,0
7998,P2,46000,76000,38000,40000,100,0,0
7999,P1,64000,44000,40000,36000,91,0,0
8000,Stalemate,43000,36000,31000,32000,112,1,1
8001,Stalemate,38000,35000,34000,23000,112,1,0
8002,P1,64000,15000,40000,11000,37,0,0
8003,Stalemate,39000,15000,27000,11000,112,1,1
8004,Stalemate,51000,36000,39000,32000,112,1,0
8005,P1,76000,41000,40000,37000,51,0,0
8006,P1,64000,7000,40000,3000,65,0,1
8007,Stalemate,23000,51000,19000,39000,112,1,0
8008,Stalemate,21000,27000,13000,19000,112,1,1
8009,P2,30000,76000,26000,40000,68,0,0
8010,Stalemate,13000,24000,9000,12000,112,1,1
8011,P2,37000,64000,33000,40000,76,0,0
8012,Stalemate,37000,43000,33000,31000,112,1,0
8013,P2,32000,80000,28000,40000,70,0,1
8014,P2,28000,64000,20000,40000,92,0,0
8015,P2,17000,60000,13000,40000,58,0,0
8016,Stalemate,35000,50000,31000,38000,112,1,1
8017,Stalemate,24000,18000,16000,10000,112,1,0
8018,P2,39000,68000,35000,40000,86,0,0
8019,P1,56000,24000,40000,12000,85,0,0
8020,Stalemate,29000,34000,21000,26000,112,1,0
8021,P1,56000,24000,40000,12000,87,0,0
8022,Stalemate,44000,9000,36000,1000,112,1,0
8023,Stalemate,51000,18000,39000,14000,112,1,0
8024,P1,68000,41000,40000,37000,91,0,0
8025,Stalemate,27000,42000,19000,34000,112,1,1
8026,P1,60000,46000,40000,38000,75,0,0
8027,P2,18000,84000,18000,40000,56,0,0
8028,P2,28000,60000,20000,40000,60,0,1
8029,P1,56000,16000,40000,12000,53,0,1
8030,P1,60000,16000,40000,8000,89,0,0
8031,P2,35000,60000,31000,40000,72,0,0
8032,P1,68000,17000,40000,17000,77,0,1
8033,P1,68000,30000,40000,26000,93,0,0
8034,Stalemate,42000,38000,38000,26000,112,1,0
8035,Stalemate,66000,20000,38000,20000,112,1,1
8036,Stalemate,15000,37000,11000,25000,112,1,1
8037,P2,22000,60000,14000,40000,70,0,1
8038,Stalemate,22000,39000,10000,35000,112,1,0
8039,P1,64000,19000,40000,15000,71,0,0
8040,Stalemate,47000,45000,39000,37000,112,1,0
8041,Stalemate,39000,37000,31000,29000,112,1,0
8042,Stalemate,30000,19000,22000,11000,112,1,0
8043,Stalemate,65000,29000,37000,29000,112,1,1
8044,Stalemate,51000,33000,39000,29000,112,1,0
8045,P1,64000,29000,40000,25000,81,0,0
8046,Stalemate,40000,38000,32000,30000,112,1,0
8047,P1,64000,38000,40000,38000,83,0,0
8048,P2,23000,68000,19000,40000,38,0,0
8049,P1,68000,28000,40000,24000,81,0,0
8050,P1,68000,10000,40000,10000,51,0,1
8051,P1,80000,24000,40000,20000,95,0,0
8052,Stalemate,20000,47000,12000,39000,112,1,0
8053,P2,28000,56000,24000,40000,28,0,0
8054,P2,26000,64000,22000,40000,46,0,0
8055,P1,72000,19000,40000,7000,99,0,0
8056,P1,64000,30000,40000,30000,51,0,0
8057,P2,23000,64000,23000,40000,46,0,0
8058,Stalemate,36000,47000,28000,39000,112,1,0
8059,Stalemate,11000,47000,7000,35000,112,1,1
8060,Stalemate,23000,32000,19000,20000,112,1,1
8061,Stalemate,47000,22000,39000,14000,112,1,0
8062,P2,45000,64000,37000,40000,96,0,0
8063,Stalemate,27000,39000,23000,27000,112,1,0
8064,Stalemate,39000,41000,31000,33000,112,1,0
8065,Stalemate,26000,12000,14000,8000,112,1,0
8066,P2,27000,84000,27000,40000,98,0,0
8067,Stalemate,31000,36000,19000,32000,112,1,0
8068,P2,25000,64000,17000,40000,80,0,0
8069,P1,68000,36000,40000,32000,95,0,0
8070,Stalemate,31000,37000,23000,29000,112,1,0
8071,P2,25000,56000,13000,40000,88,0,0
8072,Stalemate,23000,19000,15000,11000,112,1,0
8073,P1,60000,35000,40000,31000,83,0,0
8074,Stalemate,42000,41000,30000,37000,112,1,1
8075,P1,80000,16000,40000,12000,43,0,1
8076,P1,64000,40000,40000,36000,53,0,0
8077,Stalemate,24000,43000,16000,35000,112,1,0
8078,P2,36000,64000,28000,40000,92,0,0
8079,P1,60000,16000,40000,8000,49,0,1
8080,P2,23000,68000,23000,40000,76,0,0
8081,Stalemate,43000,14000,39000,2000,112,1,0
8082,P1,60000,7000,40000,3000,61,0,0
8083,Stalemate,45000,47000,37000,39000,112,1,0
8084,Stalemate,24000,46000,16000,38000,112,1,0
8085,Stalemate,50000,27000,38000,23000,112,1,0
8086,P2,21000,60000,17000,40000,52,0,0
8087,P2,17000,68000,17000,40000,66,0,1
8088,Stalemate,4000,51000,0,39000,112,1,1
8089,Stalemate,43000,47000,35000,39000,112,1,1
8090,Stalemate,21000,31000,17000,19000,112,1,0
8091,Stalemate,5000,49000,1000,37000,112,1,1
8092,P1,68000,21000,40000,21000,85,0,1
8093,P1,60000,18000,40000,10000,65,0,1
8094,P1,84000,22000,40000,22000,87,0,0
8095,Stalemate,48000,22000,36000,18000,112,1,0
8096,Stalemate,29000,41000,21000,33000,112,1,0
8097,Stalemate,39000,36000,31000,28000,112,1,0
8098,P1,60000,37000,40000,33000,59,0,0
8099,P2,8000,80000,0,40000,54,0,1
8100,Stalemate,35000,35000,31000,23000,112,1,0
8101,P2,13000,92000,9000,40000,95,0,0
8102,P1,68000,22000,40000,22000,85,0,0
8103,Stalemate,46000,29000,38000,21000,112,1,0
8104,Stalemate,40000,51000,36000,39000,112,1,1
8105,Stalemate,40000,36000,36000,24000,112,1,0
8106,P2,22000,56000,14000,40000,58,0,0
8107,P1,68000,33000,40000,29000,89,0,0
8108,P1,60000,5000,40000,1000,77,0,1
8109,Stalemate,31000,34000,23000,26000,112,1,0
8110,Stalemate,47000,32000,35000,28000,112,1,1
8111,P1,88000,5000,40000,1000,78,0,0
8112,Stalemate,6000,45000,2000,33000,112,1,0
8113,P1,64000,34000,40000,26000,87,0,0
8114,P2,51000,60000,39000,40000,78,0,0
8115,Stalemate,49000,23000,37000,19000,112,1,0
8116,P2,3000,68000,3000,40000,58,0,1
8117,Stalemate,13000,30000,13000,2000,112,1,0
8118,Stalemate,19000,35000,15000,23000,112,1,1
8119,Stalemate,41000,46000,33000,38000,112,1,0
8120,Stalemate,42000,51000,38000,39000,112,1,0
8121,P1,60000,8000,40000,4000,59,0,0
8122,Stalemate,46000,46000,38000,38000,112,1,0
8123,P1,64000,23000,40000,15000,77,0,1
8124,Stalemate,40000,43000,28000,39000,112,1,1
8125,P1,80000,6000,40000,2000,75,0,0
8126,Stalemate,15000,14000,11000,2000,112,1,0
8127,Stalemate,40000,48000,36000,36000,112,1,1
8128,Stalemate,47000,29000,39000,21000,112,1,0
8129,Stalemate,45000,36000,33000,32000,112,1,0
8130,P2,23000,64000,15000,40000,96,0,0
8131,Stalemate,47000,47000,39000,39000,112,1,1
8132,Stalemate,44000,41000,36000,33000,112,1,0
8133,Stalemate,27000,25000,15000,21000,112,1,1
8134,Stalemate,10000,43000,2000,35000,112,1,1
8135,P1,60000,28000,40000,20000,77,0,0
8136,Stalemate,47000,19000,35000,15000,112,1,0
8137,Stalemate,36000,34000,32000,22000,112,1,0
8138,P2,12000,68000,8000,40000,80,0,1
8139,Stalemate,47000,44000,39000,36000,112,1,0
8140,P1,60000,29000,40000,21000,79,0,1
8141,Stalemate,17000,33000,13000,21000,112,1,1
8142,Stalemate,35000,51000,31000,39000,112,1,1
8143,Stalemate,27000,16000,19000,8000,112,1,1
8144,Stalemate,23000,41000,15000,33000,112,1,0
8145,P2,40000,60000,36000,40000,62,0,0
8146,P1,64000,33000,40000,29000,75,0,1
8147,P1,56000,22000,40000,18000,39,0,0
8148,P2,35000,72000,31000,40000,46,0,0
8149,P1,68000,15000,40000,11000,79,0,0
8150,P2,24000,68000,20000,40000,68,0,0
8151,Stalemate,50000,28000,38000,24000,112,1,0
8152,Stalemate,36000,43000,24000,39000,112,1,0
8153,Stalemate,38000,42000,34000,30000,112,1,1
8154,P2,29000,72000,21000,40000,78,0,0
8155,P2,42000,64000,38000,40000,58,0,0
8156,Stalemate,43000,29000,39000,17000,112,1,0
8157,P2,40000,56000,28000,40000,88,0,0
8158,Stalemate,30000,18000,22000,10000,112,1,1
8159,Stalemate,37000,38000,33000,26000,112,1,1
8160,P1,64000,26000,40000,18000,91,0,0
8161,Stalemate,28000,47000,20000,39000,112,1,0
8162,Stalemate,35000,22000,27000,14000,112,1,0
8163,P2,18000,64000,10000,40000,78,0,0
8164,P1,68000,16000,40000,16000,91,0,0
8165,P2,11000,64000,7000,40000,94,0,0
8166,Stalemate,44000,42000,32000,38000,112,1,0
8167,Stalemate,51000,19000,39000,15000,112,1,0
8168,Stalemate,8000,36000,0,28000,112,1,0
8169,Stalemate,25000,21000,17000,13000,112,1,1
8170,Stalemate,31000,34000,27000,22000,112,1,0
8171,Stalemate,40000,36000,28000,32000,112,1,1
8172,Stalemate,28000,35000,20000,27000,112,1,0
8173,P1,68000,25000,40000,21000,83,0,0
8174,Stalemate,56000,0,28000,0,112,1,0
8175,P2,38000,68000,34000,40000,76,0,0
8176,P1,64000,14000,40000,10000,85,0,0
8177,P1,60000,36000,40000,28000,57,0,0
8178,Stalemate,36000,13000,24000,9000,112,1,0
8179,Stalemate,22000,29000,14000,21000,112,1,0
8180,Stalemate,36000,41000,32000,29000,112,1,0
8181,P1,64000,43000,40000,39000,83,0,0
8182,Stalemate,19000,49000,15000,37000,112,1,0
8183,Stalemate,41000,28000,33000,20000,112,1,1
8184,Stalemate,32000,35000,24000,27000,112,1,1
8185,Stalemate,34000,65000,34000,37000,112,1,0
8186,P2,33000,80000,29000,40000,100,0,0
8187,Stalemate,28000,23000,16000,19000,112,1,0
8188,Stalemate,20000,37000,16000,25000,112,1,0
8189,P2,32000,60000,28000,40000,66,0,0
8190,Stalemate,33000,42000,25000,34000,112,1,1
8191,Stalemate,65000,34000,37000,34000,112,1,0
8192,Stalemate,46000,37000,38000,29000,112,1,0
8193,P1,60000,43000,40000,39000,81,0,0
8194,Stalemate,19000,23000,15000,11000,112,1,1
8195,P1,80000,40000,40000,36000,101,0,0
8196,Stalemate,41000,49000,37000,37000,112,1,0
8197,P2,4000,96000,4000,40000,100,0,1
8198,Stalemate,67000,25000,39000,25000,112,1,1
8199,Stalemate,48000,31000,36000,27000,112,1,1
8200,Stalemate,13000,37000,5000,29000,112,1,0
8201,Stalemate,18000,48000,14000,36000,112,1,0
8202,Stalemate,18000,47000,10000,39000,112,1,1
8203,P1,60000,40000,40000,36000,61,0,0
8204,P1,76000,31000,40000,23000,95,0,0
8205,P2,35000,68000,31000,40000,76,0,0
8206,P1,60000,35000,40000,27000,49,0,0
8207,P1,56000,36000,40000,24000,69,0,0
8208,Stalemate,5000,61000,5000,33000,112,1,0
8209,Stalemate,35000,22000,23000,18000,112,1,0
8210,P1,60000,41000,40000,37000,81,0,0
8211,P2,33000,64000,25000,40000,86,0,0
8212,P2,39000,64000,31000,40000,82,0,0
8213,Stalemate,36000,28000,28000,20000,112,1,0
8214,Stalemate,37000,62000,37000,34000,112,1,0
8215,P1,64000,21000,40000,13000,91,0,1
8216,Stalemate,34000,35000,26000,27000,112,1,0
8217,Stalemate,19000,42000,11000,22000,111,1,1
8218,Stalemate,49000,29000,37000,25000,112,1,0
8219,P2,23000,76000,19000,40000,74,0,0
8220,P1,64000,14000,40000,10000,49,0,0
8221,P1,68000,26000,40000,22000,83,0,1
8222,Stalemate,21000,36000,9000,32000,112,1,1
8223,P1,76000,42000,40000,34000,85,0,0
8224,P1,64000,31000,40000,23000,81,0,0
8225,P1,64000,10000,40000,6000,77,0,0
8226,P2,24000,64000,20000,40000,90,0,0
8227,P1,60000,39000,40000,27000,95,0,0
8228,Stalemate,19000,40000,15000,28000,112,1,0
8229,Stalemate,37000,12000,25000,8000,112,1,1
8230,P2,42000,64000,34000,40000,80,0,0
8231,P2,25000,64000,21000,40000,88,0,0
8232,P2,25000,68000,25000,40000,70,0,0
8233,P2,14000,64000,10000,40000,70,0,1
8234,P2,42000,76000,34000,40000,100,0,0
8235,Stalemate,39000,31000,31000,23000,112,1,0
8236,P2,47000,64000,39000,40000,80,0,0
8237,Stalemate,46000,43000,34000,39000,112,1,0
8238,P1,64000,36000,40000,28000,97,0,0
8239,P1,60000,25000,40000,13000,81,0,0
8240,P2,7000,68000,3000,40000,66,0,0
8241,Stalemate,51000,32000,39000,28000,112,1,1
8242,Stalemate,44000,47000,36000,39000,112,1,0
8243,Stalemate,43000,33000,31000,29000,112,1,0
8244,Stalemate,6000,45000,2000,33000,112,1,1
8245,P1,68000,33000,40000,29000,53,0,0
8246,P1,76000,21000,40000,17000,69,0,1
8247,Stalemate,24000,50000,20000,38000,112,1,0
8248,Stalemate,51000,42000,39000,38000,112,1,0
8249,P2,43000,64000,35000,40000,94,0,1
8250,P1,64000,28000,40000,24000,67,0,0
8251,Stalemate,46000,12000,38000,4000,112,1,0
8252,Stalemate,42000,27000,34000,19000,112,1,1
8253,Stalemate,41000,29000,37000,5000,111,1,0
8254,Stalemate,42000,50000,38000,38000,112,1,0
8255,Stalemate,23000,12000,19000,0,112,1,0
8256,P2,30000,64000,26000,40000,46,0,0
8257,Stalemate,21000,15000,17000,3000,112,1,1
8258,P1,64000,38000,40000,30000,93,0,0
8259,Stalemate,37000,20000,25000,16000,112,1,0
8260,P1,76000,45000,40000,37000,91,0,0
8261,Stalemate,44000,47000,36000,39000,112,1,0
8262,P2,30000,68000,30000,40000,62,0,0
8263,Stalemate,45000,44000,37000,36000,112,1,0
8264,Stalemate,42000,46000,34000,38000,112,1,0
8265,Stalemate,41000,47000,33000,39000,112,1,0
8266,Stalemate,8000,23000,0,15000,112,1,1
8267,Stalemate,37000,46000,29000,38000,112,1,0
8268,Stalemate,36000,47000,28000,39000,112,1,0
8269,Stalemate,28000,46000,20000,38000,112,1,1
8270,P1,68000,29000,40000,25000,71,0,1
8271,P1,60000,23000,40000,11000,57,0,0
8272,P2,28000,80000,24000,40000,92,0,1
8273,P2,22000,68000,18000,40000,60,0,0
8274,P2,16000,68000,12000,40000,84,0,0
8275,P1,60000,8000,40000,4000,57,0,0
8276,Stalemate,47000,18000,39000,10000,112,1,0
8277,Stalemate,16000,46000,12000,34000,112,1,1
8278,P2,36000,64000,36000,40000,78,0,0
8279,P2,30000,60000,26000,40000,84,0,0
8280,P2,39000,64000,31000,40000,78,0,0
8281,P2,14000,64000,6000,40000,62,0,0
8282,Stalemate,40000,31000,32000,23000,112,1,1
8283,Stalemate,42000,37000,38000,25000,112,1,0
8284,Stalemate,43000,50000,39000,38000,112,1,1
8285,P1,64000,10000,40000,6000,77,0,1
8286,Stalemate,50000,27000,38000,23000,112,1,0
8287,P1,68000,28000,40000,24000,73,0,0
8288,Stalemate,33000,47000,25000,39000,112,1,0
8289,P1,84000,33000,40000,33000,91,0,0
8290,Stalemate,36000,33000,28000,25000,112,1,0
8291,Stalemate,15000,66000,15000,38000,112,1,1
8292,Stalemate,40000,18000,28000,14000,112,1,0
8293,Stalemate,40000,26000,28000,22000,112,1,0
8294,P2,33000,68000,29000,40000,70,0,0
8295,Stalemate,43000,51000,39000,39000,112,1,0
8296,Stalemate,35000,20000,31000,8000,112,1,0
8297,Stalemate,23000,51000,19000,39000,112,1,0
8298,Stalemate,8000,10000,0,2000,112,1,1
8299,P2,47000,60000,39000,40000,82,0,0
8300,P1,80000,14000,40000,10000,87,0,0
8301,P2,26000,60000,14000,40000,88,0,0
8302,Stalemate,36000,36000,24000,32000,112,1,0
8303,P2,38000,96000,38000,40000,83,0,0
8304,P2,43000,68000,39000,40000,84,0,0
8305,Stalemate,32000,49000,28000,37000,112,1,0
8306,Stalemate,35000,43000,23000,39000,112,1,0
8307,Stalemate,36000,45000,28000,37000,112,1,0
8308,P1,68000,26000,40000,22000,67,0,1
8309,Stalemate,13000,51000,9000,39000,112,1,0
8310,P1,68000,3000,40000,3000,55,0,1
8311,P2,10000,80000,10000,40000,92,0,0
8312,Stalemate,43000,33000,39000,21000,112,1,0
8313,Stalemate,40000,18000,36000,6000,112,1,0
8314,P2,18000,68000,14000,40000,98,0,0
8315,P1,64000,22000,40000,18000,71,0,1
8316,P2,20000,96000,20000,40000,100,0,1
8317,Stalemate,26000,5000,14000,1000,112,1,0
8318,Stalemate,46000,38000,38000,30000,112,1,1
8319,Stalemate,28000,44000,20000,36000,112,1,1
8320,Stalemate,34000,42000,22000,38000,112,1,0
8321,P1,56000,22000,40000,22000,51,0,1
8322,Stalemate,47000,10000,35000,6000,112,1,0
8323,Stalemate,38000,50000,38000,22000,112,1,0
8324,Stalemate,40000,25000,28000,21000,112,1,1
8325,P1,64000,22000,40000,14000,93,0,0
8326,P1,84000,18000,40000,18000,53,0,0
8327,Stalemate,67000,26000,39000,26000,112,1,0
8328,P2,0,80000,0,40000,48,0,0
8329,Stalemate,47000,23000,39000,15000,112,1,0
8330,Stalemate,27000,47000,23000,35000,112,1,0
8331,P1,64000,25000,40000,17000,69,0,0
8332,Stalemate,47000,46000,39000,38000,112,1,0
8333,Stalemate,44000,35000,32000,31000,112,1,0
8334,Stalemate,67000,29000,39000,29000,112,1,0
8335,P1,68000,16000,40000,12000,91,0,1
8336,P2,22000,80000,22000,40000,78,0,1
8337,Stalemate,34000,18000,22000,14000,112,1,0
8338,Stalemate,9000,20000,1000,12000,112,1,0
8339,Stalemate,18000,23000,10000,15000,112,1,0
8340,P1,56000,28000,40000,16000,93,0,0
8341,P1,60000,42000,40000,38000,69,0,1
8342,P1,60000,15000,40000,7000,63,0,1
8343,P1,56000,59000,40000,31000,97,0,0
8344,Stalemate,49000,36000,37000,32000,112,1,0
8345,P2,18000,64000,14000,40000,66,0,1
8346,Stalemate,34000,47000,26000,39000,112,1,0
8347,P2,20000,68000,16000,40000,96,0,0
8348,P1,64000,8000,40000,4000,69,0,0
8349,P1,60000,26000,40000,14000,93,0,0
8350,P1,64000,8000,40000,8000,59,0,1
8351,Stalemate,28000,32000,20000,24000,112,1,0
8352,P2,39000,64000,39000,40000,80,0,0
8353,Stalemate,47000,17000,39000,9000,112,1,1
8354,P2,28000,68000,24000,40000,88,0,0
8355,P2,27000,64000,27000,40000,50,0,0
8356,P2,4000,80000,0,40000,90,0,1
8357,P1,76000,10000,40000,2000,63,0,0
8358,P1,60000,11000,40000,11000,49,0,1
8359,Stalemate,24000,65000,24000,37000,112,1,0
8360,Stalemate,32000,26000,24000,18000,112,1,1
8361,Stalemate,43000,44000,39000,32000,112,1,0
8362,P1,64000,31000,40000,27000,91,0,0
8363,Stalemate,14000,39000,6000,31000,112,1,0
8364,P2,42000,64000,34000,40000,86,0,0
8365,Stalemate,67000,38000,39000,38000,112,1,0
8366,Stalemate,50000,23000,38000,19000,112,1,0
8367,P1,60000,44000,40000,36000,85,0,0
8368,Stalemate,18000,59000,18000,31000,112,1,1
8369,Stalemate,41000,36000,33000,28000,112,1,0
8370,P1,64000,31000,40000,27000,67,0,0
8371,P2,7000,64000,7000,40000,38,0,1
8372,Stalemate,47000,37000,35000,33000,112,1,0
8373,Stalemate,28000,45000,20000,37000,112,1,0
8374,P1,88000,0,40000,0,73,0,1
8375,P2,8000,64000,8000,40000,62,0,1
8376,P2,4000,64000,4000,40000,74,0,0
8377,P1,64000,25000,40000,17000,73,0,0
8378,Stalemate,43000,21000,39000,9000,112,1,1
8379,P1,64000,21000,40000,17000,65,0,0
8380,Stalemate,38000,34000,30000,26000,112,1,0
8381,Stalemate,30000,41000,22000,33000,112,1,0
8382,P1,60000,6000,40000,6000,33,0,1
8383,P1,60000,43000,40000,31000,75,0,1
8384,Stalemate,11000,27000,3000,19000,112,1,0
8385,Stalemate,34000,13000,22000,9000,112,1,0
8386,Stalemate,50000,6000,38000,2000,112,1,0
8387,P1,88000,0,40000,0,51,0,0
8388,Stalemate,67000,22000,39000,22000,112,1,0
8389,P1,64000,10000,40000,10000,53,0,1
8390,Stalemate,5000,54000,5000,26000,112,1,0
8391,P1,68000,43000,40000,39000,99,0,1
8392,Stalemate,47000,35000,39000,27000,112,1,0
8393,P1,60000,35000,40000,35000,67,0,0
8394,P1,60000,29000,40000,17000,77,0,0
8395,Stalemate,36000,45000,28000,37000,112,1,1
8396,Stalemate,40000,28000,32000,20000,112,1,0
8397,P1,84000,23000,40000,23000,69,0,0
8398,P2,29000,68000,25000,40000,98,0,1
8399,Stalemate,47000,17000,39000,9000,112,1,0
8400,Stalemate,17000,23000,13000,11000,112,1,1
8401,P2,13000,72000,9000,40000,64,0,0
8402,P1,60000,19000,40000,11000,79,0,0
8403,P2,14000,60000,6000,40000,68,0,0
8404,Stalemate,51000,36000,39000,32000,112,1,0
8405,Stalemate,45000,16000,37000,8000,112,1,1
8406,P2,19000,76000,11000,40000,98,0,0
8407,Stalemate,47000,44000,39000,36000,112,1,0
8408,Stalemate,26000,5000,14000,1000,112,1,0
8409,P2,46000,60000,38000,40000,82,0,0
8410,P2,25000,76000,17000,40000,60,0,0
8411,P1,64000,12000,40000,4000,89,0,0
8412,Stalemate,41000,41000,29000,37000,112,1,1
8413,Stalemate,49000,39000,37000,35000,112,1,0
8414,P2,29000,68000,29000,40000,58,0,1
8415,P2,37000,64000,33000,40000,64,0,0
8416,Stalemate,45000,26000,33000,22000,112,1,1
8417,P1,60000,32000,40000,24000,79,0,0
8418,P2,18000,60000,14000,40000,54,0,0
8419,P2,39000,60000,31000,40000,92,0,0
8420,P2,21000,64000,17000,40000,64,0,1
8421,Stalemate,42000,8000,34000,0,112,1,1
8422,Stalemate,67000,19000,39000,19000,112,1,1
8423,Stalemate,47000,46000,39000,38000,112,1,0
8424,P2,42000,80000,38000,40000,100,0,0
8425,Stalemate,45000,13000,37000,5000,112,1,0
8426,P2,16000,64000,12000,40000,50,0,1
8427,P2,29000,68000,25000,40000,92,0,1
8428,Stalemate,49000,5000,37000,1000,112,1,1
8429,Stalemate,38000,42000,26000,38000,112,1,1
8430,Stalemate,14000,34000,6000,26000,112,1,0
8431,P1,84000,38000,40000,38000,99,0,0
8432,Stalemate,39000,29000,35000,17000,112,1,1
8433,P1,68000,31000,40000,27000,73,0,0
8434,P1,64000,17000,40000,13000,49,0,0
8435,P1,76000,9000,40000,5000,61,0,1
8436,Stalemate,40000,14000,32000,6000,112,1,0
8437,P2,32000,64000,24000,40000,98,0,0
8438,P1,84000,14000,40000,14000,99,0,1
8439,Stalemate,28000,10000,20000,2000,112,1,1
8440,P2,34000,68000,30000,40000,98,0,0
8441,P2,18000,68000,14000,40000,90,0,1
8442,P1,64000,39000,40000,35000,67,0,0
8443,P1,68000,33000,40000,29000,93,0,0
8444,Stalemate,46000,45000,38000,37000,112,1,0
8445,Stalemate,48000,26000,36000,22000,112,1,0
8446,P1,68000,32000,40000,28000,89,0,1
8447,Stalemate,40000,31000,28000,27000,112,1,0
8448,Stalemate,37000,37000,29000,29000,112,1,0
8449,P1,68000,40000,40000,36000,87,0,0
8450,P2,43000,80000,39000,40000,92,0,0
8451,Stalemate,42000,20000,30000,16000,112,1,0
8452,Stalemate,37000,42000,33000,30000,112,1,0
8453,Stalemate,35000,50000,31000,38000,112,1,0
8454,P2,18000,68000,14000,40000,94,0,1
8455,Stalemate,19000,32000,11000,24000,112,1,1
8456,P1,76000,39000,40000,31000,87,0,0
8457,Stalemate,41000,42000,33000,34000,112,1,0
8458,P1,60000,47000,40000,35000,85,0,0
8459,Stalemate,34000,22000,26000,14000,112,1,1
8460,Stalemate,67000,35000,39000,35000,112,1,0
8461,P2,35000,76000,27000,40000,100,0,0
8462,P2,12000,60000,4000,40000,46,0,1
8463,P2,30000,84000,30000,40000,82,0,0
8464,P2,25000,64000,17000,40000,78,0,0
8465,Stalemate,40000,43000,28000,39000,112,1,0
8466,P1,64000,31000,40000,23000,99,0,0
8467,P2,27000,64000,23000,40000,54,0,1
8468,Stalemate,26000,51000,22000,39000,112,1,0
8469,P2,24000,72000,16000,40000,66,0,1
8470,Stalemate,36000,47000,28000,39000,112,1,0
8471,Stalemate,43000,36000,39000,24000,112,1,0
8472,Stalemate,33000,39000,21000,35000,112,1,0
8473,Stalemate,44000,35000,36000,27000,112,1,0
8474,Stalemate,39000,35000,31000,27000,112,1,0
8475,Stalemate,41000,25000,29000,21000,112,1,0
8476,Stalemate,26000,51000,22000,39000,112,1,0
8477,P2,30000,68000,26000,40000,94,0,0
8478,Stalemate,34000,46000,30000,34000,112,1,1
8479,P1,60000,44000,40000,36000,67,0,0
8480,P1,60000,3000,40000,3000,45,0,1
8481,P2,30000,76000,22000,40000,100,0,0
8482,P2,23000,60000,19000,40000,42,0,1
8483,P1,68000,33000,40000,29000,97,0,0
8484,P1,68000,7000,40000,3000,63,0,0
8485,Stalemate,40000,30000,36000,18000,112,1,0
8486,Stalemate,33000,44000,25000,36000,112,1,0
8487,Stalemate,51000,33000,39000,29000,112,1,1
8488,P1,68000,30000,40000,26000,65,0,0
8489,Stalemate,29000,61000,29000,33000,112,1,1
8490,P2,19000,64000,15000,40000,88,0,0
8491,P1,64000,19000,40000,15000,89,0,1
8492,Stalemate,39000,49000,35000,37000,112,1,0
8493,Stalemate,27000,8000,19000,0,112,1,1
8494,Stalemate,46000,42000,38000,34000,112,1,0
8495,Stalemate,44000,46000,36000,38000,112,1,0
8496,P2,25000,64000,21000,40000,66,0,1
8497,Stalemate,46000,11000,38000,3000,112,1,0
8498,Stalemate,38000,15000,26000,11000,112,1,0
8499,P2,28000,64000,24000,40000,94,0,0
8500,Stalemate,29000,46000,21000,38000,112,1,0
8501,Stalemate,43000,43000,35000,35000,112,1,1
8502,P2,29000,64000,21000,40000,96,0,0
8503,P2,20000,60000,16000,40000,26,0,0
8504,Stalemate,27000,41000,23000,29000,112,1,1
8505,Stalemate,36000,26000,24000,22000,112,1,0
8506,Stalemate,32000,43000,24000,35000,112,1,0
8507,P2,8000,84000,8000,40000,92,0,0
8508,P2,33000,64000,25000,40000,86,0,0
8509,Stalemate,47000,40000,35000,36000,112,1,0
8510,P2,22000,60000,14000,40000,76,0,0
8511,Stalemate,48000,38000,36000,34000,112,1,1
8512,Stalemate,47000,23000,39000,15000,112,1,0
8513,P1,68000,20000,40000,16000,99,0,0
8514,P1,64000,44000,40000,36000,91,0,0
8515,P2,20000,76000,12000,40000,97,0,0
8516,Stalemate,46000,19000,34000,15000,112,1,0
8517,P1,68000,20000,40000,20000,91,0,1
8518,Stalemate,51000,9000,23000,9000,112,1,0
8519,Stalemate,61000,15000,33000,15000,112,1,0
8520,P1,64000,42000,40000,34000,99,0,1
8521,Stalemate,33000,36000,25000,28000,112,1,1
8522,Stalemate,24000,11000,16000,3000,112,1,1
8523,P2,16000,68000,16000,40000,80,0,1
8524,P1,60000,37000,40000,29000,71,0,0
8525,Stalemate,60000,14000,32000,14000,112,1,0
8526,Stalemate,46000,20000,38000,12000,112,1,1
8527,Stalemate,42000,42000,34000,34000,112,1,0
8528,Stalemate,39000,41000,27000,37000,112,1,0
8529,P1,84000,25000,40000,25000,73,0,0
8530,Stalemate,18000,44000,14000,32000,112,1,0
8531,Stalemate,45000,22000,37000,14000,112,1,1
8532,Stalemate,32000,41000,24000,33000,112,1,0
8533,Stalemate,51000,30000,39000,26000,112,1,0
8534,Stalemate,8000,12000,0,4000,112,1,1
8535,Stalemate,47000,26000,39000,18000,112,1,0
8536,P1,64000,47000,40000,39000,85,0,0
8537,P2,30000,76000,22000,40000,78,0,0
8538,Stalemate,35000,37000,23000,33000,112,1,0
8539,Stalemate,48000,14000,36000,10000,112,1,0
8540,Stalemate,51000,26000,39000,22000,112,1,0
8541,Stalemate,63000,24000,35000,24000,112,1,1
8542,P1,60000,32000,40000,24000,95,0,0
8543,P1,64000,33000,40000,25000,87,0,0
8544,P1,80000,23000,40000,19000,79,0,0
8545,P1,60000,31000,40000,19000,79,0,0
8546,Stalemate,39000,56000,39000,28000,112,1,0
8547,Stalemate,14000,18000,10000,6000,112,1,1
8548,P2,23000,80000,19000,40000,98,0,0
8549,Stalemate,45000,24000,37000,16000,112,1,0
8550,P1,56000,37000,40000,29000,49,0,0
8551,Stalemate,39000,22000,31000,14000,112,1,0
8552,Stalemate,13000,47000,13000,19000,112,1,0
8553,Stalemate,15000,50000,11000,38000,112,1,0
8554,Stalemate,29000,15000,25000,3000,112,1,0
8555,Stalemate,39000,29000,27000,25000,112,1,0
8556,P2,21000,60000,17000,40000,56,0,1
8557,P1,60000,22000,40000,14000,73,0,0
8558,Stalemate,39000,34000,31000,26000,112,1,0
8559,Stalemate,47000,14000,39000,6000,112,1,0
8560,Stalemate,10000,25000,6000,13000,112,1,0
8561,P2,28000,68000,24000,40000,64,0,0
8562,P1,60000,11000,40000,7000,77,0,0
8563,Stalemate,46000,47000,38000,39000,112,1,0
8564,Stalemate,46000,28000,38000,20000,112,1,1
8565,P2,16000,60000,12000,40000,52,0,1
8566,Stalemate,32000,51000,28000,39000,112,1,0
8567,Stalemate,15000,51000,11000,39000,112,1,0
8568,Stalemate,41000,51000,37000,39000,112,1,0
8569,P1,76000,39000,40000,31000,99,0,0
8570,Stalemate,44000,35000,36000,27000,112,1,0
8571,Stalemate,22000,14000,14000,6000,112,1,0
8572,Stalemate,33000,22000,21000,18000,112,1,0
8573,Stalemate,15000,11000,7000,3000,112,1,1
8574,P2,23000,68000,19000,40000,96,0,0
8575,Stalemate,46000,45000,38000,37000,112,1,0
8576,P2,43000,60000,35000,40000,90,0,1
8577,P2,24000,76000,20000,40000,62,0,0
8578,P1,60000,26000,40000,18000,67,0,1
8579,Stalemate,24000,32000,20000,20000,112,1,1
8580,Stalemate,49000,13000,37000,9000,112,1,0
8581,Stalemate,42000,45000,38000,33000,112,1,0
8582,Stalemate,23000,43000,19000,19000,111,1,1
8583,Stalemate,25000,29000,13000,25000,112,1,0
8584,Stalemate,32000,42000,24000,34000,112,1,0
8585,Stalemate,47000,34000,39000,26000,112,1,0
8586,P2,25000,64000,17000,40000,86,0,0
8587,P2,36000,64000,28000,40000,82,0,0
8588,P1,60000,20000,40000,12000,63,0,0
8589,P1,68000,28000,40000,24000,95,0,0
8590,P1,60000,34000,40000,22000,89,0,0
8591,P1,64000,35000,40000,27000,97,0,0
8592,P2,20000,64000,20000,40000,44,0,1
8593,P2,40000,68000,36000,40000,92,0,0
8594,Stalemate,30000,37000,22000,29000,112,1,1
8595,Stalemate,34000,47000,26000,39000,112,1,0
8596,Stalemate,34000,31000,30000,19000,112,1,1
8597,P1,60000,5000,40000,5000,41,0,0
8598,P2,27000,64000,23000,40000,80,0,0
8599,P2,26000,68000,22000,40000,86,0,0
8600,Stalemate,23000,16000,15000,8000,112,1,0
8601,Stalemate,30000,51000,26000,39000,112,1,0
8602,Stalemate,30000,40000,22000,32000,112,1,1
8603,Stalemate,43000,28000,39000,16000,112,1,1
8604,P2,7000,64000,7000,40000,64,0,0
8605,Stalemate,21000,26000,17000,14000,112,1,0
8606,Stalemate,53000,0,25000,0,112,1,1
8607,Stalemate,44000,36000,36000,28000,112,1,0
8608,P2,67000,56000,39000,40000,82,0,0
8609,P1,88000,0,40000,0,65,0,1
8610,Stalemate,38000,40000,26000,36000,112,1,0
8611,Stalemate,30000,19000,22000,11000,112,1,0
8612,P1,64000,46000,40000,38000,73,0,0
8613,Stalemate,29000,30000,17000,26000,112,1,0
8614,Stalemate,34000,32000,26000,24000,112,1,1
8615,P2,47000,60000,39000,40000,82,0,0
8616,Stalemate,39000,43000,27000,39000,112,1,0
8617,P2,37000,60000,25000,40000,98,0,0
8618,P1,68000,28000,40000,24000,93,0,0
8619,Stalemate,31000,49000,27000,37000,112,1,0
8620,Stalemate,22000,26000,14000,18000,112,1,1
8621,Stalemate,12000,47000,4000,39000,112,1,0
8622,P1,60000,21000,40000,9000,93,0,0
8623,Stalemate,39000,47000,31000,39000,112,1,0
8624,Stalemate,38000,14000,26000,10000,112,1,0
8625,Stalemate,33000,27000,21000,23000,112,1,0
8626,P1,68000,21000,40000,17000,71,0,1
8627,Stalemate,11000,35000,11000,7000,112,1,0
8628,P1,68000,34000,40000,34000,65,0,0
8629,Stalemate,13000,29000,9000,17000,112,1,0
8630,Stalemate,36000,44000,32000,32000,112,1,0
8631,P1,64000,21000,40000,17000,75,0,0
8632,P1,84000,18000,40000,18000,75,0,1
8633,P1,64000,46000,40000,38000,89,0,0
8634,P1,72000,16000,40000,16000,67,0,0
8635,Stalemate,21000,67000,21000,39000,112,1,0
8636,P2,47000,64000,39000,40000,64,0,0
8637,Stalemate,46000,31000,38000,23000,112,1,0
8638,Stalemate,26000,9000,14000,5000,112,1,0
8639,P1,64000,12000,40000,4000,95,0,0
8640,P1,60000,19000,40000,7000,91,0,0
8641,P2,7000,68000,3000,40000,94,0,0
8642,Stalemate,40000,26000,32000,18000,112,1,0
8643,Stalemate,17000,65000,17000,37000,112,1,0
8644,Stalemate,29000,51000,25000,39000,112,1,1
8645,Stalemate,16000,17000,8000,9000,112,1,0
8646,Stalemate,49000,32000,37000,28000,112,1,0
8647,Stalemate,51000,43000,39000,39000,112,1,0
8648,Stalemate,32000,39000,28000,27000,112,1,0
8649,P2,30000,68000,26000,40000,90,0,0
8650,Stalemate,23000,41000,19000,29000,112,1,0
8651,Stalemate,42000,28000,30000,24000,112,1,0
8652,Stalemate,44000,10000,32000,6000,112,1,0
8653,P2,34000,64000,26000,40000,86,0,0
8654,Stalemate,47000,33000,39000,25000,112,1,0
8655,P2,16000,68000,16000,40000,76,0,1
8656,Stalemate,49000,40000,37000,36000,112,1,1
8657,P1,56000,23000,40000,19000,75,0,1
8658,Stalemate,32000,22000,24000,14000,112,1,1
8659,P2,22000,64000,14000,40000,90,0,0
8660,P2,19000,60000,15000,40000,32,0,0
8661,Stalemate,40000,18000,32000,10000,112,1,0
8662,P2,23000,76000,19000,40000,68,0,0
8663,P1,84000,20000,40000,20000,77,0,0
8664,Stalemate,39000,24000,27000,20000,112,1,0
8665,Stalemate,51000,38000,39000,34000,112,1,0
8666,P2,2000,80000,2000,40000,82,0,1
8667,Stalemate,49000,35000,37000,31000,112,1,1
8668,Stalemate,51000,26000,39000,22000,112,1,0
8669,Stalemate,30000,29000,18000,25000,112,1,0
8670,P1,64000,16000,40000,12000,61,0,0
8671,Stalemate,67000,27000,39000,27000,112,1,0
8672,P2,41000,60000,37000,40000,60,0,0
8673,Stalemate,51000,6000,39000,2000,112,1,0
8674,Stalemate,51000,12000,39000,8000,112,1,0
8675,P1,64000,23000,40000,23000,71,0,0
8676,Stalemate,33000,23000,25000,15000,112,1,1
8677,Stalemate,44000,45000,36000,37000,112,1,0
8678,Stalemate,24000,41000,20000,29000,112,1,0
8679,Stalemate,31000,16000,23000,8000,112,1,1
8680,Stalemate,39000,50000,35000,38000,112,1,0
8681,P1,60000,35000,40000,27000,91,0,0
8682,Stalemate,31000,30000,23000,22000,112,1,1
8683,P1,60000,6000,40000,2000,59,0,1
8684,Stalemate,51000,42000,39000,38000,112,1,1
8685,Stalemate,46000,41000,34000,37000,112,1,1
8686,P2,42000,64000,34000,40000,98,0,0
8687,Stalemate,28000,25000,20000,17000,112,1,1
8688,Stalemate,34000,42000,22000,38000,112,1,0
8689,P1,64000,18000,40000,14000,63,0,0
8690,Stalemate,65000,22000,37000,22000,112,1,0
8691,Stalemate,11000,27000,3000,19000,112,1,1
8692,P1,60000,18000,40000,10000,85,0,0
8693,Stalemate,39000,41000,35000,29000,112,1,0
8694,P2,11000,68000,7000,40000,92,0,0
8695,Stalemate,8000,35000,0,27000,112,1,1
8696,Stalemate,24000,27000,20000,15000,112,1,1
8697,Stalemate,41000,28000,29000,24000,112,1,0
8698,Stalemate,46000,12000,34000,8000,112,1,0
8699,P1,68000,32000,40000,28000,99,0,0
8700,Stalemate,47000,47000,39000,39000,112,1,0
8701,P1,68000,15000,40000,11000,57,0,0
8702,Stalemate,35000,27000,7000,27000,112,1,1
8703,P1,76000,47000,40000,39000,99,0,0
8704,P1,60000,12000,40000,8000,43,0,0
8705,Stalemate,11000,38000,7000,26000,112,1,0
8706,Stalemate,47000,20000,35000,16000,112,1,0
8707,Stalemate,51000,9000,39000,5000,112,1,1
8708,P2,47000,64000,39000,40000,96,0,0
8709,Stalemate,22000,29000,14000,21000,112,1,1
8710,P2,43000,72000,31000,40000,92,0,0
8711,Stalemate,14000,53000,14000,25000,112,1,0
8712,Stalemate,23000,45000,15000,25000,111,1,1
8713,Stalemate,5000,47000,1000,35000,112,1,0
8714,P2,29000,60000,21000,40000,52,0,0
8715,P1,104000,0,40000,0,97,0,1
8716,P2,27000,84000,27000,40000,92,0,0
8717,Stalemate,43000,33000,39000,21000,112,1,1
8718,Stalemate,21000,66000,21000,38000,112,1,0
8719,P2,27000,80000,23000,40000,70,0,0
8720,Stalemate,51000,31000,39000,27000,112,1,1
8721,Stalemate,45000,26000,37000,18000,112,1,0
8722,Stalemate,40000,51000,36000,39000,112,1,0
8723,Stalemate,47000,43000,39000,35000,112,1,1
8724,Stalemate,46000,33000,38000,25000,112,1,1
8725,Stalemate,33000,46000,25000,38000,112,1,0
8726,Stalemate,47000,36000,39000,28000,112,1,0
8727,P1,68000,40000,40000,36000,65,0,1
8728,P2,43000,68000,39000,40000,80,0,0
8729,Stalemate,41000,32000,29000,28000,112,1,0
8730,Stalemate,25000,58000,21000,34000,111,1,0
8731,Stalemate,38000,31000,26000,27000,112,1,0
8732,P1,68000,41000,40000,37000,95,0,0
8733,Stalemate,28000,42000,20000,34000,112,1,1
8734,Stalemate,49000,6000,37000,2000,112,1,1
8735,Stalemate,35000,51000,31000,39000,112,1,0
8736,Stalemate,22000,29000,18000,17000,112,1,0
8737,P2,12000,68000,8000,40000,92,0,0
8738,Stalemate,14000,51000,10000,39000,112,1,0
8739,P1,60000,51000,40000,39000,85,0,0
8740,Stalemate,34000,30000,26000,22000,112,1,0
8741,Stalemate,21000,15000,13000,7000,112,1,1
8742,Stalemate,46000,47000,38000,39000,112,1,1
8743,P1,64000,17000,40000,13000,77,0,1
8744,Stalemate,17000,45000,13000,33000,112,1,0
8745,P2,39000,64000,31000,40000,96,0,0
8746,P1,72000,34000,40000,22000,97,0,0
8747,P2,29000,64000,25000,40000,64,0,0
8748,P2,19000,64000,15000,40000,88,0,1
8749,Stalemate,58000,33000,30000,33000,112,1,0
8750,Stalemate,17000,37000,13000,25000,112,1,1
8751,Stalemate,16000,28000,12000,16000,112,1,0
8752,Stalemate,45000,46000,37000,38000,112,1,0
8753,P2,21000,64000,13000,40000,88,0,1
8754,Stalemate,49000,39000,37000,35000,112,1,0
8755,P1,68000,13000,40000,13000,77,0,0
8756,Stalemate,27000,22000,15000,18000,112,1,0
8757,P2,29000,64000,25000,40000,74,0,0
8758,P1,68000,26000,40000,22000,73,0,0
8759,P1,64000,42000,40000,38000,89,0,1
8760,Stalemate,25000,43000,13000,39000,112,1,0
8761,Stalemate,29000,42000,25000,30000,112,1,0
8762,P2,3000,84000,3000,40000,80,0,0
8763,Stalemate,47000,45000,39000,37000,112,1,1
8764,Stalemate,19000,67000,19000,27000,111,1,0
8765,Stalemate,39000,19000,31000,11000,112,1,0
8766,Stalemate,8000,19000,0,11000,112,1,1
8767,P2,44000,72000,36000,40000,74,0,1
8768,P1,64000,32000,40000,28000,95,0,0
8769,P2,37000,64000,29000,40000,74,0,0
8770,Stalemate,41000,50000,37000,38000,112,1,0
8771,P1,80000,0,40000,0,43,0,1
8772,P2,37000,68000,33000,40000,94,0,0
8773,Stalemate,46000,46000,38000,38000,112,1,0
8774,Stalemate,41000,33000,33000,25000,112,1,0
8775,Stalemate,45000,14000,37000,6000,112,1,0
8776,P2,4000,84000,0,40000,88,0,1
8777,Stalemate,39000,41000,27000,37000,112,1,0
8778,P1,68000,24000,40000,20000,83,0,0
8779,P1,64000,8000,40000,4000,69,0,1
8780,P1,64000,46000,40000,38000,95,0,1
8781,P2,28000,84000,28000,40000,78,0,1
8782,P1,60000,43000,40000,35000,53,0,0
8783,P1,68000,20000,40000,20000,77,0,1
8784,Stalemate,43000,19000,39000,7000,112,1,0
8785,Stalemate,61000,35000,33000,35000,112,1,0
8786,Stalemate,36000,22000,28000,14000,112,1,0
8787,P2,38000,60000,26000,40000,66,0,0
8788,Stalemate,48000,13000,36000,9000,112,1,0
8789,Stalemate,13000,13000,5000,5000,112,1,0
8790,Stalemate,8000,42000,0,34000,112,1,1
8791,Stalemate,50000,41000,38000,37000,112,1,0
8792,P2,31000,88000,23000,40000,100,0,0
8793,P2,22000,80000,18000,40000,82,0,1
8794,P1,60000,31000,40000,19000,95,0,0
8795,Stalemate,51000,17000,39000,13000,112,1,0
8796,Stalemate,51000,26000,39000,22000,112,1,1
8797,P2,15000,64000,15000,40000,58,0,1
8798,P1,64000,35000,40000,27000,77,0,0
8799,Stalemate,6000,27000,2000,15000,112,1,1
8800,Stalemate,27000,26000,23000,14000,112,1,0
8801,Stalemate,47000,25000,35000,21000,112,1,0
8802,P2,44000,72000,32000,40000,94,0,0
8803,P2,43000,80000,39000,40000,94,0,0
8804,P1,68000,19000,40000,19000,91,0,0
8805,P1,80000,8000,40000,0,73,0,0
8806,Stalemate,38000,44000,30000,36000,112,1,0
8807,P1,68000,30000,40000,26000,81,0,0
8808,Stalemate,31000,48000,27000,36000,112,1,1
8809,Stalemate,35000,34000,27000,26000,112,1,0
8810,Stalemate,15000,48000,11000,24000,111,1,0
8811,Stalemate,63000,25000,35000,25000,112,1,0
8812,P1,60000,18000,40000,18000,53,0,0
8813,Stalemate,26000,29000,22000,17000,112,1,0
8814,P2,28000,72000,16000,40000,100,0,0
8815,P1,84000,10000,40000,10000,99,0,1
8816,Stalemate,24000,42000,24000,14000,112,1,1
8817,Stalemate,42000,46000,34000,38000,112,1,0
8818,P1,68000,16000,40000,12000,77,0,0
8819,P2,25000,72000,13000,40000,87,0,0
8820,P1,64000,11000,40000,7000,67,0,0
8821,Stalemate,61000,20000,33000,20000,112,1,0
8822,P1,68000,9000,40000,5000,79,0,0
8823,Stalemate,40000,29000,32000,21000,112,1,0
8824,Stalemate,43000,48000,39000,36000,112,1,1
8825,Stalemate,34000,50000,30000,38000,112,1,0
8826,Stalemate,45000,16000,37000,8000,112,1,0
8827,Stalemate,42000,33000,30000,29000,112,1,0
8828,P1,88000,0,40000,0,65,0,0
8829,Stalemate,29000,47000,25000,35000,112,1,1
8830,P2,32000,60000,20000,40000,98,0,0
8831,Stalemate,30000,42000,22000,34000,112,1,0
8832,P2,25000,80000,21000,40000,84,0,0
8833,Stalemate,18000,31000,10000,23000,112,1,1
8834,P2,39000,72000,27000,40000,96,0,0
8835,P1,68000,28000,40000,24000,97,0,0
8836,P2,16000,64000,12000,40000,80,0,0
8837,P2,31000,68000,31000,40000,76,0,0
8838,Stalemate,38000,40000,34000,28000,112,1,1
8839,P2,44000,60000,36000,40000,58,0,0
8840,P2,18000,60000,14000,40000,70,0,1
8841,Stalemate,44000,39000,36000,31000,112,1,0
8842,P1,60000,45000,40000,37000,63,0,0
8843,P2,46000,60000,34000,40000,94,0,0
8844,Stalemate,39000,33000,31000,25000,112,1,0
8845,Stalemate,66000,28000,38000,28000,112,1,0
8846,Stalemate,17000,32000,9000,24000,112,1,1
8847,P2,42000,60000,38000,40000,80,0,0
8848,P2,27000,64000,19000,40000,90,0,0
8849,Stalemate,46000,27000,38000,19000,112,1,1
8850,P1,60000,17000,40000,13000,69,0,0
8851,P2,35000,60000,27000,40000,78,0,1
8852,Stalemate,10000,27000,6000,15000,112,1,0
8853,Stalemate,39000,6000,27000,2000,112,1,0
8854,Stalemate,26000,44000,22000,32000,112,1,1
8855,P2,23000,60000,15000,40000,74,0,1
8856,Stalemate,23000,4000,11000,0,112,1,1
8857,P1,68000,30000,40000,30000,83,0,0
8858,Stalemate,13000,58000,13000,30000,112,1,0
8859,P1,64000,38000,40000,34000,57,0,0
8860,P1,64000,47000,40000,39000,81,0,1
8861,P1,96000,19000,40000,19000,69,0,0
8862,P2,46000,88000,38000,40000,102,0,0
8863,Stalemate,21000,48000,17000,36000,112,1,0
8864,Stalemate,13000,67000,13000,39000,112,1,1
8865,Stalemate,38000,25000,26000,21000,112,1,0
8866,P1,56000,21000,40000,17000,71,0,0
8867,Stalemate,24000,50000,20000,38000,112,1,1
8868,P2,20000,56000,16000,40000,58,0,0
8869,P2,21000,60000,17000,40000,48,0,1
8870,P2,35000,64000,31000,40000,44,0,0
8871,Stalemate,44000,29000,36000,21000,112,1,1
8872,P1,64000,26000,40000,22000,79,0,0
8873,P1,76000,46000,40000,38000,91,0,0
8874,P1,68000,32000,40000,28000,97,0,0
8875,Stalemate,47000,45000,39000,37000,112,1,0
8876,P1,64000,26000,40000,18000,85,0,0
8877,Stalemate,47000,35000,39000,27000,112,1,0
8878,P2,9000,60000,5000,40000,62,0,1
8879,Stalemate,32000,31000,28000,19000,112,1,1
8880,P1,64000,38000,40000,30000,99,0,0
8881,Stalemate,27000,43000,15000,39000,112,1,1
8882,Stalemate,26000,47000,18000,39000,112,1,0
8883,Stalemate,39000,44000,39000,16000,112,1,0
8884,Stalemate,51000,13000,39000,9000,112,1,0
8885,Stalemate,42000,42000,30000,38000,112,1,0
8886,Stalemate,43000,32000,35000,24000,112,1,1
8887,Stalemate,47000,44000,39000,36000,112,1,0
8888,Stalemate,31000,40000,27000,28000,112,1,0
8889,P2,7000,60000,7000,40000,68,0,1
8890,Stalemate,8000,43000,0,35000,112,1,1
8891,P1,60000,16000,40000,16000,53,0,0
8892,Stalemate,42000,36000,30000,32000,112,1,1
8893,P1,64000,10000,40000,6000,91,0,1
8894,Stalemate,29000,26000,17000,22000,112,1,1
8895,P1,76000,11000,40000,7000,79,0,0
8896,Stalemate,36000,21000,8000,21000,112,1,1
8897,Stalemate,30000,46000,26000,34000,112,1,1
8898,P1,72000,20000,40000,12000,51,0,1
8899,Stalemate,22000,31000,14000,23000,112,1,0
8900,P2,20000,64000,20000,40000,58,0,0
8901,Stalemate,29000,23000,25000,11000,112,1,0
8902,P2,36000,64000,32000,40000,78,0,0
8903,Stalemate,34000,49000,30000,37000,112,1,1
8904,Stalemate,24000,24000,12000,20000,112,1,0
8905,P1,76000,16000,40000,12000,75,0,1
8906,P1,64000,42000,40000,38000,79,0,0
8907,P2,20000,56000,12000,40000,72,0,1
8908,Stalemate,27000,42000,23000,30000,112,1,0
8909,Stalemate,34000,43000,22000,39000,112,1,0
8910,P1,68000,3000,40000,3000,77,0,0
8911,Stalemate,41000,31000,37000,19000,112,1,0
8912,P2,43000,68000,39000,40000,72,0,0
8913,Stalemate,41000,47000,37000,35000,112,1,0
8914,P1,60000,10000,40000,6000,63,0,0
8915,P2,46000,64000,38000,40000,94,0,0
8916,P2,29000,68000,29000,40000,72,0,1
8917,Stalemate,24000,31000,16000,11000,111,1,0
8918,Stalemate,28000,57000,20000,37000,111,1,0
8919,Stalemate,51000,18000,39000,14000,112,1,0
8920,P1,68000,3000,40000,3000,59,0,1
8921,Stalemate,24000,5000,12000,1000,112,1,0
8922,Stalemate,31000,16000,27000,4000,112,1,0
8923,Stalemate,67000,28000,39000,28000,112,1,0
8924,P1,64000,17000,40000,17000,57,0,1
8925,Stalemate,27000,8000,19000,0,112,1,1
8926,Stalemate,16000,23000,4000,19000,112,1,0
8927,Stalemate,33000,50000,29000,38000,112,1,0
8928,Stalemate,44000,39000,36000,31000,112,1,0
8929,Stalemate,16000,25000,8000,17000,112,1,1
8930,P2,27000,84000,27000,40000,92,0,0
8931,Stalemate,43000,32000,35000,24000,112,1,0
8932,Stalemate,31000,16000,23000,8000,112,1,1
8933,P1,64000,42000,40000,34000,91,0,0
8934,P2,9000,60000,5000,40000,60,0,0
8935,Stalemate,43000,36000,31000,32000,112,1,1
8936,P1,60000,13000,40000,1000,65,0,0
8937,P2,10000,64000,2000,40000,94,0,1
8938,Stalemate,10000,23000,2000,15000,112,1,1
8939,Stalemate,34000,28000,30000,16000,112,1,0
8940,Stalemate,51000,28000,39000,24000,112,1,0
8941,P1,68000,3000,40000,3000,73,0,1
8942,P2,33000,64000,33000,40000,52,0,0
8943,Stalemate,26000,14000,22000,2000,112,1,1
8944,Stalemate,36000,49000,32000,37000,112,1,0
8945,Stalemate,16000,20000,8000,12000,112,1,0
8946,Stalemate,67000,32000,39000,32000,112,1,1
8947,P2,26000,64000,22000,40000,72,0,1
8948,Stalemate,34000,41000,26000,33000,112,1,0
8949,P2,24000,68000,24000,40000,58,0,1
8950,P1,84000,1000,40000,1000,75,0,0
8951,P2,14000,64000,10000,40000,58,0,1
8952,Stalemate,16000,41000,4000,37000,112,1,0
8953,Stalemate,24000,50000,20000,38000,112,1,1
8954,Stalemate,8000,15000,0,7000,112,1,1
8955,P1,60000,42000,40000,30000,89,0,0
8956,Stalemate,43000,49000,39000,37000,112,1,0
8957,P2,37000,76000,29000,40000,100,0,0
8958,P1,64000,21000,40000,21000,29,0,0
8959,Stalemate,28000,21000,20000,13000,112,1,0
8960,Stalemate,39000,17000,31000,9000,112,1,1
8961,Stalemate,39000,46000,31000,38000,112,1,0
8962,Stalemate,35000,5000,23000,1000,112,1,1
8963,Stalemate,48000,39000,36000,35000,112,1,0
8964,P2,35000,64000,27000,40000,92,0,0
8965,P1,64000,34000,40000,34000,77,0,0
8966,Stalemate,30000,12000,22000,4000,112,1,0
8967,P2,15000,60000,3000,40000,96,0,0
8968,Stalemate,37000,44000,33000,32000,112,1,0
8969,P2,34000,64000,26000,40000,96,0,0
8970,P1,72000,40000,40000,32000,81,0,1
8971,Stalemate,41000,39000,29000,35000,112,1,0
8972,Stalemate,31000,46000,27000,34000,112,1,0
8973,Stalemate,45000,22000,37000,14000,112,1,1
8974,P1,60000,31000,40000,19000,81,0,0
8975,Stalemate,31000,23000,23000,15000,112,1,1
8976,Stalemate,24000,28000,12000,24000,112,1,1
8977,P1,64000,24000,40000,24000,51,0,0
8978,P1,60000,33000,40000,33000,67,0,0
8979,Stalemate,29000,18000,21000,10000,112,1,1
8980,Stalemate,34000,33000,30000,21000,112,1,0
8981,Stalemate,40000,26000,32000,18000,112,1,0
8982,P2,3000,64000,3000,40000,46,0,0
8983,P2,22000,64000,14000,40000,88,0,0
8984,P2,8000,84000,0,40000,94,0,1
8985,Stalemate,26000,42000,22000,30000,112,1,0
8986,Stalemate,20000,21000,16000,9000,112,1,1
8987,P2,12000,64000,8000,40000,62,0,1
8988,P2,31000,56000,3000,40000,58,0,0
8989,Stalemate,59000,38000,31000,38000,112,1,0
8990,P1,64000,6000,40000,6000,49,0,1
8991,P2,16000,64000,8000,40000,52,0,0
8992,P2,28000,64000,24000,40000,66,0,0
8993,Stalemate,0,57000,0,29000,112,1,1
8994,Stalemate,27000,14000,19000,6000,112,1,0
8995,P2,47000,64000,39000,40000,98,0,1
8996,Stalemate,33000,23000,25000,15000,112,1,1
8997,Stalemate,13000,22000,1000,18000,112,1,1
8998,Stalemate,46000,26000,38000,18000,112,1,1
8999,Stalemate,9000,26000,1000,18000,112,1,0
9000,P2,24000,84000,24000,40000,94,0,0
9001,Stalemate,25000,41000,21000,29000,112,1,0
9002,Stalemate,19000,43000,11000,35000,112,1,1
9003,P1,80000,4000,40000,0,53,0,0
9004,P1,60000,24000,40000,20000,79,0,0
9005,Stalemate,26000,44000,18000,36000,112,1,0
9006,P1,64000,21000,40000,21000,65,0,0
9007,P1,56000,21000,40000,9000,83,0,0
9008,P2,7000,68000,7000,40000,72,0,0
9009,P2,26000,60000,14000,40000,88,0,0
9010,P2,22000,56000,14000,40000,68,0,0
9011,Stalemate,34000,51000,30000,39000,112,1,0
9012,P2,43000,64000,35000,40000,60,0,1
9013,Stalemate,22000,48000,18000,36000,112,1,0
9014,P1,60000,46000,40000,38000,89,0,1
9015,Stalemate,24000,29000,16000,21000,112,1,0
9016,P1,64000,15000,40000,7000,81,0,1
9017,Stalemate,45000,24000,37000,16000,112,1,0
9018,P2,28000,80000,24000,40000,76,0,0
9019,P2,27000,60000,23000,40000,92,0,1
9020,Stalemate,37000,43000,29000,35000,112,1,0
9021,P1,60000,24000,40000,16000,63,0,0
9022,Stalemate,24000,47000,16000,39000,112,1,1
9023,Stalemate,39000,45000,31000,37000,112,1,0
9024,Stalemate,45000,27000,37000,19000,112,1,0
9025,Stalemate,43000,47000,35000,39000,112,1,0
9026,Stalemate,41000,39000,13000,39000,112,1,0
9027,P2,16000,64000,12000,40000,48,0,0
9028,P2,12000,68000,12000,40000,78,0,1
9029,P1,64000,15000,40000,15000,61,0,0
9030,Stalemate,8000,46000,0,38000,112,1,0
9031,P1,68000,20000,40000,20000,65,0,0
9032,P2,36000,76000,28000,40000,100,0,0
9033,P2,24000,76000,20000,40000,90,0,0
9034,P1,60000,28000,40000,20000,79,0,1
9035,Stalemate,50000,31000,38000,27000,112,1,0
9036,P2,13000,64000,13000,40000,54,0,0
9037,Stalemate,43000,22000,39000,10000,112,1,0
9038,Stalemate,38000,37000,38000,9000,112,1,0
9039,Stalemate,43000,48000,39000,36000,112,1,0
9040,Stalemate,23000,7000,11000,3000,112,1,1
9041,Stalemate,32000,44000,24000,36000,112,1,1
9042,P2,18000,64000,14000,40000,60,0,1
9043,Stalemate,47000,30000,39000,22000,112,1,0
9044,P2,35000,64000,27000,40000,62,0,0
9045,P1,64000,19000,40000,15000,49,0,0
9046,P1,68000,31000,40000,27000,83,0,0
9047,P2,34000,60000,26000,40000,72,0,0
9048,Stalemate,32000,35000,28000,23000,112,1,0
9049,P1,64000,21000,40000,13000,89,0,0
9050,P1,60000,23000,40000,15000,45,0,0
9051,Stalemate,0,60000,0,32000,112,1,1
9052,Stalemate,37000,51000,33000,39000,112,1,1
9053,P1,80000,43000,40000,39000,85,0,1
9054,Stalemate,37000,29000,29000,21000,112,1,0
9055,P1,64000,28000,40000,20000,95,0,1
9056,P2,37000,64000,33000,40000,86,0,0
9057,Stalemate,48000,31000,36000,27000,112,1,0
9058,Stalemate,19000,34000,11000,26000,112,1,0
9059,Stalemate,51000,32000,39000,28000,112,1,1
9060,P2,26000,56000,22000,40000,52,0,1
9061,Stalemate,51000,11000,39000,7000,112,1,1
9062,Stalemate,44000,41000,36000,33000,112,1,0
9063,P2,27000,64000,27000,40000,50,0,1
9064,P1,64000,31000,40000,23000,81,0,0
9065,Stalemate,9000,30000,1000,22000,112,1,0
9066,P2,12000,64000,8000,40000,76,0,0
9067,Stalemate,16000,48000,12000,36000,112,1,1
9068,Stalemate,24000,44000,16000,36000,112,1,1
9069,P1,72000,33000,40000,21000,65,0,0
9070,P1,56000,27000,40000,19000,73,0,0
9071,Stalemate,51000,34000,39000,30000,112,1,0
9072,Stalemate,17000,34000,13000,22000,112,1,0
9073,Stalemate,25000,50000,21000,38000,112,1,0
9074,Stalemate,13000,13000,1000,9000,112,1,1
9075,Stalemate,35000,41000,27000,33000,112,1,1
9076,Stalemate,34000,8000,26000,0,112,1,1
9077,P1,84000,38000,40000,38000,89,0,1
9078,Stalemate,39000,50000,35000,38000,112,1,1
9079,Stalemate,24000,61000,24000,33000,112,1,0
9080,P1,60000,44000,40000,32000,81,0,0
9081,P1,60000,35000,40000,31000,63,0,0
9082,P2,17000,60000,5000,40000,94,0,1
9083,P2,31000,60000,19000,40000,58,0,0
9084,Stalemate,25000,8000,17000,0,112,1,1
9085,P2,36000,60000,32000,40000,46,0,0
9086,Stalemate,36000,42000,28000,34000,112,1,0
9087,Stalemate,39000,41000,27000,37000,112,1,0
9088,P2,18000,96000,18000,40000,100,0,0
9089,P2,40000,76000,32000,40000,80,0,0
9090,P2,20000,60000,8000,40000,62,0,0
9091,P1,64000,50000,40000,30000,84,0,0
9092,P1,60000,30000,40000,18000,83,0,0
9093,Stalemate,21000,42000,13000,34000,112,1,0
9094,Stalemate,20000,47000,12000,39000,112,1,0
9095,P2,33000,64000,25000,40000,54,0,0
9096,Stalemate,51000,25000,39000,21000,112,1,1
9097,P2,25000,60000,21000,40000,56,0,0
9098,Stalemate,34000,42000,22000,38000,112,1,0
9099,P2,35000,76000,31000,40000,72,0,0
9100,Stalemate,47000,43000,39000,35000,112,1,0
9101,P1,60000,51000,40000,39000,99,0,0
9102,Stalemate,35000,47000,27000,39000,112,1,0
9103,P2,23000,64000,15000,40000,68,0,0
9104,Stalemate,25000,29000,13000,25000,112,1,1
9105,Stalemate,35000,43000,27000,35000,112,1,0
9106,Stalemate,23000,41000,15000,33000,112,1,0
9107,P2,16000,60000,8000,40000,74,0,0
9108,P1,60000,31000,40000,19000,97,0,0
9109,Stalemate,46000,28000,38000,20000,112,1,0
9110,Stalemate,38000,17000,30000,9000,112,1,1
9111,P2,24000,64000,24000,40000,48,0,0
9112,P1,64000,42000,40000,38000,61,0,1
9113,Stalemate,67000,28000,39000,28000,112,1,0
9114,P2,41000,80000,37000,40000,98,0,1
9115,P2,14000,68000,10000,40000,94,0,1
9116,P1,68000,31000,40000,31000,87,0,0
9117,Stalemate,20000,47000,12000,39000,112,1,0
9118,P1,68000,37000,40000,33000,97,0,0
9119,P1,64000,5000,40000,5000,77,0,1
9120,P2,42000,68000,38000,40000,74,0,0
9121,Stalemate,40000,41000,36000,29000,112,1,0
9122,Stalemate,30000,47000,22000,39000,112,1,0
9123,P2,12000,68000,12000,40000,66,0,1
9124,Stalemate,51000,13000,39000,9000,112,1,0
9125,P2,39000,68000,39000,40000,64,0,0
9126,Stalemate,12000,29000,4000,21000,112,1,0
9127,Stalemate,26000,40000,18000,32000,112,1,0
9128,Stalemate,31000,47000,23000,39000,112,1,0
9129,Stalemate,45000,47000,37000,39000,112,1,0
9130,Stalemate,25000,31000,17000,23000,112,1,1
9131,P1,68000,18000,40000,14000,59,0,0
9132,Stalemate,21000,15000,9000,11000,112,1,0
9133,Stalemate,40000,35000,32000,27000,112,1,0
9134,P2,40000,84000,28000,40000,100,0,0
9135,P2,18000,68000,14000,40000,96,0,1
9136,Stalemate,47000,46000,39000,38000,112,1,0
9137,P1,64000,35000,40000,31000,65,0,0
9138,Stalemate,43000,11000,31000,7000,112,1,1
9139,P1,64000,23000,40000,15000,85,0,1
9140,Stalemate,47000,45000,39000,37000,112,1,0
9141,P1,64000,31000,40000,27000,49,0,0
9142,P2,37000,60000,29000,40000,72,0,0
9143,Stalemate,27000,51000,23000,39000,112,1,0
9144,P1,84000,4000,40000,0,69,0,1
9145,P2,41000,68000,37000,40000,82,0,1
9146,Stalemate,16000,47000,8000,39000,112,1,1
9147,P2,27000,64000,27000,40000,70,0,0
9148,Stalemate,28000,16000,16000,12000,112,1,0
9149,Stalemate,42000,34000,30000,30000,112,1,1
9150,P2,35000,56000,23000,40000,78,0,0
9151,P2,28000,60000,20000,40000,38,0,0
9152,P1,64000,13000,40000,9000,65,0,1
9153,P1,60000,40000,40000,36000,89,0,0
9154,Stalemate,42000,42000,38000,30000,112,1,1
9155,P1,64000,30000,40000,22000,93,0,0
9156,Stalemate,42000,33000,30000,29000,112,1,0
9157,P2,16000,64000,8000,40000,78,0,1
9158,P1,60000,12000,40000,12000,29,0,1
9159,Stalemate,46000,27000,38000,19000,112,1,0
9160,Stalemate,20000,35000,12000,27000,112,1,0
9161,Stalemate,31000,37000,23000,29000,112,1,0
9162,P1,64000,47000,40000,39000,95,0,0
9163,Stalemate,36000,37000,28000,29000,112,1,0
9164,Stalemate,26000,40000,18000,32000,112,1,0
9165,Stalemate,41000,51000,37000,39000,112,1,1
9166,P1,68000,25000,40000,21000,65,0,0
9167,P2,27000,64000,19000,40000,92,0,1
9168,P2,38000,64000,30000,40000,88,0,0
9169,Stalemate,45000,26000,37000,18000,112,1,0
9170,Stalemate,27000,4000,15000,0,112,1,1
9171,Stalemate,46000,41000,38000,33000,112,1,0
9172,P1,76000,4000,40000,0,31,0,1
9173,P2,43000,64000,39000,40000,74,0,0
9174,P2,18000,56000,18000,40000,56,0,1
9175,Stalemate,29000,50000,25000,38000,112,1,1
9176,Stalemate,50000,27000,38000,23000,112,1,0
9177,P2,23000,64000,19000,40000,56,0,0
9178,P2,29000,68000,25000,40000,92,0,1
9179,P2,6000,60000,2000,40000,38,0,0
9180,Stalemate,25000,36000,13000,32000,112,1,1
9181,Stalemate,28000,44000,20000,36000,112,1,0
9182,Stalemate,43000,11000,35000,3000,112,1,0
9183,P1,64000,14000,40000,10000,53,0,0
9184,Stalemate,32000,40000,28000,28000,112,1,0
9185,P1,64000,43000,40000,35000,91,0,0
9186,Stalemate,36000,41000,28000,33000,112,1,1
9187,Stalemate,42000,36000,38000,24000,112,1,0
9188,Stalemate,27000,31000,23000,19000,112,1,0
9189,P1,96000,23000,40000,23000,77,0,1
9190,Stalemate,42000,51000,38000,39000,112,1,0
9191,P1,56000,23000,40000,23000,29,0,0
9192,P1,64000,21000,40000,21000,73,0,1
9193,Stalemate,10000,30000,2000,22000,112,1,1
9194,P1,68000,31000,40000,27000,73,0,0
9195,Stalemate,34000,47000,26000,39000,112,1,1
9196,P2,21000,84000,21000,40000,76,0,0
9197,P2,18000,60000,6000,40000,92,0,0
9198,P1,64000,30000,40000,30000,67,0,0
9199,Stalemate,14000,49000,10000,37000,112,1,1
9200,Stalemate,36000,10000,24000,6000,112,1,0
9201,Stalemate,21000,47000,13000,39000,112,1,0
9202,P1,76000,37000,40000,33000,65,0,0
9203,P1,64000,38000,40000,30000,89,0,0
9204,Stalemate,25000,44000,17000,36000,112,1,0
9205,P2,33000,76000,25000,40000,72,0,0
9206,Stalemate,44000,28000,36000,20000,112,1,0
9207,P2,22000,84000,22000,40000,76,0,0
9208,P2,46000,60000,38000,40000,62,0,0
9209,P2,8000,64000,4000,40000,62,0,0
9210,P2,18000,64000,14000,40000,64,0,1
9211,P2,6000,68000,6000,40000,68,0,1
9212,P1,64000,28000,40000,24000,73,0,1
9213,P2,30000,68000,26000,40000,96,0,0
9214,Stalemate,24000,4000,12000,0,112,1,1
9215,Stalemate,41000,49000,37000,37000,112,1,0
9216,P1,76000,39000,40000,35000,95,0,0
9217,P1,64000,28000,40000,28000,75,0,1
9218,P1,64000,13000,40000,5000,83,0,0
9219,Stalemate,17000,51000,13000,39000,112,1,1
9220,P1,60000,38000,40000,26000,97,0,0
9221,Stalemate,43000,8000,35000,0,112,1,0
9222,Stalemate,16000,42000,12000,30000,112,1,1
9223,Stalemate,50000,29000,38000,25000,112,1,0
9224,P1,64000,36000,40000,32000,67,0,0
9225,P1,68000,24000,40000,24000,47,0,0
9226,P1,76000,22000,40000,22000,67,0,0
9227,Stalemate,45000,17000,37000,9000,112,1,0
9228,P1,60000,19000,40000,7000,79,0,0
9229,Stalemate,43000,47000,35000,39000,112,1,1
9230,Stalemate,43000,36000,39000,24000,112,1,0
9231,P1,64000,13000,40000,5000,95,0,0
9232,P2,14000,68000,14000,40000,76,0,0
9233,Stalemate,47000,27000,35000,23000,112,1,0
9234,Stalemate,36000,45000,28000,37000,112,1,0
9235,Stalemate,7000,49000,3000,37000,112,1,0
9236,Stalemate,30000,32000,22000,24000,112,1,1
9237,Stalemate,67000,24000,39000,24000,112,1,0
9238,Stalemate,37000,37000,37000,9000,112,1,0
9239,Stalemate,48000,32000,36000,28000,112,1,0
9240,P1,64000,20000,40000,16000,55,0,1
9241,Stalemate,37000,35000,29000,27000,112,1,0
9242,Stalemate,20000,45000,12000,37000,112,1,0
9243,Stalemate,41000,27000,33000,19000,112,1,0
9244,P1,64000,17000,40000,13000,49,0,1
9245,Stalemate,24000,67000,24000,39000,112,1,0
9246,Stalemate,33000,35000,21000,31000,112,1,1
9247,Stalemate,42000,40000,34000,32000,112,1,0
9248,P2,13000,64000,5000,40000,92,0,1
9249,Stalemate,43000,41000,39000,29000,112,1,1
9250,Stalemate,6000,29000,2000,17000,112,1,0
9251,P1,104000,0,40000,0,99,0,1
9252,P2,18000,68000,14000,40000,52,0,0
9253,P1,64000,17000,40000,13000,61,0,1
9254,P1,68000,20000,40000,16000,61,0,1
9255,P1,60000,9000,40000,1000,37,0,0
9256,Stalemate,34000,44000,26000,36000,112,1,0
9257,P2,7000,60000,7000,40000,66,0,0
9258,P1,68000,13000,40000,9000,95,0,1
9259,P2,14000,68000,10000,40000,94,0,0
9260,P1,60000,17000,40000,13000,77,0,1
9261,Stalemate,21000,23000,9000,19000,112,1,0
9262,Stalemate,32000,42000,24000,34000,112,1,0
9263,P1,64000,18000,40000,10000,89,0,0
9264,P2,31000,80000,27000,40000,84,0,1
9265,Stalemate,44000,28000,32000,24000,112,1,1
9266,P1,72000,22000,40000,14000,51,0,0
9267,P2,8000,84000,0,40000,90,0,1
9268,Stalemate,42000,43000,30000,39000,112,1,0
9269,Stalemate,47000,37000,39000,29000,112,1,1
9270,Stalemate,29000,43000,17000,39000,112,1,0
9271,P2,26000,64000,22000,40000,74,0,0
9272,Stalemate,18000,34000,18000,6000,112,1,0
9273,P1,60000,17000,40000,9000,47,0,1
9274,Stalemate,34000,26000,26000,18000,112,1,1
9275,Stalemate,41000,47000,33000,39000,112,1,0
9276,P2,17000,80000,13000,40000,88,0,1
9277,Stalemate,57000,26000,29000,26000,112,1,1
9278,P1,68000,41000,40000,37000,85,0,1
9279,Stalemate,22000,36000,10000,32000,112,1,0
9280,P2,14000,64000,10000,40000,90,0,1
9281,P1,96000,26000,40000,26000,87,0,1
9282,P2,6000,80000,6000,40000,48,0,1
9283,Stalemate,21000,50000,17000,38000,112,1,0
9284,Stalemate,43000,45000,35000,37000,112,1,1
9285,P2,37000,60000,29000,40000,30,0,0
9286,P1,68000,34000,40000,34000,75,0,0
9287,P2,13000,60000,9000,40000,52,0,1
9288,P1,76000,27000,40000,19000,65,0,0
9289,Stalemate,42000,37000,34000,29000,112,1,1
9290,Stalemate,44000,4000,32000,0,112,1,0
9291,Stalemate,36000,15000,24000,11000,112,1,0
9292,P1,64000,21000,40000,17000,49,0,1
9293,P2,23000,64000,15000,40000,98,0,0
9294,P1,64000,9000,40000,1000,99,0,0
9295,Stalemate,18000,51000,14000,39000,112,1,0
9296,P2,14000,68000,10000,40000,94,0,0
9297,Stalemate,45000,46000,37000,38000,112,1,0
9298,Stalemate,47000,36000,39000,28000,112,1,0
9299,P1,68000,16000,40000,12000,93,0,0
9300,P1,64000,43000,40000,35000,99,0,0
9301,Stalemate,20000,47000,12000,39000,112,1,0
9302,Stalemate,25000,41000,17000,33000,112,1,1
9303,P2,37000,60000,29000,40000,84,0,0
9304,P2,12000,84000,12000,40000,76,0,0
9305,Stalemate,47000,35000,39000,27000,112,1,0
9306,Stalemate,28000,58000,28000,30000,112,1,1
9307,P1,68000,40000,40000,36000,95,0,1
9308,P2,35000,68000,31000,40000,88,0,0
9309,P2,26000,72000,14000,40000,92,0,0
9310,Stalemate,31000,36000,27000,24000,112,1,0
9311,Stalemate,14000,38000,6000,30000,112,1,0
9312,P1,68000,22000,40000,18000,65,0,1
9313,P1,64000,42000,40000,38000,77,0,0
9314,P2,22000,80000,18000,40000,68,0,0
9315,Stalemate,19000,49000,15000,37000,112,1,1
9316,Stalemate,42000,40000,34000,32000,112,1,0
9317,Stalemate,21000,42000,21000,14000,112,1,1
9318,P2,4000,88000,0,40000,78,0,1
9319,Stalemate,18000,67000,18000,39000,112,1,0
9320,P1,68000,11000,40000,7000,77,0,1
9321,P1,60000,61000,40000,37000,96,0,0
9322,P1,84000,14000,40000,14000,43,0,0
9323,Stalemate,36000,8000,28000,0,112,1,0
9324,P1,68000,17000,40000,13000,89,0,1
9325,Stalemate,51000,16000,39000,12000,112,1,0
9326,Stalemate,18000,36000,14000,24000,112,1,1
9327,P1,64000,29000,40000,25000,83,0,0
9328,Stalemate,43000,27000,15000,27000,112,1,1
9329,Stalemate,22000,38000,18000,26000,112,1,1
9330,P2,44000,60000,32000,40000,96,0,0
9331,Stalemate,43000,44000,39000,32000,112,1,0
9332,Stalemate,38000,6000,26000,2000,112,1,0
9333,Stalemate,30000,33000,18000,29000,112,1,0
9334,Stalemate,43000,38000,39000,26000,112,1,1
9335,P1,84000,18000,40000,18000,97,0,1
9336,P1,64000,34000,40000,26000,91,0,1
9337,Stalemate,21000,40000,13000,32000,112,1,1
9338,Stalemate,47000,44000,39000,36000,112,1,1
9339,Stalemate,45000,36000,33000,32000,112,1,0
9340,Stalemate,45000,30000,37000,22000,112,1,0
9341,Stalemate,12000,14000,8000,2000,112,1,0
9342,Stalemate,9000,50000,5000,38000,112,1,0
9343,P2,10000,64000,6000,40000,46,0,1
9344,Stalemate,28000,51000,24000,39000,112,1,0
9345,Stalemate,51000,16000,39000,12000,112,1,0
9346,P1,64000,34000,40000,34000,93,0,0
9347,Stalemate,27000,27000,23000,15000,112,1,1
9348,Stalemate,43000,43000,35000,35000,112,1,1
9349,Stalemate,43000,34000,31000,30000,112,1,1
9350,P1,60000,34000,40000,22000,83,0,0
9351,P2,0,84000,0,40000,76,0,1
9352,Stalemate,43000,19000,39000,7000,112,1,0
9353,Stalemate,33000,42000,29000,30000,112,1,0
9354,Stalemate,32000,27000,24000,19000,112,1,1
9355,P1,76000,37000,40000,29000,91,0,1
9356,Stalemate,40000,47000,32000,39000,112,1,0
9357,P2,40000,68000,36000,40000,78,0,1
9358,Stalemate,34000,42000,30000,30000,112,1,1
9359,P1,56000,49000,40000,37000,65,0,0
9360,P2,32000,64000,24000,40000,84,0,0
9361,Stalemate,27000,38000,23000,26000,112,1,1
9362,P2,29000,76000,21000,40000,96,0,1
9363,P2,27000,64000,19000,40000,60,0,0
9364,Stalemate,47000,47000,39000,39000,112,1,0
9365,Stalemate,44000,47000,36000,39000,112,1,1
9366,Stalemate,37000,32000,25000,28000,112,1,0
9367,P2,39000,84000,39000,40000,96,0,0
9368,Stalemate,40000,29000,36000,17000,112,1,0
9369,P1,68000,32000,40000,32000,81,0,0
9370,Stalemate,41000,18000,37000,6000,112,1,0
9371,Stalemate,27000,45000,19000,37000,112,1,0
9372,P2,45000,60000,33000,40000,90,0,0
9373,Stalemate,17000,51000,13000,39000,112,1,1
9374,Stalemate,56000,32000,28000,32000,112,1,0
9375,Stalemate,40000,19000,32000,11000,112,1,0
9376,P1,60000,41000,40000,33000,81,0,0
9377,Stalemate,46000,47000,38000,39000,112,1,0
9378,Stalemate,18000,9000,10000,1000,112,1,0
9379,Stalemate,51000,30000,39000,26000,112,1,0
9380,Stalemate,31000,42000,19000,38000,112,1,0
9381,P1,56000,30000,40000,18000,39,0,0
9382,Stalemate,42000,30000,30000,26000,112,1,0
9383,P1,60000,15000,40000,7000,85,0,0
9384,P1,64000,34000,40000,30000,95,0,0
9385,Stalemate,18000,46000,14000,34000,112,1,0
9386,P2,21000,64000,17000,40000,74,0,1
9387,P2,37000,64000,33000,40000,90,0,1
9388,Stalemate,40000,10000,12000,10000,112,1,0
9389,P2,34000,64000,30000,40000,94,0,0
9390,Stalemate,11000,13000,3000,5000,112,1,1
9391,Stalemate,40000,18000,32000,10000,112,1,0
9392,Stalemate,24000,26000,20000,14000,112,1,0
9393,Stalemate,46000,36000,38000,28000,112,1,0
9394,Stalemate,28000,18000,20000,10000,112,1,0
9395,P1,64000,32000,40000,28000,61,0,0
9396,Stalemate,7000,46000,3000,34000,112,1,0
9397,Stalemate,41000,30000,29000,26000,112,1,0
9398,Stalemate,5000,51000,5000,23000,112,1,0
9399,Stalemate,30000,43000,22000,35000,112,1,0
9400,Stalemate,43000,37000,39000,25000,112,1,0
9401,Stalemate,7000,51000,3000,39000,112,1,0
9402,P2,24000,64000,24000,40000,78,0,1
9403,Stalemate,36000,18000,28000,10000,112,1,0
9404,P1,64000,28000,40000,20000,71,0,0
9405,Stalemate,30000,51000,26000,39000,112,1,0
9406,P1,68000,17000,40000,13000,91,0,0
9407,P2,29000,64000,21000,40000,96,0,0
9408,P2,16000,60000,12000,40000,58,0,1
9409,Stalemate,47000,35000,35000,31000,112,1,1
9410,P1,64000,24000,40000,20000,97,0,0
9411,Stalemate,45000,13000,37000,5000,112,1,0
9412,Stalemate,18000,31000,6000,27000,112,1,0
9413,Stalemate,22000,47000,14000,39000,112,1,0
9414,P2,33000,60000,25000,40000,82,0,1
9415,Stalemate,39000,46000,35000,34000,112,1,1
9416,Stalemate,23000,42000,19000,30000,112,1,0
9417,Stalemate,47000,28000,39000,20000,112,1,0
9418,Stalemate,27000,8000,19000,0,112,1,1
9419,P1,64000,20000,40000,12000,99,0,0
9420,P1,64000,16000,40000,16000,71,0,1
9421,P1,60000,41000,40000,33000,79,0,0
9422,P2,17000,64000,9000,40000,84,0,1
9423,Stalemate,43000,43000,31000,39000,112,1,0
9424,Stalemate,39000,51000,35000,39000,112,1,0
9425,Stalemate,23000,15000,15000,7000,112,1,0
9426,P2,36000,64000,28000,40000,94,0,0
9427,P2,37000,68000,37000,40000,68,0,0
9428,P1,64000,42000,40000,38000,61,0,0
9429,P1,64000,35000,40000,27000,73,0,0
9430,P1,76000,45000,40000,37000,99,0,0
9431,Stalemate,24000,32000,16000,24000,112,1,0
9432,Stalemate,30000,26000,22000,18000,112,1,1
9433,P1,60000,30000,40000,30000,35,0,0
9434,Stalemate,24000,51000,20000,39000,112,1,0
9435,Stalemate,46000,40000,38000,32000,112,1,0
9436,P2,33000,60000,25000,40000,64,0,0
9437,P2,42000,64000,34000,40000,96,0,0
9438,P1,64000,37000,40000,29000,97,0,0
9439,P1,76000,15000,40000,11000,71,0,0
9440,Stalemate,46000,42000,34000,38000,112,1,0
9441,P2,34000,60000,30000,40000,70,0,0
9442,P2,13000,84000,13000,40000,98,0,0
9443,Stalemate,31000,45000,23000,37000,112,1,0
9444,P1,64000,26000,40000,22000,83,0,0
9445,P1,56000,19000,40000,11000,47,0,0
9446,Stalemate,39000,66000,39000,38000,112,1,0
9447,Stalemate,15000,45000,11000,33000,112,1,0
9448,Stalemate,47000,39000,39000,31000,112,1,0
9449,Stalemate,39000,41000,35000,29000,112,1,0
9450,P2,20000,60000,20000,40000,44,0,1
9451,P2,8000,64000,4000,40000,48,0,0
9452,P1,64000,15000,40000,7000,59,0,0
9453,P1,60000,50000,40000,38000,93,0,0
9454,P2,47000,64000,39000,40000,84,0,0
9455,P1,64000,47000,40000,39000,93,0,0
9456,Stalemate,14000,47000,6000,39000,112,1,0
9457,Stalemate,28000,57000,28000,29000,112,1,1
9458,Stalemate,32000,29000,20000,25000,112,1,0
9459,Stalemate,29000,48000,25000,36000,112,1,1
9460,P1,64000,12000,40000,8000,93,0,1
9461,P2,27000,64000,23000,40000,76,0,0
9462,Stalemate,38000,28000,26000,24000,112,1,1
9463,P1,60000,17000,40000,17000,49,0,0
9464,P1,60000,3000,40000,3000,47,0,0
9465,Stalemate,47000,22000,39000,14000,112,1,1
9466,P1,60000,7000,40000,3000,49,0,1
9467,P2,31000,64000,27000,40000,72,0,0
9468,Stalemate,43000,50000,39000,38000,112,1,0
9469,Stalemate,13000,40000,5000,32000,112,1,0
9470,Stalemate,17000,48000,13000,36000,112,1,1
9471,P1,60000,19000,40000,15000,67,0,0
9472,P2,42000,68000,38000,40000,96,0,0
9473,P1,60000,16000,40000,16000,47,0,1
9474,Stalemate,36000,16000,32000,4000,112,1,0
9475,Stalemate,46000,25000,34000,21000,112,1,1
9476,P2,40000,68000,36000,40000,96,0,1
9477,Stalemate,19000,42000,11000,34000,112,1,0
9478,P1,64000,22000,40000,18000,69,0,0
9479,P1,76000,44000,40000,36000,91,0,0
9480,P1,60000,27000,40000,19000,93,0,0
9481,Stalemate,44000,13000,32000,9000,112,1,0
9482,Stalemate,30000,22000,26000,10000,112,1,1
9483,Stalemate,34000,27000,26000,19000,112,1,1
9484,P1,60000,12000,40000,4000,85,0,0
9485,P2,12000,60000,12000,40000,64,0,0
9486,Stalemate,24000,32000,20000,20000,112,1,0
9487,P1,80000,13000,40000,13000,57,0,1
9488,Stalemate,49000,33000,21000,33000,112,1,1
9489,Stalemate,47000,30000,39000,22000,112,1,0
9490,P1,60000,20000,40000,16000,33,0,1
9491,Stalemate,32000,44000,24000,36000,112,1,0
9492,P1,64000,25000,40000,21000,53,0,0
9493,P1,68000,16000,40000,12000,59,0,0
9494,Stalemate,31000,42000,23000,34000,112,1,0
9495,P2,12000,64000,12000,40000,58,0,1
9496,Stalemate,30000,44000,22000,36000,112,1,1
9497,Stalemate,27000,29000,23000,17000,112,1,0
9498,Stalemate,28000,57000,28000,29000,112,1,1
9499,P2,33000,64000,25000,40000,74,0,0
9500,Stalemate,31000,39000,23000,31000,112,1,0
9501,Stalemate,42000,47000,34000,39000,112,1,0
9502,Stalemate,30000,37000,22000,29000,112,1,1
9503,Stalemate,44000,31000,32000,27000,112,1,1
9504,Stalemate,25000,46000,21000,34000,112,1,0
9505,P1,64000,22000,40000,14000,87,0,1
9506,P2,12000,64000,8000,40000,80,0,1
9507,Stalemate,45000,38000,37000,30000,112,1,1
9508,Stalemate,37000,43000,33000,31000,112,1,0
9509,P2,22000,68000,22000,40000,82,0,0
9510,Stalemate,41000,28000,29000,24000,112,1,1
9511,Stalemate,63000,8000,35000,8000,112,1,0
9512,Stalemate,35000,35000,27000,27000,112,1,0
9513,Stalemate,61000,9000,33000,9000,112,1,0
9514,P1,60000,31000,40000,23000,53,0,0
9515,Stalemate,29000,11000,21000,3000,112,1,0
9516,Stalemate,51000,20000,39000,16000,112,1,0
9517,P1,68000,24000,40000,20000,69,0,0
9518,P2,21000,80000,21000,40000,85,0,0
9519,Stalemate,20000,39000,12000,31000,112,1,0
9520,Stalemate,47000,43000,35000,39000,112,1,1
9521,P2,35000,72000,23000,40000,100,0,0
9522,P1,64000,10000,40000,10000,47,0,0
9523,P2,34000,76000,26000,40000,100,0,0
9524,P1,60000,44000,40000,36000,79,0,0
9525,P1,68000,15000,40000,11000,81,0,0
9526,Stalemate,47000,47000,39000,39000,112,1,0
9527,P1,68000,39000,40000,35000,87,0,0
9528,P1,68000,10000,40000,6000,63,0,0
9529,P1,60000,49000,40000,37000,91,0,0
9530,P2,5000,68000,1000,40000,84,0,0
9531,Stalemate,33000,8000,21000,4000,112,1,0
9532,P2,31000,68000,27000,40000,90,0,0
9533,P1,60000,20000,40000,12000,79,0,0
9534,Stalemate,36000,15000,32000,3000,112,1,0
9535,Stalemate,13000,47000,5000,39000,112,1,0
9536,P2,24000,68000,24000,40000,58,0,1
9537,P2,32000,96000,32000,40000,78,0,1
9538,Stalemate,47000,32000,39000,24000,112,1,0
9539,Stalemate,11000,8000,3000,0,112,1,1
9540,P1,64000,41000,40000,33000,91,0,0
9541,Stalemate,38000,16000,26000,12000,112,1,0
9542,P2,51000,60000,39000,40000,96,0,0
9543,Stalemate,24000,43000,12000,39000,112,1,0
9544,Stalemate,19000,39000,15000,27000,112,1,0
9545,P2,3000,68000,3000,40000,50,0,0
9546,P1,84000,14000,40000,14000,79,0,0
9547,Stalemate,51000,16000,39000,12000,112,1,1
9548,Stalemate,40000,51000,36000,39000,112,1,0
9549,P1,64000,11000,40000,7000,73,0,1
9550,P2,43000,76000,39000,40000,78,0,0
9551,Stalemate,8000,51000,4000,39000,112,1,0
9552,P1,84000,4000,40000,0,51,0,0
9553,P2,31000,68000,31000,40000,72,0,0
9554,P2,34000,60000,22000,40000,72,0,0
9555,Stalemate,44000,30000,36000,22000,112,1,1
9556,Stalemate,47000,24000,39000,16000,112,1,0
9557,Stalemate,49000,24000,37000,20000,112,1,1
9558,P1,84000,21000,40000,21000,91,0,1
9559,P2,29000,60000,25000,40000,48,0,0
9560,P2,4000,88000,0,40000,88,0,0
9561,Stalemate,40000,15000,36000,3000,112,1,0
9562,Stalemate,17000,47000,9000,39000,112,1,0
9563,Stalemate,27000,40000,19000,32000,112,1,0
9564,P1,60000,27000,40000,23000,39,0,0
9565,P1,68000,11000,40000,11000,85,0,0
9566,P2,35000,88000,27000,40000,97,0,0
9567,Stalemate,39000,47000,35000,35000,112,1,0
9568,Stalemate,46000,27000,34000,23000,112,1,0
9569,P1,60000,23000,40000,19000,45,0,0
9570,P2,23000,56000,11000,40000,56,0,0
9571,Stalemate,51000,9000,39000,5000,112,1,0
9572,Stalemate,51000,34000,39000,30000,112,1,0
9573,Stalemate,25000,56000,25000,28000,112,1,0
9574,P1,60000,36000,40000,28000,45,0,0
9575,P2,33000,68000,29000,40000,92,0,0
9576,Stalemate,39000,50000,35000,38000,112,1,0
9577,P2,11000,64000,7000,40000,76,0,1
9578,Stalemate,36000,48000,36000,20000,112,1,0
9579,P1,68000,7000,40000,7000,79,0,0
9580,Stalemate,22000,45000,14000,37000,112,1,1
9581,P1,64000,30000,40000,26000,89,0,0
9582,Stalemate,48000,25000,36000,21000,112,1,0
9583,Stalemate,49000,4000,37000,0,112,1,1
9584,P2,24000,72000,20000,40000,66,0,1
9585,Stalemate,61000,34000,33000,34000,112,1,1
9586,P1,68000,39000,40000,35000,91,0,1
9587,P1,76000,39000,40000,31000,97,0,0
9588,P2,20000,80000,16000,40000,92,0,0
9589,Stalemate,38000,34000,30000,26000,112,1,0
9590,Stalemate,32000,50000,28000,38000,112,1,0
9591,Stalemate,37000,18000,25000,14000,112,1,1
9592,P1,60000,27000,40000,19000,71,0,0
9593,Stalemate,36000,48000,32000,36000,112,1,0
9594,Stalemate,41000,17000,33000,9000,112,1,0
9595,Stalemate,41000,18000,33000,10000,112,1,1
9596,P1,64000,12000,40000,8000,71,0,1
9597,Stalemate,44000,9000,32000,5000,112,1,0
9598,P1,68000,12000,40000,12000,55,0,1
9599,Stalemate,60000,29000,32000,29000,112,1,1
9600,P1,64000,28000,40000,20000,79,0,0
9601,P2,19000,64000,19000,40000,50,0,1
9602,Stalemate,39000,22000,31000,14000,112,1,0
9603,Stalemate,39000,36000,27000,32000,112,1,0
9604,Stalemate,42000,47000,34000,39000,112,1,0
9605,Stalemate,4000,33000,0,21000,112,1,1
9606,P1,68000,11000,40000,7000,63,0,1
9607,P1,64000,33000,40000,29000,75,0,0
9608,P1,68000,21000,40000,17000,75,0,0
9609,Stalemate,32000,28000,24000,20000,112,1,0
9610,P1,60000,32000,40000,28000,73,0,0
9611,Stalemate,3000,57000,3000,29000,112,1,1
9612,Stalemate,43000,50000,39000,38000,112,1,0
9613,Stalemate,31000,43000,19000,39000,112,1,1
9614,Stalemate,19000,8000,7000,4000,112,1,1
9615,Stalemate,38000,43000,34000,31000,112,1,0
9616,P2,40000,68000,36000,40000,82,0,0
9617,P1,64000,32000,40000,24000,95,0,0
9618,P1,60000,6000,40000,2000,37,0,1
9619,Stalemate,8000,61000,8000,33000,112,1,1
9620,Stalemate,28000,47000,20000,39000,112,1,0
9621,P2,18000,64000,18000,40000,80,0,0
9622,P2,14000,60000,6000,40000,68,0,0
9623,Stalemate,46000,33000,38000,25000,112,1,0
9624,P2,18000,64000,10000,40000,96,0,0
9625,Stalemate,30000,36000,22000,28000,112,1,0
9626,P1,60000,19000,40000,7000,85,0,0
9627,Stalemate,37000,47000,29000,39000,112,1,0
9628,Stalemate,28000,28000,20000,20000,112,1,0
9629,Stalemate,33000,57000,29000,33000,111,1,0
9630,P2,11000,64000,11000,40000,56,0,0
9631,Stalemate,10000,63000,10000,35000,112,1,0
9632,Stalemate,41000,4000,29000,0,112,1,1
9633,P2,8000,68000,4000,40000,88,0,0
9634,P2,36000,60000,28000,40000,88,0,0
9635,Stalemate,51000,43000,39000,39000,112,1,0
9636,Stalemate,51000,20000,39000,16000,112,1,1
9637,Stalemate,4000,39000,4000,11000,112,1,1
9638,Stalemate,24000,64000,24000,36000,112,1,1
9639,Stalemate,50000,22000,38000,18000,112,1,0
9640,Stalemate,47000,32000,39000,24000,112,1,0
9641,Stalemate,39000,27000,35000,15000,112,1,0
9642,P1,84000,11000,40000,11000,69,0,1
9643,P1,60000,30000,40000,26000,35,0,0
9644,Stalemate,33000,26000,25000,18000,112,1,1
9645,Stalemate,43000,12000,35000,4000,112,1,0
9646,Stalemate,31000,45000,27000,33000,112,1,0
9647,Stalemate,27000,46000,23000,34000,112,1,1
9648,P2,34000,64000,30000,40000,94,0,1
9649,P1,84000,1000,40000,1000,87,0,0
9650,P1,76000,26000,40000,18000,91,0,0
9651,Stalemate,48000,11000,36000,7000,112,1,0
9652,Stalemate,43000,22000,35000,14000,112,1,0
9653,Stalemate,24000,43000,16000,35000,112,1,0
9654,Stalemate,40000,21000,28000,17000,112,1,0
9655,P2,0,88000,0,40000,80,0,0
9656,P1,56000,29000,40000,25000,65,0,0
9657,Stalemate,41000,30000,33000,22000,112,1,1
9658,Stalemate,36000,45000,28000,37000,112,1,0
9659,Stalemate,18000,55000,18000,27000,112,1,0
9660,P2,16000,68000,12000,40000,90,0,0
9661,P2,20000,68000,20000,40000,50,0,1
9662,P1,64000,16000,40000,8000,63,0,0
9663,P1,96000,13000,40000,13000,79,0,1
9664,P1,60000,43000,40000,39000,67,0,0
9665,Stalemate,25000,47000,17000,39000,112,1,0
9666,P1,64000,34000,40000,26000,49,0,1
9667,P2,11000,64000,7000,40000,56,0,0
9668,Stalemate,24000,38000,16000,30000,112,1,0
9669,P1,64000,39000,40000,31000,65,0,0
9670,Stalemate,12000,20000,4000,12000,112,1,0
9671,Stalemate,18000,66000,18000,38000,112,1,0
9672,Stalemate,60000,37000,32000,37000,112,1,1
9673,P2,24000,64000,20000,40000,78,0,0
9674,P1,80000,17000,40000,13000,69,0,0
9675,Stalemate,57000,27000,29000,27000,112,1,0
9676,Stalemate,21000,32000,13000,24000,112,1,0
9677,Stalemate,43000,25000,31000,21000,112,1,0
9678,Stalemate,26000,47000,18000,39000,112,1,1
9679,P2,19000,64000,11000,40000,90,0,1
9680,P2,32000,60000,28000,40000,72,0,1
9681,Stalemate,22000,49000,18000,37000,112,1,0
9682,Stalemate,46000,31000,38000,23000,112,1,0
9683,Stalemate,4000,49000,0,37000,112,1,1
9684,P1,60000,46000,40000,38000,87,0,0
9685,Stalemate,51000,28000,39000,24000,112,1,0
9686,P1,80000,33000,40000,29000,89,0,0
9687,P1,64000,23000,40000,15000,91,0,1
9688,P2,9000,80000,5000,40000,78,0,1
9689,P1,60000,31000,40000,19000,87,0,0
9690,Stalemate,43000,22000,39000,10000,112,1,1
9691,P2,29000,64000,21000,40000,98,0,0
9692,P2,37000,76000,33000,40000,74,0,0
9693,P2,4000,88000,0,40000,54,0,0
9694,Stalemate,43000,34000,35000,26000,112,1,0
9695,P2,40000,80000,36000,40000,100,0,0
9696,P2,20000,60000,8000,40000,80,0,0
9697,P2,19000,60000,7000,40000,86,0,0
9698,P1,72000,17000,40000,5000,53,0,0
9699,Stalemate,34000,26000,26000,18000,112,1,0
9700,P1,60000,40000,40000,32000,73,0,0
9701,P2,14000,96000,14000,40000,100,0,0
9702,P2,38000,64000,30000,40000,84,0,0
9703,Stalemate,20000,34000,12000,26000,112,1,1
9704,Stalemate,45000,46000,37000,38000,112,1,1
9705,P1,72000,17000,40000,13000,85,0,1
9706,P1,64000,33000,40000,33000,81,0,1
9707,P1,60000,25000,40000,21000,33,0,0
9708,Stalemate,28000,27000,16000,23000,112,1,0
9709,P2,43000,80000,39000,40000,90,0,0
9710,Stalemate,18000,67000,18000,39000,112,1,0
9711,P2,23000,68000,19000,40000,98,0,0
9712,Stalemate,19000,51000,15000,39000,112,1,0
9713,Stalemate,61000,32000,33000,32000,112,1,0
9714,P2,21000,60000,17000,40000,68,0,0
9715,Stalemate,64000,26000,36000,26000,112,1,0
9716,P2,34000,68000,30000,40000,76,0,0
9717,Stalemate,41000,11000,29000,7000,112,1,0
9718,Stalemate,47000,43000,39000,35000,112,1,1
9719,Stalemate,41000,34000,29000,30000,112,1,1
9720,P1,64000,46000,40000,38000,73,0,0
9721,P1,68000,43000,40000,39000,93,0,0
9722,Stalemate,24000,24000,16000,16000,112,1,0
9723,P2,16000,56000,8000,40000,48,0,0
9724,Stalemate,37000,47000,29000,39000,112,1,1
9725,Stalemate,14000,63000,14000,35000,112,1,1
9726,Stalemate,28000,67000,28000,39000,112,1,1
9727,P1,64000,33000,40000,25000,93,0,0
9728,P1,64000,31000,40000,31000,91,0,1
9729,Stalemate,22000,64000,22000,36000,112,1,0
9730,P1,68000,32000,40000,28000,97,0,0
9731,P2,5000,64000,1000,40000,58,0,1
9732,Stalemate,47000,27000,39000,19000,112,1,1
9733,P2,22000,68000,22000,40000,60,0,0
9734,Stalemate,42000,8000,34000,0,112,1,0
9735,P2,28000,60000,24000,40000,56,0,0
9736,Stalemate,41000,41000,33000,33000,112,1,0
9737,Stalemate,19000,50000,15000,38000,112,1,1
9738,P2,5000,84000,5000,40000,92,0,0
9739,Stalemate,41000,4000,13000,4000,112,1,0
9740,P1,64000,25000,40000,21000,83,0,1
9741,Stalemate,47000,18000,35000,14000,112,1,0
9742,P2,23000,60000,19000,40000,48,0,0
9743,P2,31000,72000,19000,40000,80,0,0
9744,P2,16000,64000,12000,40000,72,0,0
9745,P2,36000,64000,32000,40000,52,0,0
9746,Stalemate,20000,42000,12000,34000,112,1,1
9747,P1,68000,16000,40000,12000,71,0,0
9748,P2,47000,60000,39000,40000,84,0,0
9749,Stalemate,25000,30000,17000,22000,112,1,0
9750,Stalemate,7000,51000,3000,39000,112,1,0
9751,Stalemate,18000,34000,10000,26000,112,1,1
9752,Stalemate,47000,37000,39000,29000,112,1,1
9753,Stalemate,22000,37000,14000,29000,112,1,0
9754,Stalemate,38000,28000,30000,20000,112,1,0
9755,Stalemate,12000,38000,8000,26000,112,1,1
9756,P2,16000,84000,16000,40000,96,0,0
9757,Stalemate,38000,27000,30000,19000,112,1,0
9758,Stalemate,24000,33000,16000,25000,112,1,1
9759,Stalemate,46000,41000,38000,33000,112,1,0
9760,P1,60000,10000,40000,6000,67,0,1
9761,Stalemate,26000,43000,18000,35000,112,1,0
9762,P2,29000,72000,25000,40000,80,0,1
9763,Stalemate,12000,66000,12000,38000,112,1,0
9764,P2,13000,84000,13000,40000,86,0,1
9765,P1,88000,0,40000,0,77,0,1
9766,Stalemate,35000,18000,27000,10000,112,1,1
9767,P2,28000,64000,20000,40000,88,0,0
9768,Stalemate,19000,50000,15000,38000,112,1,0
9769,Stalemate,42000,17000,38000,5000,112,1,0
9770,Stalemate,37000,30000,29000,22000,112,1,0
9771,Stalemate,13000,47000,13000,19000,112,1,0
9772,P2,15000,68000,11000,40000,86,0,0
9773,P2,26000,64000,22000,40000,60,0,0
9774,Stalemate,39000,46000,31000,38000,112,1,1
9775,Stalemate,33000,29000,21000,25000,112,1,1
9776,Stalemate,51000,40000,39000,36000,112,1,1
9777,Stalemate,42000,28000,14000,28000,112,1,0
9778,Stalemate,15000,24000,11000,12000,112,1,1
9779,Stalemate,8000,66000,8000,38000,112,1,0
9780,P2,23000,60000,19000,40000,76,0,0
9781,P1,76000,30000,40000,22000,57,0,0
9782,P1,68000,17000,40000,17000,77,0,1
9783,Stalemate,12000,14000,4000,6000,112,1,1
9784,Stalemate,22000,40000,14000,32000,112,1,1
9785,P1,68000,27000,40000,23000,95,0,0
9786,Stalemate,32000,40000,24000,32000,112,1,1
9787,P1,64000,36000,40000,28000,71,0,0
9788,P1,76000,37000,40000,37000,71,0,0
9789,Stalemate,37000,28000,25000,24000,112,1,0
9790,P1,60000,45000,40000,33000,67,0,0
9791,P1,64000,46000,40000,38000,89,0,0
9792,Stalemate,44000,36000,36000,28000,112,1,0
9793,Stalemate,47000,16000,35000,12000,112,1,0
9794,Stalemate,47000,32000,39000,24000,112,1,0
9795,P2,25000,64000,21000,40000,94,0,0
9796,Stalemate,28000,13000,16000,9000,112,1,0
9797,P1,80000,35000,40000,31000,95,0,0
9798,Stalemate,31000,51000,27000,39000,112,1,0
9799,Stalemate,47000,20000,39000,12000,112,1,0
9800,Stalemate,43000,47000,35000,39000,112,1,0
9801,Stalemate,13000,21000,5000,13000,112,1,0
9802,Stalemate,35000,22000,23000,18000,112,1,1
9803,P2,25000,80000,21000,40000,100,0,0
9804,P2,18000,64000,14000,40000,74,0,1
9805,P2,34000,68000,30000,40000,78,0,0
9806,Stalemate,24000,25000,20000,13000,112,1,1
9807,Stalemate,41000,31000,29000,27000,112,1,0
9808,Stalemate,36000,42000,28000,34000,112,1,1
9809,Stalemate,15000,46000,7000,38000,112,1,1
9810,Stalemate,43000,47000,35000,39000,112,1,0
9811,Stalemate,63000,12000,35000,12000,112,1,0
9812,P2,40000,68000,36000,40000,98,0,0
9813,Stalemate,51000,28000,39000,24000,112,1,0
9814,Stalemate,51000,34000,39000,30000,112,1,0
9815,P2,18000,56000,6000,40000,80,0,0
9816,Stalemate,19000,26000,7000,22000,112,1,1
9817,Stalemate,31000,9000,23000,1000,112,1,0
9818,Stalemate,25000,10000,17000,2000,112,1,0
9819,Stalemate,23000,42000,19000,30000,112,1,1
9820,Stalemate,51000,28000,39000,24000,112,1,0
9821,Stalemate,18000,44000,14000,32000,112,1,0
9822,P1,64000,33000,40000,33000,75,0,0
9823,P2,33000,96000,33000,40000,100,0,0
9824,Stalemate,46000,21000,38000,13000,112,1,0
9825,P2,29000,64000,25000,40000,72,0,1
9826,Stalemate,28000,32000,20000,24000,112,1,1
9827,P2,32000,64000,24000,40000,82,0,1
9828,Stalemate,30000,35000,22000,27000,112,1,0
9829,Stalemate,24000,46000,16000,38000,112,1,1
9830,P2,44000,60000,32000,40000,94,0,0
9831,P2,36000,64000,32000,40000,94,0,0
9832,P1,64000,26000,40000,18000,95,0,0
9833,P1,60000,42000,40000,38000,77,0,1
9834,P2,21000,64000,13000,40000,76,0,0
9835,P1,84000,33000,40000,33000,95,0,0
9836,P2,22000,60000,18000,40000,64,0,1
9837,P2,26000,60000,14000,40000,96,0,0
9838,Stalemate,47000,34000,39000,26000,112,1,0
9839,P2,27000,56000,15000,40000,60,0,0
9840,P1,68000,43000,40000,39000,97,0,1
9841,P1,68000,41000,40000,37000,85,0,0
9842,P1,68000,33000,40000,29000,85,0,0
9843,P1,80000,2000,40000,2000,69,0,1
9844,P2,4000,84000,0,40000,58,0,0
9845,Stalemate,32000,27000,20000,23000,112,1,0
9846,P1,80000,17000,40000,17000,63,0,1
9847,Stalemate,21000,23000,9000,19000,112,1,0
9848,Stalemate,49000,35000,37000,31000,112,1,0
9849,P2,41000,60000,29000,40000,72,0,0
9850,Stalemate,25000,39000,21000,27000,112,1,0
9851,Stalemate,42000,19000,34000,11000,112,1,0
9852,P1,60000,7000,40000,3000,69,0,1
9853,Stalemate,33000,46000,25000,38000,112,1,1
9854,Stalemate,43000,21000,39000,9000,112,1,0
9855,Stalemate,32000,31000,20000,27000,112,1,1
9856,Stalemate,61000,37000,33000,37000,112,1,0
9857,P2,12000,64000,8000,40000,64,0,0
9858,P2,44000,64000,36000,40000,64,0,0
9859,Stalemate,16000,51000,12000,39000,112,1,1
9860,P2,3000,84000,3000,40000,86,0,1
9861,P1,76000,45000,40000,37000,89,0,0
9862,P1,68000,25000,40000,21000,81,0,0
9863,Stalemate,46000,47000,38000,39000,112,1,1
9864,Stalemate,17000,41000,13000,29000,112,1,0
9865,P1,60000,24000,40000,20000,59,0,0
9866,P1,68000,21000,40000,17000,89,0,1
9867,Stalemate,27000,41000,19000,33000,112,1,1
9868,Stalemate,45000,37000,33000,33000,112,1,1
9869,P1,60000,26000,40000,14000,79,0,0
9870,Stalemate,37000,42000,33000,30000,112,1,0
9871,P2,29000,64000,25000,40000,70,0,0
9872,P2,31000,60000,27000,40000,32,0,0
9873,Stalemate,40000,22000,32000,14000,112,1,0
9874,P1,64000,17000,40000,13000,89,0,0
9875,P1,88000,4000,40000,0,75,0,0
9876,P2,20000,76000,12000,40000,100,0,0
9877,Stalemate,50000,43000,38000,39000,112,1,0
9878,Stalemate,47000,40000,39000,32000,112,1,0
9879,Stalemate,38000,29000,10000,29000,112,1,0
9880,P2,4000,80000,0,40000,44,0,1
9881,P2,18000,92000,18000,40000,69,0,0
9882,P1,64000,43000,40000,39000,85,0,0
9883,P2,34000,68000,34000,40000,66,0,1
9884,P2,26000,96000,26000,40000,100,0,0
9885,P2,7000,64000,7000,40000,72,0,1
9886,Stalemate,45000,29000,37000,21000,112,1,0
9887,Stalemate,40000,46000,32000,38000,112,1,0
9888,P1,76000,21000,40000,13000,99,0,0
9889,P2,28000,84000,28000,40000,76,0,0
9890,Stalemate,19000,44000,11000,36000,112,1,1
9891,P1,68000,7000,40000,3000,81,0,1
9892,P2,29000,64000,25000,40000,64,0,0
9893,Stalemate,51000,33000,39000,29000,112,1,1
9894,Stalemate,47000,35000,39000,27000,112,1,1
9895,Stalemate,19000,28000,11000,20000,112,1,1
9896,Stalemate,16000,27000,4000,23000,112,1,0
9897,Stalemate,29000,42000,17000,38000,112,1,0
9898,Stalemate,34000,37000,26000,29000,112,1,0
9899,P1,60000,26000,40000,22000,63,0,1
9900,Stalemate,14000,39000,2000,35000,112,1,1
9901,Stalemate,50000,46000,38000,30000,111,1,0
9902,Stalemate,32000,45000,24000,37000,112,1,1
9903,Stalemate,36000,48000,32000,36000,112,1,0
9904,Stalemate,36000,20000,28000,12000,112,1,0
9905,Stalemate,47000,28000,39000,20000,112,1,0
9906,P1,68000,33000,40000,33000,79,0,0
9907,Stalemate,39000,47000,31000,39000,112,1,1
9908,P1,60000,23000,40000,15000,73,0,1
9909,Stalemate,41000,41000,29000,37000,112,1,0
9910,Stalemate,26000,67000,26000,39000,112,1,1
9911,Stalemate,50000,42000,38000,38000,112,1,1
9912,Stalemate,37000,12000,33000,0,112,1,0
9913,Stalemate,47000,9000,39000,1000,112,1,0
9914,Stalemate,48000,43000,36000,39000,112,1,0
9915,P2,20000,64000,12000,40000,80,0,0
9916,Stalemate,39000,45000,35000,33000,112,1,1
9917,Stalemate,17000,66000,17000,38000,112,1,1
9918,P1,68000,15000,40000,11000,49,0,1
9919,P2,14000,68000,10000,40000,84,0,1
9920,Stalemate,30000,33000,26000,21000,112,1,1
9921,Stalemate,34000,45000,30000,33000,112,1,0
9922,Stalemate,25000,8000,17000,0,112,1,0
9923,P1,64000,20000,40000,12000,93,0,0
9924,Stalemate,64000,15000,36000,15000,112,1,0
9925,P1,68000,33000,40000,33000,77,0,0
9926,P2,46000,60000,34000,40000,88,0,0
9927,P1,64000,23000,40000,15000,53,0,1
9928,P2,39000,72000,35000,40000,52,0,0
9929,Stalemate,21000,28000,13000,20000,112,1,1
9930,Stalemate,48000,32000,36000,28000,112,1,1
9931,Stalemate,43000,28000,35000,20000,112,1,1
9932,P1,64000,36000,40000,32000,97,0,0
9933,Stalemate,43000,13000,35000,5000,112,1,0
9934,Stalemate,51000,26000,39000,22000,112,1,1
9935,Stalemate,6000,12000,2000,0,112,1,1
9936,Stalemate,35000,43000,23000,39000,112,1,1
9937,Stalemate,35000,50000,31000,38000,112,1,0
9938,Stalemate,28000,46000,20000,38000,112,1,0
9939,Stalemate,41000,24000,33000,16000,112,1,0
9940,Stalemate,50000,43000,38000,39000,112,1,1
9941,P2,21000,60000,9000,40000,94,0,0
9942,P1,60000,14000,40000,14000,33,0,0
9943,Stalemate,16000,10000,8000,2000,112,1,1
9944,Stalemate,24000,51000,16000,31000,111,1,0
9945,Stalemate,14000,22000,2000,18000,112,1,1
9946,Stalemate,29000,47000,21000,39000,112,1,0
9947,Stalemate,25000,27000,13000,23000,112,1,0
9948,Stalemate,18000,31000,14000,19000,112,1,0
9949,Stalemate,29000,31000,25000,19000,112,1,0
9950,P1,68000,21000,40000,21000,83,0,0
9951,P2,32000,60000,28000,40000,58,0,0
9952,Stalemate,35000,37000,23000,33000,112,1,0
9953,Stalemate,50000,6000,38000,2000,112,1,1
9954,Stalemate,9000,46000,5000,34000,112,1,0
9955,Stalemate,47000,36000,39000,28000,112,1,0
9956,Stalemate,40000,40000,28000,36000,112,1,0
9957,Stalemate,41000,44000,37000,32000,112,1,0
9958,Stalemate,8000,66000,8000,38000,112,1,0
9959,P1,64000,23000,40000,15000,83,0,0
9960,Stalemate,51000,22000,39000,18000,112,1,0
9961,Stalemate,17000,42000,13000,30000,112,1,0
9962,P2,38000,76000,34000,40000,56,0,0
9963,P1,64000,9000,40000,5000,87,0,1
9964,Stalemate,47000,21000,39000,13000,112,1,0
9965,P1,64000,38000,40000,30000,99,0,0
9966,P2,39000,80000,39000,40000,92,0,0
9967,Stalemate,51000,20000,39000,16000,112,1,0
9968,P2,16000,72000,12000,40000,53,0,1
9969,Stalemate,40000,41000,28000,37000,112,1,0
9970,P1,68000,32000,40000,28000,99,0,0
9971,P1,68000,33000,40000,33000,83,0,0
9972,P2,12000,64000,8000,40000,62,0,1
9973,Stalemate,17000,42000,9000,34000,112,1,0
9974,Stalemate,47000,39000,39000,31000,112,1,0
9975,Stalemate,30000,21000,22000,13000,112,1,1
9976,P2,20000,68000,16000,40000,86,0,0
9977,Stalemate,41000,49000,37000,37000,112,1,1
9978,Stalemate,50000,42000,38000,38000,112,1,0
9979,P2,26000,68000,26000,40000,82,0,0
9980,P1,64000,8000,40000,4000,49,0,0
9981,P2,27000,60000,19000,40000,52,0,0
9982,P2,30000,88000,22000,40000,100,0,0
9983,Stalemate,36000,34000,24000,30000,112,1,0
9984,P2,22000,60000,18000,40000,80,0,1
9985,P1,60000,7000,40000,7000,33,0,1
9986,Stalemate,29000,45000,25000,33000,112,1,0
9987,P2,26000,60000,18000,40000,54,0,0
9988,Stalemate,20000,48000,16000,36000,112,1,1
9989,P1,68000,9000,40000,9000,75,0,0
9990,Stalemate,31000,23000,23000,15000,112,1,1
9991,Stalemate,25000,32000,21000,20000,112,1,0
9992,P1,64000,27000,40000,19000,71,0,0
9993,Stalemate,27000,38000,15000,34000,112,1,1
9994,P2,21000,68000,21000,40000,68,0,0
9995,P1,60000,16000,40000,16000,43,0,0
9996,P2,34000,64000,34000,40000,56,0,1
9997,Stalemate,41000,33000,29000,29000,112,1,1
9998,Stalemate,40000,43000,28000,39000,112,1,1
9999,Stalemate,4000,16000,0,4000,112,1,1
